{"type": "FeatureCollection", "features": [{"type": "Feature", "properties": {"featurecla": "Lake", "scalerank": 4, "name": "Nam Co", "name_abb": "Nam Co", "name_alt": null, "note": null, "delta": null, "dam_name": null, "year": -99, "admin": null, "min_zoom": 4, "min_label": 5, "label": "Nam Co", "wikidataid": "Q651294", "name_ar": "\u0646\u0627\u0645\u062a\u0633\u0648", "name_bn": "\u09a8\u09be\u09ae \u0995\u09cb", "name_de": "Nam Co", "name_en": "Namtso", "name_es": "Nam", "name_fr": "Namtso", "name_el": "\u039d\u03b1\u03bc \u039a\u03bf", "name_hi": "\u0928\u092e \u0924\u094d\u0938\u094b", "name_hu": "Nam Co", "name_id": "Nam Co", "name_it": "Namtso", "name_ja": "\u30ca\u30e0\u30c4\u30a9", "name_ko": "\ub0a8\ucd08\ud638", "name_nl": "Namtso", "name_pl": "Nam Co", "name_pt": "Lago Nam", "name_ru": "\u041d\u0430\u043c\u0446\u043e", "name_sv": "Namtso", "name_tr": "Namtso", "name_vi": "Namtso", "name_zh": "\u7eb3\u6728\u9519", "ne_id": 1159113637, "name_fa": "\u0646\u0627\u0645\u062a\u0633\u0648", "name_he": "\u05e0\u05d0\u05dd \u05d3\u05d9\u05df", "name_uk": "\u041d\u0430\u043c\u0446\u043e", "name_ur": "\u0646\u0627\u0645\u062a\u0633\u0648", "name_zht": "\u7d0d\u6728\u932f"}, "bbox": [90.271915, 30.50448, 91.03108, 30.936312], "geometry": {"type": "Polygon", "coordinates": [[[90.39437, 30.535093], [90.384068, 30.523319], [90.361107, 30.510956], [90.337558, 30.50448], [90.325489, 30.51125], [90.325489, 30.515665], [90.326667, 30.518609], [90.33226, 30.524202], [90.337558, 30.539803], [90.324606, 30.552167], [90.306944, 30.565119], [90.298113, 30.583075], [90.301646, 30.591906], [90.315775, 30.610451], [90.315186, 30.614277], [90.284867, 30.623403], [90.277508, 30.627818], [90.277802, 30.646363], [90.298702, 30.695522], [90.304295, 30.713478], [90.301057, 30.736438], [90.277508, 30.792368], [90.271915, 30.835639], [90.284867, 30.869785], [90.314598, 30.887447], [90.359635, 30.88156], [90.38083, 30.875084], [90.400552, 30.874201], [90.417331, 30.881266], [90.428222, 30.883326], [90.438525, 30.878028], [90.479736, 30.829163], [90.496809, 30.819449], [90.521241, 30.813856], [90.582763, 30.812679], [90.595127, 30.817094], [90.611611, 30.835934], [90.623386, 30.840055], [90.68167, 30.840055], [90.658121, 30.865664], [90.67019, 30.888036], [90.705513, 30.912174], [90.711401, 30.90923], [90.718465, 30.908347], [90.733184, 30.908936], [90.743486, 30.90717], [90.746724, 30.902754], [90.747313, 30.898044], [90.749962, 30.894806], [90.762914, 30.890685], [90.77881, 30.888036], [90.792056, 30.889802], [90.797944, 30.898339], [90.80442, 30.901577], [90.832679, 30.880383], [90.839449, 30.885092], [90.845336, 30.887447], [90.875361, 30.863309], [90.887136, 30.86066], [90.889491, 30.871257], [90.88066, 30.904815], [90.884192, 30.918944], [90.894789, 30.922477], [90.905975, 30.913646], [90.917455, 30.901282], [90.92923, 30.894806], [90.933057, 30.922182], [90.938944, 30.932191], [90.952779, 30.936312], [90.967792, 30.936017], [90.984276, 30.933368], [90.998111, 30.926303], [91.003704, 30.912174], [91.007531, 30.906581], [91.025487, 30.88627], [91.03108, 30.874201], [91.030491, 30.862132], [91.007531, 30.800315], [90.995168, 30.787952], [90.977506, 30.784714], [90.846219, 30.784714], [90.864176, 30.714361], [90.798827, 30.657843], [90.633394, 30.593083], [90.590711, 30.582486], [90.555388, 30.579248], [90.535076, 30.565119], [90.523008, 30.558643], [90.512116, 30.567768], [90.498575, 30.566296], [90.435287, 30.545691], [90.410855, 30.544807], [90.399375, 30.542158], [90.39437, 30.535093]]]}}, {"type": "Feature", "properties": {"featurecla": "Lake", "scalerank": 4, "name": "Siling Co", "name_abb": "Siling Co", "name_alt": null, "note": null, "delta": null, "dam_name": null, "year": -99, "admin": null, "min_zoom": 4, "min_label": 5, "label": "Siling Co", "wikidataid": "Q1404973", "name_ar": "\u0628\u062d\u064a\u0631\u0629 \u0633\u064a\u0644\u0646\u062c", "name_bn": "\u09b8\u09be\u0987\u09b2\u09bf\u0982 \u0995\u09cb", "name_de": "Serling Tsho", "name_en": "Siling", "name_es": "Siling", "name_fr": "Siling", "name_el": "\u03a3\u03af\u03bb\u03b9\u03bd\u03b3\u03ba \u039a\u03bf", "name_hi": "\u0938\u093f\u0932\u093f\u0902\u0917 \u0915\u094b", "name_hu": "Siling Co", "name_id": "Siling Co", "name_it": "Siling Co", "name_ja": "\u8272\u6797\u932f", "name_ko": "\uc2e4\ub9c1 \ucf54", "name_nl": "Serling Tso", "name_pl": "Jezioro Siling", "name_pt": "Siling", "name_ru": "\u0421\u0438\u043b\u0438\u043d\u0433-\u0426\u043e", "name_sv": "Siling Co", "name_tr": "Siling Co", "name_vi": "Siling", "name_zh": "\u8272\u6797\u9519", "ne_id": 1159114083, "name_fa": "\u0633\u06cc\u0644\u06cc\u0646\u06af \u06a9\u0648", "name_he": "\u05d0\u05d2\u05dd \u05e1\u05d9\u05dc\u05d9\u05e0\u05d2", "name_uk": "\u0421\u0456\u043b\u0456\u043d\u0433\u043a\u043e", "name_ur": "\u0633\u0627\u0626\u0644\u0646\u06af \u06a9\u0648", "name_zht": "\u8272\u6797\u9519"}, "bbox": [88.557244, 31.559481, 89.345257, 31.936855], "geometry": {"type": "Polygon", "coordinates": [[[89.338486, 31.818521], [89.342607, 31.816166], [89.345257, 31.806452], [89.331127, 31.783197], [89.296981, 31.777899], [89.269899, 31.792028], [89.276964, 31.827058], [89.248411, 31.80292], [89.241641, 31.763475], [89.242524, 31.717848], [89.235459, 31.676049], [89.225156, 31.661625], [89.188361, 31.622474], [89.177469, 31.614821], [89.158335, 31.606579], [89.146267, 31.588623], [89.137141, 31.569783], [89.12625, 31.559481], [89.107999, 31.563896], [89.087688, 31.578909], [89.070909, 31.597454], [89.064139, 31.611289], [89.051481, 31.61541], [88.975241, 31.600397], [88.960817, 31.607756], [88.941095, 31.622769], [88.925493, 31.639548], [88.924316, 31.652205], [88.945216, 31.686057], [88.95964, 31.702836], [88.980245, 31.709901], [88.937857, 31.735805], [88.915779, 31.740809], [88.893702, 31.7308], [88.87869, 31.736688], [88.85985, 31.737865], [88.840717, 31.73551], [88.824527, 31.7308], [88.811869, 31.722558], [88.787142, 31.70107], [88.780372, 31.696654], [88.76271, 31.698715], [88.734451, 31.708134], [88.718555, 31.710195], [88.683526, 31.710784], [88.667925, 31.71461], [88.653795, 31.72403], [88.653795, 31.717848], [88.648202, 31.734333], [88.646731, 31.756999], [88.648202, 31.77731], [88.650263, 31.786141], [88.618472, 31.779665], [88.61229, 31.779076], [88.601987, 31.787024], [88.602576, 31.793794], [88.60552, 31.800859], [88.601693, 31.809984], [88.584325, 31.818521], [88.568724, 31.816166], [88.558716, 31.818521], [88.557244, 31.840598], [88.561659, 31.85826], [88.571373, 31.869152], [88.585797, 31.875922], [88.604931, 31.881515], [88.638783, 31.886225], [88.687353, 31.887108], [88.730624, 31.882692], [88.749464, 31.870918], [88.745343, 31.859732], [88.738572, 31.848252], [88.7371, 31.835594], [88.749464, 31.819404], [88.76742, 31.810868], [88.787142, 31.80969], [88.806865, 31.813517], [88.824527, 31.819404], [88.805393, 31.833239], [88.798328, 31.849429], [88.80451, 31.866502], [88.824527, 31.881515], [88.831886, 31.874156], [88.838362, 31.881515], [88.845721, 31.874156], [88.865149, 31.883281], [88.927554, 31.90212], [89.009682, 31.936855], [89.029993, 31.916839], [89.0662, 31.91625], [89.136553, 31.929496], [89.155392, 31.924198], [89.178647, 31.900943], [89.191304, 31.895939], [89.205728, 31.893584], [89.241641, 31.88387], [89.269605, 31.879454], [89.285795, 31.873273], [89.299925, 31.864736], [89.31111, 31.855022], [89.325534, 31.827058], [89.332893, 31.819993], [89.338486, 31.818521]]]}}, {"type": "Feature", "properties": {"featurecla": "Lake", "scalerank": 5, "name": "Ayakkum Hu", "name_abb": "Ayakkum Hu", "name_alt": null, "note": null, "delta": null, "dam_name": null, "year": -99, "admin": null, "min_zoom": 4.7, "min_label": 6, "label": "Ayakkum Hu", "wikidataid": "Q631714", "name_ar": "\u0628\u062d\u064a\u0631\u0629 \u0623\u064a\u0627\u0643\u0648\u0645", "name_bn": "\u0986\u09df\u09be\u0995\u09cd\u0995\u09c1\u09ae \u09b9\u09c1", "name_de": "Ayakkum Hu", "name_en": "Ayakum", "name_es": "Ayakum", "name_fr": "Lake Ayakum", "name_el": "\u0391\u03b9\u03b1\u03ba\u03bf\u03cd\u03bc \u03a7\u03bf\u03c5", "name_hi": "\u0905\u092f\u093e\u0915\u094d\u0915\u0941\u092e \u0939\u0941", "name_hu": "Ayakkum-t\u00f3", "name_id": "Danau Ayakkum", "name_it": "Ayakum", "name_ja": "\u30a2\u30e4\u30af\u30e0\u6e56", "name_ko": "\uc544\uc57c\ucff0 \ud6c4", "name_nl": "Lake Ayakum", "name_pl": "Jezioro Ayakkum", "name_pt": "Lago Ayakum", "name_ru": "\u0410\u044f\u043a\u043a\u0443\u043c\u043a\u0451\u043b\u044c", "name_sv": "Ayakkum Hu", "name_tr": "Ayakum G\u00f6l\u00fc", "name_vi": "Ayakum", "name_zh": "\u963f\u96c5\u514b\u5e93\u6728\u6e56", "ne_id": 1159114215, "name_fa": "\u0622\u06cc\u0627\u06a9\u0648\u0645 \u0647\u0648", "name_he": "\u05d0\u05d2\u05dd \u05d0\u05d9\u05d0\u05e7\u05d5\u05dd", "name_uk": "\u0410\u044f\u043a\u0443\u043c", "name_ur": "\u0622\u06cc\u0627\u06a9\u0645 \u06c1\u0648", "name_zht": "\u963f\u96c5\u514b\u5eab\u6728\u6e56"}, "bbox": [89.071498, 37.47149, 89.674356, 37.641632], "geometry": {"type": "Polygon", "coordinates": [[[89.674356, 37.512112], [89.670235, 37.499749], [89.647274, 37.498866], [89.619015, 37.500926], [89.598704, 37.498571], [89.608713, 37.492978], [89.612834, 37.491506], [89.612834, 37.484147], [89.594289, 37.484147], [89.586635, 37.486208], [89.579276, 37.491506], [89.550428, 37.474728], [89.497149, 37.47149], [89.440042, 37.4762], [89.400008, 37.484147], [89.281968, 37.531834], [89.235459, 37.533306], [89.188655, 37.52477], [89.164517, 37.525653], [89.123895, 37.544786], [89.097991, 37.551851], [89.076797, 37.56392], [89.071498, 37.587764], [89.08445, 37.603365], [89.108294, 37.606603], [89.156864, 37.601599], [89.166578, 37.599244], [89.182179, 37.590118], [89.194542, 37.587764], [89.249883, 37.601599], [89.289916, 37.623676], [89.311699, 37.626914], [89.341724, 37.641632], [89.544247, 37.625737], [89.571328, 37.615728], [89.578393, 37.609841], [89.601942, 37.598949], [89.62608, 37.591002], [89.643448, 37.587764], [89.654339, 37.582759], [89.657283, 37.571574], [89.654928, 37.558621], [89.649924, 37.550085], [89.639032, 37.546553], [89.61931, 37.560093], [89.609301, 37.556855], [89.611068, 37.542431], [89.633439, 37.530068], [89.659932, 37.52006], [89.674356, 37.512112]]]}}, {"type": "Feature", "properties": {"featurecla": "Lake", "scalerank": 5, "name": "Ngoring Hu", "name_abb": "Ngoring Hu", "name_alt": null, "note": null, "delta": null, "dam_name": null, "year": -99, "admin": null, "min_zoom": 4.7, "min_label": 6, "label": "Ngoring Hu", "wikidataid": "Q847864", "name_ar": "\u0628\u062d\u064a\u0631\u0629 \u0625\u0646\u062c\u0648\u0631\u064a\u0646\u063a", "name_bn": "\u098f\u09a8\u0997\u09cb\u09b0\u09bf\u0982 \u09b9\u09c1", "name_de": "Ngoring Hu", "name_en": "Ngoring", "name_es": "Eling", "name_fr": "Lac Ngoring", "name_el": "\u039d\u03b3\u03ba\u03cc\u03c1\u03b9\u03bd\u03b3\u03ba \u03a7\u03bf\u03c5", "name_hi": "\u090f\u0928\u0917\u094b\u0930\u093f\u0902\u0917 \u0939\u0942", "name_hu": "Ngoring Hu", "name_id": "Danau Ngoring", "name_it": "Ngoring Hu", "name_ja": "\u30b4\u30ec\u30f3\u6e56", "name_ko": "\uc751\uace0\ub9c1 \ud6c4", "name_nl": "Ngoring Lake", "name_pl": "Ngoring Hu", "name_pt": "Lago Ngoring", "name_ru": "\u041e\u0440\u0438\u043d-\u041d\u0443\u0440", "name_sv": "Ngoring Hu", "name_tr": "Ngoring Hu", "name_vi": "H\u1ed3 Ng\u1ea1c L\u0103ng", "name_zh": "\u9102\u9675\u6e56", "ne_id": 1159114305, "name_fa": "\u0627\u0646\u06af\u0648\u0631\u06cc\u0646\u06af \u0647\u0648", "name_he": "\u05d0\u05d2\u05dd \u05e0\u05d2\u05d5\u05e8\u05d9\u05e0\u05d2", "name_uk": "\u041d\u0433\u043e\u0440\u0456\u043d\u0433\u0445\u0443", "name_ur": "\u0627\u06cc\u0646\u06af\u0648\u0631\u0646\u06af \u06c1\u0648", "name_zht": "\u9102\u9675\u6e56"}, "bbox": [97.545358, 34.780707, 97.901539, 35.088612], "geometry": {"type": "Polygon", "coordinates": [[[97.867981, 34.871666], [97.900656, 34.831632], [97.901539, 34.821624], [97.883583, 34.821329], [97.850025, 34.8281], [97.85709, 34.808377], [97.845315, 34.806611], [97.808225, 34.821624], [97.779672, 34.829572], [97.769958, 34.835459], [97.760833, 34.849], [97.754945, 34.817208], [97.734929, 34.808377], [97.712263, 34.818386], [97.698428, 34.842229], [97.681649, 34.820446], [97.678705, 34.815148], [97.681649, 34.808672], [97.69725, 34.799841], [97.698428, 34.794542], [97.688419, 34.786006], [97.672523, 34.781885], [97.65545, 34.780707], [97.60482, 34.784534], [97.581271, 34.79572], [97.565964, 34.814853], [97.546241, 34.870488], [97.545358, 34.889328], [97.5536, 34.906401], [97.591573, 34.946434], [97.61159, 34.957914], [97.636905, 34.963507], [97.671935, 34.965274], [97.6581, 34.968806], [97.644559, 34.967628], [97.632784, 34.970572], [97.623953, 34.986173], [97.631018, 35.000008], [97.636317, 35.007073], [97.64397, 35.013549], [97.634551, 35.025618], [97.650446, 35.042397], [97.676939, 35.058293], [97.692246, 35.068301], [97.72963, 35.085963], [97.746998, 35.088612], [97.768486, 35.087729], [97.768486, 35.081253], [97.764071, 35.06889], [97.771135, 35.051228], [97.804399, 35.020908], [97.808225, 35.010017], [97.80587, 35.000008], [97.792918, 34.987351], [97.788503, 34.978814], [97.788503, 34.969983], [97.790564, 34.961447], [97.794685, 34.951438], [97.796451, 34.925829], [97.800278, 34.914643], [97.808225, 34.903751], [97.855324, 34.887267], [97.862977, 34.879908], [97.867981, 34.871666]]]}}, {"type": "Feature", "properties": {"featurecla": "Lake", "scalerank": 5, "name": "Gyaring Hu", "name_abb": "Gyaring Hu", "name_alt": null, "note": null, "delta": null, "dam_name": null, "year": -99, "admin": null, "min_zoom": 4.7, "min_label": 6, "label": "Gyaring Hu", "wikidataid": "Q4128895", "name_ar": "\u0628\u062d\u064a\u0631\u0629 \u062c\u064a\u0631\u0646\u062c", "name_bn": "\u0997\u09cd\u09af\u09be\u09b0\u09bf\u0982 \u09b9\u09c1", "name_de": "Gyaring Hu", "name_en": "Gyaring", "name_es": "Zaling", "name_fr": "Gyaring", "name_el": "\u0393\u03ba\u03b9\u03ac\u03c1\u03b9\u03bd\u03b3\u03ba \u03a7\u03bf\u03c5", "name_hi": "\u0917\u094d\u092f\u093e\u0930\u093f\u0902\u0917 \u0939\u0941", "name_hu": "Gyaring Hu", "name_id": "Danau Gyaring", "name_it": "Gyaring Hu", "name_ja": "\u30ae\u30e3\u30ea\u30f3\u6e56", "name_ko": "\uac38\ub9c1 \ud6c4", "name_nl": "Gyaring Lake", "name_pl": "Gyaring Co", "name_pt": "Lago Gyaring", "name_ru": "\u0414\u0436\u0430\u0440\u0438\u043d-\u041d\u0443\u0440", "name_sv": "Zhalinghu", "name_tr": "Gyaring Hu", "name_vi": "H\u1ed3 Tr\u00e1t L\u0103ng", "name_zh": "\u624e\u9675\u6e56", "ne_id": 1159114475, "name_fa": "\u062c\u06cc\u0627\u0631\u06cc\u0646\u06af \u0647\u0648", "name_he": "\u05d2\u05d9\u05d9\u05e8\u05d9\u05e0\u05d2", "name_uk": "\u0414\u0436\u0430\u0440\u0456\u043d-\u0425\u0443", "name_ur": "\u06af\u06cc\u0631\u0627\u0646\u06af \u06c1\u0648", "name_zht": "\u624e\u9675\u6e56"}, "bbox": [97.055831, 34.829277, 97.48678, 35.034155], "geometry": {"type": "Polygon", "coordinates": [[[97.436738, 34.994416], [97.466174, 34.992355], [97.48678, 34.983818], [97.486191, 34.96704], [97.472062, 34.956148], [97.452045, 34.965274], [97.445863, 34.93672], [97.396116, 34.90905], [97.383752, 34.886973], [97.378748, 34.872843], [97.366679, 34.864307], [97.342247, 34.855181], [97.318109, 34.835165], [97.304274, 34.829277], [97.288378, 34.835459], [97.248345, 34.836048], [97.109699, 34.917292], [97.083795, 34.926123], [97.069371, 34.935248], [97.06319, 34.949378], [97.061718, 34.972633], [97.056419, 34.988234], [97.055831, 34.997948], [97.061718, 35.006779], [97.074376, 35.012077], [97.085856, 35.009723], [97.093804, 35.000892], [97.095864, 34.986173], [97.107344, 34.998242], [97.113526, 35.016493], [97.122946, 35.027973], [97.162979, 35.012961], [97.250111, 35.013549], [97.263063, 35.016493], [97.288378, 35.030034], [97.300742, 35.034155], [97.317226, 35.034155], [97.333122, 35.030622], [97.413189, 35.000008], [97.436738, 34.994416]]]}}, {"type": "Feature", "properties": {"featurecla": "Lake", "scalerank": 5, "name": "Langa Co", "name_abb": "Langa Co", "name_alt": null, "note": null, "delta": null, "dam_name": null, "year": -99, "admin": null, "min_zoom": 4.7, "min_label": 6, "label": "Langa Co", "wikidataid": "Q628327", "name_ar": "\u0644\u0627\u0646\u062c\u062a \u0643\u0648", "name_bn": "\u09b0\u09be\u0995\u09cd\u09b7\u09b8\u09a4\u09be\u09b2", "name_de": "Rakshastal", "name_en": "Rakshastal", "name_es": "'nga Co", "name_fr": "Rakshastal", "name_el": "\u039b\u03af\u03bc\u03bd\u03b7 \u03a1\u03b1\u03ba\u03c3\u03b1\u03c3\u03c4\u03ac\u03bb", "name_hi": "\u0930\u093e\u0915\u094d\u0937\u0938 \u091d\u0940\u0932", "name_hu": "Raksasztal-t\u00f3", "name_id": "Langa Co", "name_it": "Rakshastal", "name_ja": "\u30e9\u30fc\u30af\u30b7\u30e3\u30b9\u30bf\u30fc\u30eb\u6e56", "name_ko": "\ub791\uac00 \ucf54", "name_nl": "Rakshastal", "name_pl": "La'nga Co", "name_pt": "Langa", "name_ru": "\u041b\u0430\u043d\u0433\u0430-\u0426\u043e", "name_sv": "Lannga Co", "name_tr": "Rakshastal", "name_vi": "H\u1ed3 L\u1ea1p Ngang Th\u00e1c", "name_zh": "\u62c9\u6602\u9519", "ne_id": 1159114537, "name_fa": "\u0644\u0627\u0646\u06af\u0627 \u06a9\u0648", "name_he": "\u05d0\u05d2\u05dd \u05dc\u05e0\u05d2\u05d4", "name_uk": "\u0420\u0430\u043a\u0448\u0430\u0441\u0442\u0430\u043b", "name_ur": "\u0644\u0627\u0646\u06af\u0627 \u06a9\u0648", "name_zht": "\u62c9\u6602\u932f"}, "bbox": [81.108654, 30.599854, 81.327955, 30.857716], "geometry": {"type": "Polygon", "coordinates": [[[81.312943, 30.674328], [81.322068, 30.65225], [81.327955, 30.641653], [81.315886, 30.618987], [81.299108, 30.608096], [81.277325, 30.605446], [81.252304, 30.607213], [81.246711, 30.605741], [81.241412, 30.601914], [81.235525, 30.599854], [81.228166, 30.603975], [81.225517, 30.608096], [81.219924, 30.618693], [81.218158, 30.621048], [81.206089, 30.620459], [81.194903, 30.616632], [81.183423, 30.614866], [81.170176, 30.621048], [81.143683, 30.628996], [81.132792, 30.646952], [81.125138, 30.665791], [81.108654, 30.676094], [81.130143, 30.687868], [81.135441, 30.68934], [81.14545, 30.68728], [81.148982, 30.682864], [81.151631, 30.678154], [81.159579, 30.676094], [81.171942, 30.681687], [81.180185, 30.68728], [81.183717, 30.692578], [81.180773, 30.70347], [81.178418, 30.708768], [81.176652, 30.709651], [81.179007, 30.713184], [81.188427, 30.723781], [81.189899, 30.724075], [81.203734, 30.782654], [81.203439, 30.812679], [81.189899, 30.846825], [81.201673, 30.853595], [81.212859, 30.857716], [81.224045, 30.857422], [81.247005, 30.843881], [81.273204, 30.841821], [81.283212, 30.836522], [81.296164, 30.82151], [81.300874, 30.810913], [81.299991, 30.799138], [81.291749, 30.787658], [81.282623, 30.78648], [81.272321, 30.788247], [81.259663, 30.784714], [81.242884, 30.766758], [81.240824, 30.745858], [81.248771, 30.724958], [81.262606, 30.706413], [81.273498, 30.698171], [81.297341, 30.688751], [81.30735, 30.68257], [81.312943, 30.674328]]]}}, {"type": "Feature", "properties": {"featurecla": "Lake", "scalerank": 5, "name": "Mapam Yumco", "name_abb": "Mapam Yumco", "name_alt": null, "note": null, "delta": null, "dam_name": null, "year": -99, "admin": null, "min_zoom": 4.7, "min_label": 6, "label": "Mapam Yumco", "wikidataid": "Q233627", "name_ar": "\u0628\u062d\u064a\u0631\u0629 \u0645\u0627\u0646\u0627\u0633\u0627\u0631\u0648\u0641\u0627\u0631", "name_bn": "\u09ae\u09be\u09a8\u09b8 \u09b8\u09b0\u09cb\u09ac\u09b0", "name_de": "Manasarovar", "name_en": "Manasarovar", "name_es": "Mana Sarovar", "name_fr": "Manasarovar", "name_el": "\u039c\u03ac\u03c0\u03b1\u03bc \u0393\u03b9\u03bf\u03c5\u03bc\u03ba\u03cc", "name_hi": "\u092e\u093e\u0928\u0938\u0930\u094b\u0935\u0930", "name_hu": "Manaszarovar-t\u00f3", "name_id": "Mansarovar", "name_it": "Manasarovar", "name_ja": "\u30de\u30ca\u30b5\u30ed\u30ef\u30fc\u30eb\u6e56", "name_ko": "\ub9c8\ub098\uc0ac\ub85c\ubc14 \ud638\uc218", "name_nl": "Manasarovar", "name_pl": "Mapam Yumco", "name_pt": "Manasarovar", "name_ru": "\u041c\u0430\u043f\u0430\u043c-\u042e\u043c\u0446\u043e", "name_sv": "Manasarovar", "name_tr": "Manasarovar", "name_vi": "Manasarovar", "name_zh": "\u739b\u65c1\u96cd\u9519", "ne_id": 1159114553, "name_fa": "\u062f\u0631\u06cc\u0627\u0686\u0647 \u0645\u0627\u0646\u0627\u0633\u0627\u0631\u0648\u0627\u0631", "name_he": "\u05de\u05e4\u05d5\u05d8\u05d5", "name_uk": "\u041c\u0430\u043d\u0430\u0441\u0430\u0440\u043e\u0432\u0430\u0440", "name_ur": "\u062c\u06be\u06cc\u0644 \u0645\u0627\u0646\u0627\u0633\u0627\u0631\u0648\u0627\u0631", "name_zht": "\u746a\u65c1\u96cd\u932f"}, "bbox": [81.362102, 30.565413, 81.60348, 30.788541], "geometry": {"type": "Polygon", "coordinates": [[[81.57787, 30.748507], [81.602891, 30.722603], [81.60348, 30.690223], [81.574338, 30.655783], [81.540192, 30.634], [81.509578, 30.607213], [81.498392, 30.601325], [81.451294, 30.566296], [81.445407, 30.565413], [81.424212, 30.566296], [81.430394, 30.566296], [81.412438, 30.579837], [81.394482, 30.584547], [81.377409, 30.592494], [81.362102, 30.614277], [81.378586, 30.641359], [81.369166, 30.724075], [81.375642, 30.764403], [81.406551, 30.788541], [81.450411, 30.787658], [81.53401, 30.764403], [81.57787, 30.748507]]]}}, {"type": "Feature", "properties": {"featurecla": "Lake", "scalerank": 5, "name": "Ngangla Ringeo", "name_abb": "Ngangla Ringeo", "name_alt": null, "note": null, "delta": null, "dam_name": null, "year": -99, "admin": null, "min_zoom": 4.7, "min_label": 6, "label": "Ngangla Ringeo", "wikidataid": "Q4761833", "name_ar": "\u0646\u063a\u0627\u0646\u062c\u0644\u0627 \u0631\u064a\u0646\u062c\u064a\u0648", "name_bn": "\u098f\u0999\u09cd\u0997\u09be\u0982\u09b2\u09be \u09b0\u09bf\u09a8\u09c7\u0997\u09bf\u0993", "name_de": "Ngangla Ringeo", "name_en": "Ang Laren", "name_es": "Ngangla Ringeo", "name_fr": "Ngangla Ringeo", "name_el": "\u039d\u03b3\u03ba\u03ac\u03bd\u03b3\u03ba\u03bb\u03b1 \u039a\u03ac\u03bd\u03b3\u03ba\u03c1\u03b9", "name_hi": "\u090f\u0928\u0917\u093e\u0902\u0917\u094d\u0932\u093e \u0930\u093f\u0902\u0917\u093f\u092f\u094b", "name_hu": "Ngangla Ringeo", "name_id": "Ngangla Ringeo", "name_it": "Ngangla Ringeo", "name_ja": "\u30f3\u30ac\u30f3\u30e9\u30fb\u30ea\u30f3\u30b2\u30aa", "name_ko": "\uc751\uac15\ub77c \ub9c1\uac8c\uc624", "name_nl": "Ngangla Ringeo", "name_pl": "Ngangla Ringeo", "name_pt": "Ngangla Ringeo", "name_ru": "\u043e\u0437\u0435\u0440\u043e \u041d\u0433\u0430\u043d\u0433\u043b\u0435-\u0420\u0438\u043d\u0446\u043e", "name_sv": "Ngangla Ringco", "name_tr": "Ngangla Ringeo", "name_vi": "H\u1ed3 Ngangla Ringeo", "name_zh": "\u6602\u62c9\u4ec1\u9519", "ne_id": 1159114735, "name_fa": "\u0646\u06af\u0627\u0646\u06af\u0644\u0627 \u0631\u06cc\u0646\u06af\u0626\u0648", "name_he": "\u05d0\u05d2\u05dd \u05e0\u05e0\u05d2\u05dc\u05d4 \u05e8\u05d9\u05e0\u05d2\u05d5", "name_uk": "\u041d\u0433\u0430\u043d\u0433\u043b\u0430 \u0420\u0456\u043d\u0433\u0435\u043e", "name_ur": "\u0627\u0646\u06af\u0627\u0646\u06af\u0644\u0627 \u0631\u0646\u06af\u06cc\u0648", "name_zht": "\u6602\u62c9\u4ec1\u9519"}, "bbox": [82.822148, 31.436142, 83.37673, 31.659564], "geometry": {"type": "Polygon", "coordinates": [[[83.348176, 31.436142], [83.316385, 31.443795], [83.285771, 31.456159], [83.260161, 31.471466], [83.25604, 31.462929], [83.253097, 31.459102], [83.248976, 31.459397], [83.240145, 31.463812], [83.230136, 31.461457], [83.21012, 31.459397], [83.190103, 31.459691], [83.178328, 31.463812], [83.144182, 31.449683], [83.133585, 31.462046], [83.097378, 31.490894], [83.08943, 31.501491], [83.080894, 31.518858], [83.06176, 31.530927], [83.042921, 31.53652], [83.03409, 31.535343], [83.027908, 31.518564], [83.01319, 31.517975], [82.995234, 31.523568], [82.979632, 31.525334], [82.970507, 31.519153], [82.958733, 31.501491], [82.94843, 31.497958], [82.939599, 31.499725], [82.910751, 31.512382], [82.891912, 31.514149], [82.878077, 31.523568], [82.866008, 31.533871], [82.832745, 31.545351], [82.822148, 31.559481], [82.823325, 31.57361], [82.838632, 31.579792], [82.939599, 31.581264], [82.957261, 31.579203], [82.972273, 31.573021], [82.967858, 31.581264], [82.965209, 31.58509], [82.961971, 31.586856], [82.954023, 31.588034], [82.952845, 31.590978], [82.954023, 31.595393], [82.951668, 31.600397], [82.949313, 31.60393], [82.945781, 31.613055], [82.941659, 31.617765], [82.923703, 31.619531], [82.917522, 31.621003], [82.928413, 31.634838], [82.941659, 31.641903], [82.958144, 31.643374], [82.979632, 31.641314], [82.99906, 31.634249], [83.018783, 31.623652], [83.034679, 31.619825], [83.041155, 31.631894], [83.050574, 31.643963], [83.072652, 31.65456], [83.097967, 31.659564], [83.115923, 31.655738], [83.125048, 31.642197], [83.120339, 31.631894], [83.11033, 31.623358], [83.102382, 31.614821], [83.09208, 31.610111], [83.089136, 31.605696], [83.095612, 31.600397], [83.10091, 31.600692], [83.10827, 31.60393], [83.11975, 31.611289], [83.130641, 31.615115], [83.135645, 31.60599], [83.138, 31.593332], [83.14065, 31.586856], [83.19128, 31.578026], [83.201289, 31.57361], [83.209531, 31.568017], [83.212769, 31.563013], [83.21689, 31.553299], [83.226015, 31.549472], [83.247209, 31.54594], [83.261633, 31.537109], [83.305788, 31.502963], [83.324038, 31.474704], [83.364072, 31.451449], [83.37673, 31.436436], [83.348176, 31.436142]]]}}, {"type": "Feature", "properties": {"featurecla": "Lake", "scalerank": 5, "name": "Tangra Yumco", "name_abb": "Tangra Yumco", "name_alt": null, "note": null, "delta": null, "dam_name": null, "year": -99, "admin": null, "min_zoom": 4.7, "min_label": 6, "label": "Tangra Yumco", "wikidataid": "Q659377", "name_ar": "\u062a\u0627\u0646\u062c\u0631\u0627 \u064a\u0648\u0645\u0643\u0648", "name_bn": "\u099f\u09cd\u09af\u09be\u0982\u09b0\u09be \u0987\u09af\u09bc\u09be\u09ae\u0995\u09cb", "name_de": "Tangra Yumco", "name_en": "Tangra Yumco", "name_es": "Tangra Yumco", "name_fr": "Tangra Yumco", "name_el": "\u03a4\u03ac\u03bd\u03b3\u03ba\u03c1\u03b1 \u0393\u03b9\u03bf\u03cd\u03bc\u03ba\u03bf", "name_hi": "\u0924\u0902\u0917\u0930\u093e \u092f\u0941\u092e\u0915\u094b", "name_hu": "Tangra Yumco", "name_id": "Tangra Yumco", "name_it": "Tangra Yumco", "name_ja": "\u30bf\u30f3\u30e9\u30fb\u30e6\u30e0\u30c4\u30a9", "name_ko": "\ud0d5\uadf8\ub77c \uc730\ucf54", "name_nl": "Tangra Yumco", "name_pl": "Tangra Yumco", "name_pt": "Tangra Yumco", "name_ru": "\u0414\u0430\u043d\u0433\u0440\u0430\u044e\u043c", "name_sv": "Tangra Yumco", "name_tr": "Tangra Yumco", "name_vi": "H\u1ed3 Tangra Yumco", "name_zh": "\u5f53\u60f9\u96cd\u9519", "ne_id": 1159114759, "name_fa": "\u062a\u0627\u0646\u06af\u0631\u0627 \u06cc\u0648\u0645\u06a9\u0648", "name_he": "\u05d0\u05d2\u05dd \u05d8\u05d0\u05e0\u05d2\u05e8\u05d4 \u05d9\u05d5\u05de\u05e7\u05d5", "name_uk": "\u0422\u0430\u043d\u0433\u0440\u0430 \u042e\u043c\u043a\u043e", "name_ur": "\u062a\u0627\u0646\u06af\u0631\u0627 \u06cc\u0645\u06a9\u0648", "name_zht": "\u5f53\u60f9\u96cd\u9519"}, "bbox": [86.374828, 30.769113, 86.796063, 31.368733], "geometry": {"type": "Polygon", "coordinates": [[[86.768982, 31.223611], [86.77899, 31.180928], [86.796063, 31.141778], [86.773986, 31.122939], [86.748671, 31.119406], [86.686854, 31.121172], [86.659184, 31.113519], [86.634752, 31.099389], [86.614146, 31.078784], [86.597368, 31.052291], [86.609142, 31.026387], [86.606787, 31.001955], [86.59619, 30.980466], [86.583827, 30.963688], [86.567342, 30.94632], [86.559689, 30.936312], [86.552035, 30.913646], [86.529664, 30.894218], [86.521716, 30.88156], [86.520833, 30.869491], [86.527309, 30.849769], [86.529369, 30.836522], [86.524954, 30.824159], [86.514946, 30.813562], [86.47344, 30.780887], [86.451069, 30.769113], [86.429874, 30.770585], [86.412507, 30.784714], [86.408091, 30.80061], [86.374828, 30.864193], [86.376006, 30.871257], [86.389841, 30.874201], [86.406325, 30.875673], [86.416039, 30.878028], [86.421632, 30.885092], [86.426636, 30.89304], [86.433112, 30.908936], [86.442238, 30.950147], [86.446653, 30.987531], [86.454012, 30.999894], [86.501405, 31.03875], [86.513768, 31.054057], [86.519067, 31.05965], [86.529369, 31.066126], [86.552919, 31.075252], [86.565576, 31.082022], [86.570875, 31.08997], [86.574996, 31.112636], [86.605021, 31.169742], [86.615029, 31.211248], [86.620622, 31.265705], [86.629748, 31.284544], [86.631514, 31.29573], [86.630336, 31.307211], [86.625627, 31.32811], [86.625627, 31.339885], [86.647704, 31.368733], [86.689798, 31.368438], [86.734247, 31.34695], [86.761917, 31.313098], [86.766333, 31.291904], [86.768982, 31.223611]]]}}, {"type": "Feature", "properties": {"featurecla": "Lake", "scalerank": 5, "name": "Yamzho Yumco", "name_abb": "Yamzho Yumco", "name_alt": null, "note": null, "delta": null, "dam_name": null, "year": -99, "admin": null, "min_zoom": 4.7, "min_label": 6, "label": "Yamzho Yumco", "wikidataid": "Q939604", "name_ar": "\u0628\u062d\u064a\u0631\u0629 \u064a\u0627\u0645\u062f\u0631\u0648\u0643", "name_bn": "\u0987\u09af\u09bc\u09be\u09ae\u09a1\u09cd\u09b0\u0995 \u09b9\u09cd\u09b0\u09a6", "name_de": "Yamzhog Yumco", "name_en": "Yamdrok", "name_es": "Yamdrok", "name_fr": "Yamdrok-Tso", "name_el": "\u0393\u03b9\u03ac\u03bc\u03b6\u03bf \u0393\u03b9\u03bf\u0384\u03cd\u03bc\u03ba\u03bf", "name_hi": "\u092f\u092e\u0926\u094d\u0930\u094b\u0915 \u091d\u0940\u0932", "name_hu": "Jamdok-t\u00f3", "name_id": "Yamdrok", "name_it": "Yamzho Yumco", "name_ja": "\u30e4\u30e0\u30c9\u30af\u6e56", "name_ko": "\uc554\ub4dc\ub85d\ucd78 \ud638\uc218", "name_nl": "Yamdrok", "name_pl": "Yamzho Yumco", "name_pt": "Lago Yamdrok", "name_ru": "\u042f\u043c\u0434\u0436\u043e-\u042e\u043c\u0446\u043e", "name_sv": "Yamzho Yumco", "name_tr": "Yamdrok", "name_vi": "Yamdrok", "name_zh": "\u7f8a\u5353\u96cd\u9519", "ne_id": 1159114885, "name_fa": "\u06cc\u0627\u0645\u0698\u0648 \u06cc\u0648\u0645\u06a9\u0648", "name_he": "\u05d0\u05d2\u05dd \u05d9\u05d0\u05de\u05d6\u05d5 \u05d9\u05d5\u05de\u05e7\u05d5", "name_uk": "\u042f\u043c\u0436\u0436\u043e-\u042e\u043c\u0446\u043e", "name_ur": "\u06cc\u0627\u0645\u0632\u0648 \u06cc\u0645\u06a9\u0648", "name_zht": "\u7f8a\u5353\u96cd\u932f"}, "bbox": [90.361107, 28.780683, 91.041972, 29.199858], "geometry": {"type": "Polygon", "coordinates": [[[91.017539, 28.870759], [91.002232, 28.876057], [90.915101, 28.93964], [90.905387, 28.93493], [90.899205, 28.935813], [90.895084, 28.941995], [90.893906, 28.952886], [90.887136, 28.952886], [90.884487, 28.937874], [90.877716, 28.927277], [90.867119, 28.919034], [90.85299, 28.911675], [90.851224, 28.919329], [90.851224, 28.925805], [90.853873, 28.931986], [90.85976, 28.93964], [90.844748, 28.939934], [90.833562, 28.936696], [90.811484, 28.926099], [90.810601, 28.933753], [90.80648, 28.945821], [90.805303, 28.952886], [90.794117, 28.937874], [90.775278, 28.925216], [90.757616, 28.922567], [90.749962, 28.936402], [90.752023, 28.940523], [90.756733, 28.94435], [90.761443, 28.948765], [90.763503, 28.956419], [90.759382, 28.963189], [90.749374, 28.967899], [90.729357, 28.974375], [90.725824, 28.961128], [90.722586, 28.952886], [90.764386, 28.896957], [90.766152, 28.87223], [90.729357, 28.857218], [90.735244, 28.868109], [90.733772, 28.874291], [90.728474, 28.878706], [90.722586, 28.885182], [90.719643, 28.88636], [90.701981, 28.903139], [90.702275, 28.905788], [90.689323, 28.90932], [90.67225, 28.910203], [90.656649, 28.905788], [90.647524, 28.891953], [90.682259, 28.88842], [90.680198, 28.878706], [90.604252, 28.8216], [90.599248, 28.812769], [90.597776, 28.796579], [90.593066, 28.785687], [90.582763, 28.780683], [90.56569, 28.782155], [90.56569, 28.788337], [90.553621, 28.785393], [90.523891, 28.786276], [90.517709, 28.785099], [90.514765, 28.781861], [90.507406, 28.782155], [90.499753, 28.785687], [90.496809, 28.792163], [90.498575, 28.798639], [90.502402, 28.806293], [90.505051, 28.814535], [90.50358, 28.823072], [90.491216, 28.833374], [90.456187, 28.846032], [90.448828, 28.85398], [90.444707, 28.868109], [90.437642, 28.882533], [90.437348, 28.893719], [90.45236, 28.898135], [90.459131, 28.896074], [90.471788, 28.887243], [90.48003, 28.885182], [90.490333, 28.884299], [90.492982, 28.88165], [90.493277, 28.877235], [90.496809, 28.870759], [90.495632, 28.867521], [90.491805, 28.862222], [90.490333, 28.856335], [90.496809, 28.851036], [90.504168, 28.850448], [90.510939, 28.854274], [90.515943, 28.860456], [90.517709, 28.867815], [90.520064, 28.871347], [90.524774, 28.871053], [90.529189, 28.867815], [90.531544, 28.861045], [90.530367, 28.853391], [90.524185, 28.836612], [90.523008, 28.823366], [90.524774, 28.813063], [90.533016, 28.807765], [90.551855, 28.809531], [90.547145, 28.819245], [90.544496, 28.823072], [90.549795, 28.826015], [90.559803, 28.833963], [90.56569, 28.836612], [90.553621, 28.845443], [90.558626, 28.876057], [90.551855, 28.891953], [90.563335, 28.890481], [90.573049, 28.891953], [90.580703, 28.896957], [90.586296, 28.905788], [90.58659, 28.907849], [90.630745, 28.915208], [90.641342, 28.919623], [90.640164, 28.926099], [90.629273, 28.930515], [90.606607, 28.934341], [90.599248, 28.93964], [90.59601, 28.950531], [90.600425, 28.959068], [90.609845, 28.964955], [90.623386, 28.967016], [90.648701, 28.965838], [90.661653, 28.966427], [90.671073, 28.970842], [90.68373, 28.979085], [90.691089, 28.979085], [90.694622, 28.982028], [90.695211, 28.998218], [90.690501, 29.022062], [90.678432, 29.041195], [90.647524, 29.076225], [90.665774, 29.086822], [90.66548, 29.11302], [90.656649, 29.139807], [90.650762, 29.152171], [90.63781, 29.155114], [90.628684, 29.169244], [90.603663, 29.174542], [90.583647, 29.183668], [90.572461, 29.186317], [90.545674, 29.181902], [90.502402, 29.157764], [90.460602, 29.145989], [90.435876, 29.130977], [90.39437, 29.097419], [90.399669, 29.086528], [90.396725, 29.078874], [90.390544, 29.077697], [90.387306, 29.086822], [90.381418, 29.099774], [90.369349, 29.105661], [90.361107, 29.111548], [90.366406, 29.124795], [90.380535, 29.111843], [90.400846, 29.125384], [90.423512, 29.147461], [90.44559, 29.158941], [90.473849, 29.165123], [90.520947, 29.193382], [90.548323, 29.199858], [90.606607, 29.194559], [90.661064, 29.179252], [90.675783, 29.171304], [90.68844, 29.162473], [90.701981, 29.155114], [90.734067, 29.148933], [90.741131, 29.142162], [90.738188, 29.134803], [90.722586, 29.130977], [90.731712, 29.115964], [90.73701, 29.11096], [90.729357, 29.103601], [90.722586, 29.107722], [90.715816, 29.11096], [90.719937, 29.056797], [90.726119, 29.048849], [90.730829, 29.045905], [90.736422, 29.038841], [90.743781, 29.031776], [90.753789, 29.028538], [90.763209, 29.029715], [90.781165, 29.034131], [90.791468, 29.035308], [90.784697, 29.023239], [90.773806, 29.016469], [90.759382, 29.014114], [90.743192, 29.015586], [90.759088, 28.99969], [90.782342, 28.986149], [90.832384, 28.967016], [90.832384, 28.974375], [90.818255, 28.980851], [90.823259, 28.992625], [90.846219, 29.015586], [90.839449, 29.015586], [90.844748, 29.024417], [90.846219, 29.028538], [90.861821, 29.019118], [90.874184, 29.020001], [90.88537, 29.0253], [90.898027, 29.028538], [90.932762, 29.028243], [90.94542, 29.024417], [90.941888, 29.015586], [90.953662, 29.001751], [90.963376, 28.993803], [91.013418, 28.967604], [91.022838, 28.957302], [91.017539, 28.946705], [91.004882, 28.944644], [90.991341, 28.950531], [90.978978, 28.957596], [90.969852, 28.960245], [90.953074, 28.953181], [90.951896, 28.94435], [90.95955, 28.934636], [90.969852, 28.926099], [91.02431, 28.891953], [91.041972, 28.874585], [91.017539, 28.870759]]]}}, {"type": "Feature", "properties": {"featurecla": "Lake", "scalerank": 5, "name": "Hoh Xil Hu", "name_abb": "Hoh Xil Hu", "name_alt": null, "note": null, "delta": null, "dam_name": null, "year": -99, "admin": null, "min_zoom": 4.7, "min_label": 6, "label": null, "wikidataid": null, "name_ar": "\u0628\u062d\u064a\u0631\u0629 \u0647\u0648 \u0632\u064a\u0644", "name_bn": "\u09b9\u09cb \u099c\u09bf\u09b2 \u09b9\u09c1", "name_de": "Hoh Xil Hu", "name_en": "Hoh Xil Hu", "name_es": "Hoh Xil Hu", "name_fr": "Hoh Xil Lake", "name_el": "\u03a7\u03bf \u039e\u03b9\u03bb \u03a7\u03bf\u03c5", "name_hi": "\u0939\u094b\u0939 \u091c\u093c\u093f\u0932 \u0939\u0941", "name_hu": "Hoh Xil Hu", "name_id": "Danau Hoh Xil", "name_it": "Hoh Xil Hu", "name_ja": "\u53ef\u53ef\u897f\u91cc\u6e56", "name_ko": "\ud638 \uc2e4 \ud6c4", "name_nl": "Hoh Xil Lake", "name_pl": "Jezioro Hoh Xil", "name_pt": "Lago Hoh Xil", "name_ru": "\u043e\u0437\u0435\u0440\u043e \u041a\u0443\u043a\u0443\u0448\u0438\u043b\u0438", "name_sv": "Hoh Xil Hu", "name_tr": "Hoh Xil Hu", "name_vi": "H\u1ed3 Hy Nh\u0129", "name_zh": "\u53ef\u53ef\u897f\u91cc\u6e56", "ne_id": 1159115243, "name_fa": "\u0647\u0648 \u0627\u06cc\u06a9\u0633\u06cc\u0644 \u0647\u0648", "name_he": "\u05d4\u05d5 \u05e1\u05d9\u05dc", "name_uk": "\u041a\u0443\u043a\u0443\u0448\u0438\u043b\u0456", "name_ur": "\u06c1\u0648 \u0632\u0644 \u06c1\u0648", "name_zht": "\u53ef\u53ef\u897f\u91cc\u6e56"}, "bbox": [90.932174, 35.524565, 91.338985, 35.662328], "geometry": {"type": "Polygon", "coordinates": [[[91.283056, 35.630242], [91.297774, 35.609048], [91.338985, 35.579906], [91.306605, 35.568426], [91.288649, 35.565188], [91.270692, 35.565482], [91.298951, 35.538695], [91.300129, 35.528686], [91.274519, 35.524565], [91.233014, 35.526626], [91.218884, 35.530747], [91.2024, 35.538989], [91.160012, 35.551353], [91.072291, 35.557534], [91.03785, 35.573135], [91.019305, 35.589325], [91.003704, 35.599923], [90.985454, 35.605516], [90.959844, 35.607282], [90.941888, 35.614641], [90.932174, 35.63142], [90.935412, 35.647904], [90.956606, 35.654969], [90.967792, 35.653202], [90.996934, 35.642017], [90.998111, 35.639956], [91.001644, 35.634952], [91.006648, 35.630242], [91.011946, 35.628182], [91.016067, 35.631714], [91.018422, 35.638484], [91.021072, 35.645549], [91.028136, 35.648787], [91.094368, 35.646726], [91.113502, 35.642017], [91.139112, 35.62877], [91.149709, 35.62671], [91.223005, 35.634658], [91.21859, 35.641428], [91.217118, 35.647021], [91.218884, 35.653497], [91.223005, 35.662328], [91.241256, 35.648198], [91.262745, 35.64025], [91.283056, 35.630242]]]}}, {"type": "Feature", "properties": {"featurecla": "Lake", "scalerank": 5, "name": null, "name_abb": null, "name_alt": null, "note": "_untitled_0", "delta": null, "dam_name": null, "year": -99, "admin": null, "min_zoom": 4.7, "min_label": 6, "label": null, "wikidataid": null, "name_ar": null, "name_bn": null, "name_de": null, "name_en": null, "name_es": null, "name_fr": null, "name_el": null, "name_hi": null, "name_hu": null, "name_id": null, "name_it": null, "name_ja": null, "name_ko": null, "name_nl": null, "name_pl": null, "name_pt": null, "name_ru": null, "name_sv": null, "name_tr": null, "name_vi": null, "name_zh": null, "ne_id": 1159115267, "name_fa": null, "name_he": null, "name_uk": null, "name_ur": null, "name_zht": null}, "bbox": [85.331307, 30.747624, 85.902963, 31.081139], "geometry": {"type": "Polygon", "coordinates": [[[85.89472, 30.955445], [85.900019, 30.944554], [85.902963, 30.933957], [85.898841, 30.922477], [85.885889, 30.913646], [85.876764, 30.916589], [85.873232, 30.926009], [85.878236, 30.936312], [85.870877, 30.931896], [85.862046, 30.93013], [85.852332, 30.93013], [85.841735, 30.931308], [85.856453, 30.91394], [85.862046, 30.886859], [85.861752, 30.85595], [85.85557, 30.814445], [85.843501, 30.777355], [85.836731, 30.764403], [85.815536, 30.747624], [85.799935, 30.749096], [85.784039, 30.756455], [85.761373, 30.758221], [85.765789, 30.766169], [85.770793, 30.770585], [85.778152, 30.772351], [85.788749, 30.771762], [85.788749, 30.778533], [85.771676, 30.782065], [85.769027, 30.789424], [85.772854, 30.795606], [85.775797, 30.795606], [85.780801, 30.793839], [85.791693, 30.800315], [85.803468, 30.810324], [85.809944, 30.819449], [85.785806, 30.817683], [85.761962, 30.830929], [85.743417, 30.852418], [85.733998, 30.874201], [85.718985, 30.868019], [85.70515, 30.871257], [85.69102, 30.878028], [85.675419, 30.88156], [85.658935, 30.879499], [85.610659, 30.86066], [85.598001, 30.871257], [85.589759, 30.864781], [85.584461, 30.848297], [85.582694, 30.830046], [85.574452, 30.819744], [85.555319, 30.82622], [85.522055, 30.846825], [85.413435, 30.87008], [85.377817, 30.888625], [85.36928, 30.895689], [85.358683, 30.909525], [85.331307, 30.957212], [85.333368, 30.975757], [85.341905, 30.993418], [85.353973, 31.008137], [85.396656, 31.036101], [85.405193, 31.045521], [85.406076, 31.05494], [85.3996, 31.070247], [85.40166, 31.076429], [85.411963, 31.081139], [85.424327, 31.080845], [85.43669, 31.077606], [85.446698, 31.073485], [85.480844, 31.049348], [85.497034, 31.041694], [85.522055, 31.03875], [85.536774, 31.034335], [85.567682, 31.015496], [85.586816, 31.011375], [85.613603, 31.001955], [85.629204, 30.999011], [85.638035, 31.004604], [85.634503, 31.014907], [85.626555, 31.020794], [85.627732, 31.02727], [85.651576, 31.03875], [85.656285, 31.031686], [85.665705, 31.02256], [85.67483, 31.019028], [85.678951, 31.028448], [85.685133, 31.037573], [85.698968, 31.037573], [85.747244, 31.02727], [85.783745, 31.005487], [85.802879, 30.996951], [85.854393, 30.992241], [85.880591, 30.984293], [85.891777, 30.966926], [85.89472, 30.955445]]]}}, {"type": "Feature", "properties": {"featurecla": "Lake", "scalerank": 6, "name": null, "name_abb": null, "name_alt": null, "note": "_untitled_32", "delta": null, "dam_name": null, "year": -99, "admin": null, "min_zoom": 5, "min_label": 6.5, "label": null, "wikidataid": null, "name_ar": null, "name_bn": null, "name_de": null, "name_en": null, "name_es": null, "name_fr": null, "name_el": null, "name_hi": null, "name_hu": null, "name_id": null, "name_it": null, "name_ja": null, "name_ko": null, "name_nl": null, "name_pl": null, "name_pt": null, "name_ru": null, "name_sv": null, "name_tr": null, "name_vi": null, "name_zh": null, "ne_id": 1159115681, "name_fa": null, "name_he": null, "name_uk": null, "name_ur": null, "name_zht": null}, "bbox": [89.994918, 33.313596, 90.407911, 33.725117], "geometry": {"type": "Polygon", "coordinates": [[[90.310771, 33.319189], [90.290754, 33.313596], [90.236003, 33.341561], [90.213337, 33.349803], [90.194497, 33.360989], [90.160351, 33.389837], [90.124144, 33.357751], [90.085877, 33.362461], [89.99639, 33.403377], [90.014641, 33.426044], [90.016996, 33.433991], [90.014346, 33.44606], [90.008165, 33.450181], [90.0011, 33.452242], [89.99639, 33.45754], [89.994918, 33.475202], [90.005515, 33.473142], [90.023177, 33.463428], [90.052908, 33.453714], [90.091175, 33.43458], [90.11914, 33.413091], [90.137979, 33.403672], [90.158879, 33.398668], [90.181251, 33.396607], [90.195969, 33.398079], [90.207449, 33.402789], [90.281923, 33.453419], [90.294287, 33.45754], [90.302823, 33.479912], [90.293109, 33.529071], [90.270149, 33.602073], [90.277508, 33.602073], [90.286928, 33.599424], [90.293404, 33.612965], [90.296936, 33.632393], [90.298113, 33.725117], [90.31607, 33.689499], [90.318719, 33.680668], [90.337558, 33.670954], [90.341679, 33.66389], [90.325489, 33.656825], [90.336086, 33.623856], [90.344034, 33.608549], [90.356103, 33.602073], [90.362285, 33.593537], [90.378475, 33.555564], [90.390838, 33.546733], [90.402024, 33.530543], [90.407028, 33.49257], [90.407911, 33.419862], [90.400258, 33.420745], [90.364051, 33.414563], [90.352865, 33.409853], [90.347567, 33.401317], [90.343151, 33.383066], [90.339619, 33.375707], [90.311654, 33.361872], [90.311654, 33.34892], [90.314598, 33.33273], [90.310771, 33.319189]]]}}, {"type": "Feature", "properties": {"featurecla": "Lake", "scalerank": 6, "name": null, "name_abb": null, "name_alt": null, "note": "_untitled_31", "delta": null, "dam_name": null, "year": -99, "admin": null, "min_zoom": 5, "min_label": 6.5, "label": null, "wikidataid": null, "name_ar": null, "name_bn": null, "name_de": null, "name_en": null, "name_es": null, "name_fr": null, "name_el": null, "name_hi": null, "name_hu": null, "name_id": null, "name_it": null, "name_ja": null, "name_ko": null, "name_nl": null, "name_pl": null, "name_pt": null, "name_ru": null, "name_sv": null, "name_tr": null, "name_vi": null, "name_zh": null, "ne_id": 1159115701, "name_fa": null, "name_he": null, "name_uk": null, "name_ur": null, "name_zht": null}, "bbox": [89.661404, 33.242949, 89.976668, 33.525244], "geometry": {"type": "Polygon", "coordinates": [[[89.956357, 33.512587], [89.973135, 33.492275], [89.976668, 33.484916], [89.972841, 33.471964], [89.964893, 33.46696], [89.955768, 33.464016], [89.948703, 33.45754], [89.947231, 33.437818], [89.949292, 33.410442], [89.946937, 33.38601], [89.93163, 33.375707], [89.916912, 33.370409], [89.902488, 33.35834], [89.891597, 33.343622], [89.887181, 33.330964], [89.882471, 33.308298], [89.870402, 33.292991], [89.85274, 33.282099], [89.832429, 33.27268], [89.848325, 33.260317], [89.843321, 33.247364], [89.82507, 33.242949], [89.800932, 33.255901], [89.793573, 33.266498], [89.798577, 33.269736], [89.807703, 33.271797], [89.811529, 33.280039], [89.807408, 33.286221], [89.790041, 33.302116], [89.784154, 33.313596], [89.777678, 33.347743], [89.777383, 33.383361], [89.788863, 33.41162], [89.8183, 33.423394], [89.806231, 33.430165], [89.752657, 33.430459], [89.728813, 33.436935], [89.674356, 33.478146], [89.661404, 33.492275], [89.667585, 33.499046], [89.692606, 33.483445], [89.739116, 33.464605], [89.788569, 33.453419], [89.821832, 33.461367], [89.830074, 33.46696], [89.838022, 33.470198], [89.84391, 33.475497], [89.846264, 33.488449], [89.84597, 33.499635], [89.847442, 33.509349], [89.852152, 33.516413], [89.863043, 33.519063], [89.929569, 33.525244], [89.948703, 33.519063], [89.956357, 33.512587]]]}}, {"type": "Feature", "properties": {"featurecla": "Lake", "scalerank": 6, "name": null, "name_abb": null, "name_alt": null, "note": "_untitled_30", "delta": null, "dam_name": null, "year": -99, "admin": null, "min_zoom": 5, "min_label": 6.5, "label": null, "wikidataid": null, "name_ar": null, "name_bn": null, "name_de": null, "name_en": null, "name_es": null, "name_fr": null, "name_el": null, "name_hi": null, "name_hu": null, "name_id": null, "name_it": null, "name_ja": null, "name_ko": null, "name_nl": null, "name_pl": null, "name_pt": null, "name_ru": null, "name_sv": null, "name_tr": null, "name_vi": null, "name_zh": null, "ne_id": 1159115721, "name_fa": null, "name_he": null, "name_uk": null, "name_ur": null, "name_zht": null}, "bbox": [75.912244, 31.868857, 76.200427, 32.178823], "geometry": {"type": "Polygon", "coordinates": [[[75.914893, 32.108764], [75.91872, 32.11053], [75.921369, 32.114357], [75.919014, 32.122894], [75.91872, 32.12672], [75.922252, 32.12937], [75.935499, 32.130841], [75.941681, 32.132313], [75.945507, 32.135257], [75.946096, 32.139672], [75.944624, 32.144382], [75.933144, 32.161455], [75.931083, 32.166165], [75.930495, 32.170875], [75.932555, 32.17529], [75.937265, 32.177645], [75.942564, 32.178823], [75.953749, 32.178234], [75.974355, 32.168226], [75.998198, 32.137023], [76.006146, 32.132902], [76.012034, 32.132608], [76.015272, 32.137023], [76.02528, 32.157923], [76.02999, 32.162044], [76.034994, 32.165282], [76.042353, 32.167048], [76.043825, 32.164104], [76.042942, 32.141144], [76.039409, 32.122599], [76.039115, 32.11524], [76.040587, 32.107881], [76.045591, 32.099933], [76.052067, 32.097284], [76.057954, 32.098167], [76.063547, 32.100522], [76.070612, 32.101111], [76.07385, 32.097578], [76.076499, 32.091985], [76.080326, 32.085804], [76.085625, 32.083449], [76.098577, 32.084921], [76.106524, 32.084626], [76.11094, 32.081094], [76.112412, 32.076678], [76.111234, 32.071085], [76.104758, 32.05519], [76.104758, 32.047536], [76.106524, 32.039588], [76.112117, 32.027814], [76.117122, 32.021632], [76.12242, 32.017511], [76.128307, 32.015451], [76.135078, 32.014568], [76.141554, 32.014862], [76.160982, 32.018689], [76.16893, 32.017511], [76.172756, 32.013684], [76.173345, 32.00868], [76.171579, 32.004559], [76.169813, 32.001615], [76.169224, 32.001027], [76.169224, 32.000732], [76.16893, 32.000438], [76.168635, 32.000144], [76.168341, 31.999849], [76.168341, 31.999555], [76.160982, 31.991018], [76.158333, 31.986014], [76.157449, 31.980127], [76.158627, 31.97424], [76.160982, 31.968058], [76.187475, 31.925081], [76.1966, 31.906242], [76.199544, 31.895644], [76.200427, 31.882692], [76.200132, 31.877983], [76.197777, 31.873567], [76.193656, 31.870329], [76.188358, 31.868857], [76.18247, 31.869446], [76.176583, 31.871507], [76.171579, 31.87445], [76.159804, 31.885342], [76.155389, 31.887402], [76.15009, 31.887108], [76.145381, 31.884459], [76.137727, 31.876511], [76.133606, 31.873567], [76.128602, 31.872095], [76.123598, 31.873273], [76.119182, 31.876216], [76.116533, 31.880632], [76.114472, 31.885636], [76.112117, 31.890346], [76.108585, 31.893878], [76.102109, 31.895056], [76.088568, 31.896233], [76.08327, 31.898588], [76.080032, 31.902415], [76.080326, 31.912718], [76.079149, 31.917722], [76.075911, 31.921548], [76.071201, 31.923903], [76.051184, 31.926553], [76.007912, 31.941271], [76.003791, 31.94392], [76.000553, 31.946864], [75.997904, 31.94863], [75.993194, 31.950985], [75.980242, 31.954223], [75.969351, 31.959521], [75.963463, 31.961288], [75.942269, 31.962171], [75.936676, 31.963348], [75.93491, 31.964526], [75.934616, 31.965409], [75.934616, 31.965997], [75.934321, 31.967469], [75.939914, 31.975711], [75.944035, 31.986897], [75.946979, 31.991901], [75.954044, 31.999555], [75.954044, 31.999849], [75.954044, 32.000438], [75.954338, 32.000438], [75.958165, 32.036939], [75.956693, 32.041649], [75.951983, 32.044593], [75.93962, 32.049008], [75.93491, 32.051952], [75.931378, 32.055778], [75.930495, 32.060488], [75.931378, 32.064904], [75.931967, 32.070497], [75.931672, 32.075501], [75.933144, 32.080799], [75.936676, 32.089042], [75.934616, 32.092868], [75.929317, 32.095518], [75.917543, 32.099933], [75.913716, 32.102877], [75.912244, 32.10582], [75.914893, 32.108764]]]}}, {"type": "Feature", "properties": {"featurecla": "Lake", "scalerank": 6, "name": null, "name_abb": null, "name_alt": null, "note": "_untitled_29", "delta": null, "dam_name": null, "year": -99, "admin": null, "min_zoom": 5, "min_label": 6.5, "label": null, "wikidataid": null, "name_ar": null, "name_bn": null, "name_de": null, "name_en": null, "name_es": null, "name_fr": null, "name_el": null, "name_hi": null, "name_hu": null, "name_id": null, "name_it": null, "name_ja": null, "name_ko": null, "name_nl": null, "name_pl": null, "name_pt": null, "name_ru": null, "name_sv": null, "name_tr": null, "name_vi": null, "name_zh": null, "ne_id": 1159115741, "name_fa": null, "name_he": null, "name_uk": null, "name_ur": null, "name_zht": null}, "bbox": [91.421113, 31.929496, 91.534443, 32.135551], "geometry": {"type": "Polygon", "coordinates": [[[91.527084, 32.119067], [91.533854, 32.094046], [91.534443, 32.067553], [91.532088, 32.046653], [91.516192, 31.999261], [91.511482, 31.971296], [91.518253, 31.950396], [91.506184, 31.942154], [91.463207, 31.929496], [91.467622, 31.943331], [91.463501, 31.952457], [91.454081, 31.958638], [91.442601, 31.964231], [91.431415, 31.980716], [91.424056, 32.012507], [91.421113, 32.047536], [91.421996, 32.07344], [91.433476, 32.095223], [91.455847, 32.118772], [91.483812, 32.135257], [91.510894, 32.135551], [91.527084, 32.119067]]]}}, {"type": "Feature", "properties": {"featurecla": "Lake", "scalerank": 6, "name": null, "name_abb": null, "name_alt": null, "note": "_untitled_28", "delta": null, "dam_name": null, "year": -99, "admin": null, "min_zoom": 5, "min_label": 6.5, "label": null, "wikidataid": null, "name_ar": null, "name_bn": null, "name_de": null, "name_en": null, "name_es": null, "name_fr": null, "name_el": null, "name_hi": null, "name_hu": null, "name_id": null, "name_it": null, "name_ja": null, "name_ko": null, "name_nl": null, "name_pl": null, "name_pt": null, "name_ru": null, "name_sv": null, "name_tr": null, "name_vi": null, "name_zh": null, "ne_id": 1159115757, "name_fa": null, "name_he": null, "name_uk": null, "name_ur": null, "name_zht": null}, "bbox": [87.409224, 31.833239, 87.617045, 31.979244], "geometry": {"type": "Polygon", "coordinates": [[[87.606153, 31.953634], [87.606153, 31.944214], [87.617045, 31.922137], [87.610863, 31.903887], [87.597617, 31.887108], [87.570535, 31.861498], [87.555228, 31.850901], [87.538155, 31.843542], [87.519022, 31.840598], [87.481343, 31.841187], [87.463092, 31.839126], [87.447197, 31.833239], [87.417466, 31.843542], [87.409224, 31.877099], [87.418938, 31.912718], [87.499888, 31.962465], [87.539038, 31.979244], [87.557289, 31.97424], [87.580838, 31.965114], [87.592024, 31.958638], [87.601444, 31.958638], [87.604976, 31.957461], [87.606153, 31.953634]]]}}, {"type": "Feature", "properties": {"featurecla": "Lake", "scalerank": 6, "name": "Banggong Co", "name_abb": "Banggong Co", "name_alt": null, "note": null, "delta": null, "dam_name": null, "year": -99, "admin": null, "min_zoom": 5, "min_label": 6.5, "label": "Banggong Co", "wikidataid": "Q1032254", "name_ar": "\u0628\u062d\u064a\u0631\u0629 \u0628\u0627\u0646\u063a\u0648\u0646\u0642", "name_bn": "\u09aa\u09cd\u09af\u09be\u0999\u09cd\u0997\u0982 \u09b9\u09cd\u09b0\u09a6", "name_de": "Pangong Tso", "name_en": "Pangong Tso", "name_es": "Pangong Tso", "name_fr": "Pangong", "name_el": "\u039c\u03c0\u03b1\u03bd\u03b3\u03ba\u03cc\u03b3\u03ba \u039a\u03bf", "name_hi": "\u092a\u093e\u0902\u0917\u094b\u0902\u0917 \u0924\u094d\u0938\u094b", "name_hu": "Banggong-t\u00f3", "name_id": "Pangong Tso", "name_it": "Pangong Tso", "name_ja": "\u30d1\u30f3\u30b4\u30f3\u6e56", "name_ko": "\ubc29\uacf5 \ucf54", "name_nl": "Pangong", "name_pl": "Banggong Co", "name_pt": "Pangong Tso", "name_ru": "\u041f\u0430\u043d\u0433\u043e\u043d\u0433-\u0426\u043e", "name_sv": "Pangongsj\u00f6n", "name_tr": "Pangong", "name_vi": "Pangong Tso", "name_zh": "\u73ed\u516c\u9519", "ne_id": 1159115773, "name_fa": "\u0628\u0646\u06af\u0648\u0646\u06af \u06a9\u0648", "name_he": "\u05d0\u05d2\u05dd \u05d1\u05d0\u05e0\u05d2\u05d5\u05e0\u05d2", "name_uk": "\u041f\u0430\u043d\u0433\u043e\u043d\u0433-\u0426\u043e", "name_ur": "\u0628\u06cc\u0646\u06af\u0648\u0646\u06af \u06a9\u0648", "name_zht": "\u73ed\u516c\u932f"}, "bbox": [78.435533, 33.669777, 78.984817, 33.979154], "geometry": {"type": "Polygon", "coordinates": [[[78.962445, 33.74013], [78.980401, 33.735715], [78.984817, 33.720996], [78.970393, 33.711577], [78.948316, 33.706573], [78.928888, 33.704512], [78.861773, 33.689499], [78.8238, 33.698919], [78.799956, 33.690088], [78.776407, 33.677136], [78.758157, 33.669777], [78.727543, 33.678019], [78.69163, 33.703629], [78.656307, 33.738364], [78.628048, 33.773393], [78.605382, 33.809011], [78.590958, 33.826967], [78.576534, 33.834915], [78.563582, 33.839919], [78.486458, 33.893199], [78.456728, 33.92087], [78.435533, 33.951483], [78.435533, 33.978859], [78.447897, 33.967674], [78.456728, 33.968851], [78.464675, 33.975033], [78.473506, 33.978859], [78.488225, 33.979154], [78.49735, 33.977682], [78.501765, 33.973561], [78.502648, 33.95531], [78.505003, 33.949129], [78.511185, 33.937943], [78.545331, 33.896437], [78.551807, 33.907918], [78.559461, 33.905857], [78.576534, 33.886429], [78.589191, 33.87907], [78.60126, 33.874949], [78.61068, 33.869945], [78.618334, 33.846101], [78.637467, 33.831972], [78.641588, 33.824318], [78.679561, 33.783107], [78.729014, 33.744545], [78.75904, 33.728944], [78.785532, 33.725117], [78.792597, 33.728944], [78.805255, 33.742485], [78.813497, 33.746017], [78.820856, 33.74484], [78.833514, 33.735715], [78.840284, 33.732477], [78.855885, 33.730416], [78.868249, 33.731888], [78.880023, 33.737186], [78.895625, 33.746017], [78.913286, 33.734243], [78.962445, 33.74013]]]}}, {"type": "Feature", "properties": {"featurecla": "Lake", "scalerank": 7, "name": null, "name_abb": null, "name_alt": null, "note": "_untitled_16", "delta": null, "dam_name": null, "year": -99, "admin": null, "min_zoom": 5.7, "min_label": 6.7, "label": null, "wikidataid": null, "name_ar": null, "name_bn": null, "name_de": null, "name_en": null, "name_es": null, "name_fr": null, "name_el": null, "name_hi": null, "name_hu": null, "name_id": null, "name_it": null, "name_ja": null, "name_ko": null, "name_nl": null, "name_pl": null, "name_pt": null, "name_ru": null, "name_sv": null, "name_tr": null, "name_vi": null, "name_zh": null, "ne_id": 1159116763, "name_fa": null, "name_he": null, "name_uk": null, "name_ur": null, "name_zht": null}, "bbox": [84.006963, 30.332277, 84.096156, 30.516548], "geometry": {"type": "Polygon", "coordinates": [[[84.062009, 30.504774], [84.091446, 30.462974], [84.096156, 30.452966], [84.094684, 30.427062], [84.088796, 30.408222], [84.08703, 30.392916], [84.089091, 30.361419], [84.085558, 30.350233], [84.08232, 30.343168], [84.082026, 30.337575], [84.08026, 30.333748], [84.072312, 30.332277], [84.065542, 30.335515], [84.062009, 30.342874], [84.061126, 30.352293], [84.062009, 30.360241], [84.051412, 30.408222], [84.03846, 30.413227], [84.034339, 30.425884], [84.034633, 30.456498], [84.028746, 30.470628], [84.010496, 30.495649], [84.006963, 30.508012], [84.014322, 30.516548], [84.03169, 30.515665], [84.050529, 30.510367], [84.062009, 30.504774]]]}}, {"type": "Feature", "properties": {"featurecla": "Lake", "scalerank": 8, "name": null, "name_abb": null, "name_alt": null, "note": "_untitled_45", "delta": null, "dam_name": null, "year": -99, "admin": null, "min_zoom": 6, "min_label": 7, "label": null, "wikidataid": null, "name_ar": null, "name_bn": null, "name_de": null, "name_en": null, "name_es": null, "name_fr": null, "name_el": null, "name_hi": null, "name_hu": null, "name_id": null, "name_it": null, "name_ja": null, "name_ko": null, "name_nl": null, "name_pl": null, "name_pt": null, "name_ru": null, "name_sv": null, "name_tr": null, "name_vi": null, "name_zh": null, "ne_id": 1159116893, "name_fa": null, "name_he": null, "name_uk": null, "name_ur": null, "name_zht": null}, "bbox": [90.937472, 23.960471, 91.238901, 24.37052], "geometry": {"type": "Polygon", "coordinates": [[[91.210053, 24.362278], [91.215941, 24.37052], [91.238901, 24.336962], [91.217413, 24.323127], [91.183266, 24.308998], [91.168842, 24.275146], [91.160895, 24.268376], [91.153241, 24.256307], [91.140289, 24.24777], [91.122922, 24.242766], [91.103494, 24.241], [91.094368, 24.23629], [91.094368, 24.225987], [91.096429, 24.214507], [91.09378, 24.206853], [91.087009, 24.205676], [91.079356, 24.208325], [91.065815, 24.218039], [91.032846, 24.175945], [91.021366, 24.172118], [91.009886, 24.169175], [91.003704, 24.165937], [91.00812, 24.146214], [91.049036, 24.124137], [91.059045, 24.107358], [91.057867, 24.081749], [91.055807, 24.07174], [91.051686, 24.062615], [91.022543, 24.04407], [91.017539, 24.038771], [91.01489, 24.033767], [90.996934, 24.007569], [90.976328, 23.960471], [90.970147, 23.98137], [90.97309, 24.008746], [90.982216, 24.032295], [90.993401, 24.042304], [91.009886, 24.051429], [91.029608, 24.072035], [91.036967, 24.092934], [91.017539, 24.103826], [91.024604, 24.117955], [91.006942, 24.141505], [90.98251, 24.151219], [90.969852, 24.124726], [90.962788, 24.124726], [90.963082, 24.142093], [90.957195, 24.15063], [90.950719, 24.147981], [90.949247, 24.130907], [90.937472, 24.13915], [90.941888, 24.15063], [90.955723, 24.161227], [90.990752, 24.169175], [90.997228, 24.178594], [90.996934, 24.213624], [91.00547, 24.210091], [91.010475, 24.202732], [91.012829, 24.192724], [91.011946, 24.180066], [91.017539, 24.180066], [91.028136, 24.193901], [91.041383, 24.205382], [91.053157, 24.219511], [91.059045, 24.241], [91.058162, 24.256895], [91.054335, 24.272791], [91.052863, 24.286037], [91.059045, 24.295457], [91.075823, 24.297518], [91.090542, 24.288687], [91.113502, 24.268376], [91.127631, 24.263666], [91.139406, 24.262783], [91.148826, 24.267198], [91.155007, 24.277501], [91.155007, 24.289275], [91.148826, 24.298695], [91.140584, 24.307526], [91.134696, 24.316062], [91.130869, 24.332547], [91.134696, 24.339317], [91.143822, 24.343144], [91.155302, 24.350797], [91.155596, 24.350503], [91.164427, 24.355213], [91.168842, 24.350797], [91.172375, 24.34962], [91.175613, 24.348737], [91.178851, 24.347265], [91.181794, 24.344027], [91.210053, 24.362278]]]}}, {"type": "Feature", "properties": {"featurecla": "Lake", "scalerank": 8, "name": null, "name_abb": null, "name_alt": null, "note": "_untitled_31", "delta": null, "dam_name": null, "year": -99, "admin": null, "min_zoom": 6, "min_label": 7, "label": null, "wikidataid": null, "name_ar": null, "name_bn": null, "name_de": null, "name_en": null, "name_es": null, "name_fr": null, "name_el": null, "name_hi": null, "name_hu": null, "name_id": null, "name_it": null, "name_ja": null, "name_ko": null, "name_nl": null, "name_pl": null, "name_pt": null, "name_ru": null, "name_sv": null, "name_tr": null, "name_vi": null, "name_zh": null, "ne_id": 1159117157, "name_fa": null, "name_he": null, "name_uk": null, "name_ur": null, "name_zht": null}, "bbox": [87.180797, 34.569354, 87.364186, 34.631465], "geometry": {"type": "Polygon", "coordinates": [[[87.348585, 34.627344], [87.358888, 34.622339], [87.364186, 34.607621], [87.360948, 34.593492], [87.353295, 34.582306], [87.344169, 34.575535], [87.324447, 34.569943], [87.311201, 34.574358], [87.298543, 34.5826], [87.282059, 34.589665], [87.244969, 34.591725], [87.214649, 34.589665], [87.20729, 34.584072], [87.202875, 34.575535], [87.198165, 34.569354], [87.190511, 34.572297], [87.188745, 34.576713], [87.189334, 34.583778], [87.191394, 34.590842], [87.194044, 34.597024], [87.180797, 34.589665], [87.191983, 34.615863], [87.214649, 34.61969], [87.268518, 34.609976], [87.286768, 34.625577], [87.289418, 34.627344], [87.29295, 34.631465], [87.300309, 34.629993], [87.313261, 34.6244], [87.338282, 34.627638], [87.348585, 34.627344]]]}}, {"type": "Feature", "properties": {"featurecla": "Lake", "scalerank": 8, "name": "Elsen Nur", "name_abb": "Elsen Nur", "name_alt": null, "note": null, "delta": null, "dam_name": null, "year": -99, "admin": null, "min_zoom": 6, "min_label": 7, "label": "Elsen Nur", "wikidataid": "Q31845278", "name_ar": "\u0628\u062d\u064a\u0631\u0629 \u0625\u0644\u0633\u064a\u0646", "name_bn": "\u098f\u09b2\u09b8\u09c7\u09a8 \u09a8\u09c1\u09b0", "name_de": "Elsen Nur", "name_en": "Elsen Nur", "name_es": "Elsen Nur", "name_fr": "Elsen Nur", "name_el": "\u0388\u03bb\u03c3\u03b5\u03bd \u039d\u03bf\u03c5\u03c1", "name_hi": "\u090f\u0932\u094d\u0938\u0947\u0928 \u0928\u0942\u0930", "name_hu": "Elsen Nur", "name_id": "Elsen Nur", "name_it": "Elsen Nur", "name_ja": "\u30a8\u30eb\u30bb\u30f3\u30fb\u30cc\u30fc\u30eb\u6e56", "name_ko": "\uc5d8\uc13c \ub204\ub974", "name_nl": "Elsen Nur", "name_pl": "Elsen Nur", "name_pt": "Lago Elsen", "name_ru": "\u043e\u0437\u0435\u0440\u043e \u042d\u043b\u0441\u044d\u043d", "name_sv": "Elsen Nur", "name_tr": "Elsen Nur", "name_vi": "H\u1ed3 Elsen Nur", "name_zh": "\u591a\u5c14\u6539\u9519\u6e56", "ne_id": 1159117201, "name_fa": "\u0627\u0644\u0633\u0646 \u0646\u0648\u0631", "name_he": "\u05d0\u05dc\u05e1\u05df", "name_uk": "\u0415\u043b\u0441\u0435\u043d-\u041d\u0443\u0440", "name_ur": "\u0627\u06cc\u0644\u0633\u06cc\u0646 \u0646\u0648\u0631", "name_zht": "\u57c3\u68ee\u52aa\u723e\u6e56"}, "bbox": [91.935661, 35.161614, 92.298612, 35.278183], "geometry": {"type": "Polygon", "coordinates": [[[92.062826, 35.219898], [92.035745, 35.211068], [91.963331, 35.221665], [91.935661, 35.21666], [91.944786, 35.233734], [91.968041, 35.243742], [91.994534, 35.251395], [92.038688, 35.271118], [92.095795, 35.270823], [92.120816, 35.278183], [92.164676, 35.259049], [92.190875, 35.253456], [92.213541, 35.260815], [92.233852, 35.264347], [92.258578, 35.25375], [92.281539, 35.236383], [92.298612, 35.222842], [92.272119, 35.199587], [92.234441, 35.183986], [92.194113, 35.178982], [92.162027, 35.189579], [92.157906, 35.176038], [92.1582, 35.170151], [92.162027, 35.161614], [92.155257, 35.161614], [92.140538, 35.177216], [92.111691, 35.199882], [92.081666, 35.217838], [92.062826, 35.219898]]]}}, {"type": "Feature", "properties": {"featurecla": "Lake", "scalerank": 8, "name": null, "name_abb": null, "name_alt": null, "note": "_untitled_30", "delta": null, "dam_name": null, "year": -99, "admin": null, "min_zoom": 6, "min_label": 7, "label": null, "wikidataid": null, "name_ar": null, "name_bn": null, "name_de": null, "name_en": null, "name_es": null, "name_fr": null, "name_el": null, "name_hi": null, "name_hu": null, "name_id": null, "name_it": null, "name_ja": null, "name_ko": null, "name_nl": null, "name_pl": null, "name_pt": null, "name_ru": null, "name_sv": null, "name_tr": null, "name_vi": null, "name_zh": null, "ne_id": 1159117219, "name_fa": null, "name_he": null, "name_uk": null, "name_ur": null, "name_zht": null}, "bbox": [80.988848, 7.801352, 81.150454, 7.999459], "geometry": {"type": "Polygon", "coordinates": [[[81.142212, 7.999459], [81.148393, 7.989745], [81.150454, 7.979148], [81.144861, 7.958248], [81.087754, 7.889661], [81.085105, 7.883185], [81.079512, 7.879064], [81.074508, 7.860225], [81.070975, 7.855809], [81.068032, 7.854632], [81.0436, 7.845801], [81.028293, 7.834321], [81.013869, 7.82755], [81.001211, 7.819014], [80.992086, 7.801352], [80.988848, 7.815481], [80.99503, 7.831377], [81.005627, 7.844035], [81.015929, 7.849039], [81.034769, 7.851688], [81.048015, 7.859047], [81.057729, 7.869939], [81.142212, 7.999459]]]}}, {"type": "Feature", "properties": {"featurecla": "Lake", "scalerank": 8, "name": null, "name_abb": null, "name_alt": null, "note": "_untitled_24", "delta": null, "dam_name": null, "year": -99, "admin": null, "min_zoom": 6, "min_label": 7, "label": null, "wikidataid": null, "name_ar": null, "name_bn": null, "name_de": null, "name_en": null, "name_es": null, "name_fr": null, "name_el": null, "name_hi": null, "name_hu": null, "name_id": null, "name_it": null, "name_ja": null, "name_ko": null, "name_nl": null, "name_pl": null, "name_pt": null, "name_ru": null, "name_sv": null, "name_tr": null, "name_vi": null, "name_zh": null, "ne_id": 1159117431, "name_fa": null, "name_he": null, "name_uk": null, "name_ur": null, "name_zht": null}, "bbox": [74.515781, 34.298833, 74.665023, 34.420406], "geometry": {"type": "Polygon", "coordinates": [[[74.649422, 34.398328], [74.660608, 34.3998], [74.665023, 34.382727], [74.663257, 34.375368], [74.652954, 34.369481], [74.642357, 34.370069], [74.627345, 34.375662], [74.61351, 34.383316], [74.605267, 34.389792], [74.596731, 34.380666], [74.587311, 34.376545], [74.57848, 34.37684], [74.571121, 34.382433], [74.563762, 34.365654], [74.574654, 34.332391], [74.571121, 34.31414], [74.557286, 34.301188], [74.540802, 34.298833], [74.525495, 34.305604], [74.515781, 34.32091], [74.522845, 34.355057], [74.521079, 34.380961], [74.522845, 34.389792], [74.52991, 34.402744], [74.541096, 34.413635], [74.555225, 34.420406], [74.569944, 34.419817], [74.593493, 34.410986], [74.649422, 34.398328]]]}}, {"type": "Feature", "properties": {"featurecla": "Lake", "scalerank": 8, "name": null, "name_abb": null, "name_alt": null, "note": "_untitled_23", "delta": null, "dam_name": null, "year": -99, "admin": null, "min_zoom": 6, "min_label": 7, "label": null, "wikidataid": null, "name_ar": null, "name_bn": null, "name_de": null, "name_en": null, "name_es": null, "name_fr": null, "name_el": null, "name_hi": null, "name_hu": null, "name_id": null, "name_it": null, "name_ja": null, "name_ko": null, "name_nl": null, "name_pl": null, "name_pt": null, "name_ru": null, "name_sv": null, "name_tr": null, "name_vi": null, "name_zh": null, "ne_id": 1159117449, "name_fa": null, "name_he": null, "name_uk": null, "name_ur": null, "name_zht": null}, "bbox": [73.577348, 33.123143, 73.87024, 33.323016], "geometry": {"type": "Polygon", "coordinates": [[[73.847868, 33.162588], [73.865825, 33.149636], [73.87024, 33.13845], [73.87024, 33.128441], [73.864059, 33.123143], [73.851695, 33.125792], [73.846397, 33.127853], [73.841687, 33.12903], [73.83109, 33.12903], [73.823142, 33.131679], [73.820787, 33.137567], [73.820198, 33.144337], [73.817549, 33.149636], [73.795766, 33.162882], [73.728357, 33.190552], [73.712167, 33.207625], [73.704219, 33.209686], [73.700981, 33.194085], [73.702453, 33.184959], [73.714522, 33.155817], [73.669189, 33.134917], [73.650056, 33.132268], [73.63887, 33.149636], [73.641519, 33.152874], [73.647407, 33.160821], [73.652116, 33.172007], [73.652411, 33.183782], [73.646818, 33.194085], [73.638576, 33.200266], [73.618559, 33.211158], [73.615026, 33.216162], [73.613555, 33.222638], [73.612966, 33.228525], [73.612083, 33.231469], [73.607079, 33.231763], [73.598836, 33.229997], [73.59236, 33.227348], [73.585296, 33.227348], [73.581175, 33.226759], [73.57882, 33.228231], [73.577348, 33.238534], [73.580586, 33.238239], [73.587356, 33.2403], [73.594421, 33.243243], [73.597953, 33.245893], [73.596482, 33.265615], [73.592655, 33.285043], [73.590889, 33.303588], [73.597953, 33.320956], [73.60855, 33.309475], [73.614438, 33.296818], [73.613849, 33.283866], [73.604724, 33.27268], [73.617087, 33.255901], [73.637104, 33.234118], [73.658887, 33.22146], [73.676549, 33.231174], [73.679787, 33.240888], [73.680964, 33.251486], [73.680375, 33.272974], [73.684791, 33.28416], [73.693033, 33.28887], [73.698626, 33.293874], [73.69421, 33.306826], [73.717465, 33.309181], [73.733066, 33.318012], [73.744547, 33.323016], [73.748668, 33.320956], [73.753378, 33.297701], [73.741603, 33.270619], [73.721586, 33.246481], [73.700981, 33.231469], [73.715405, 33.225582], [73.762503, 33.217928], [73.788996, 33.20792], [73.802536, 33.204387], [73.817549, 33.204976], [73.810779, 33.180838], [73.825497, 33.169947], [73.847868, 33.162588]]]}}, {"type": "Feature", "properties": {"featurecla": "Lake", "scalerank": 8, "name": null, "name_abb": null, "name_alt": null, "note": "_untitled_13", "delta": null, "dam_name": null, "year": -99, "admin": null, "min_zoom": 6, "min_label": 7, "label": null, "wikidataid": null, "name_ar": null, "name_bn": null, "name_de": null, "name_en": null, "name_es": null, "name_fr": null, "name_el": null, "name_hi": null, "name_hu": null, "name_id": null, "name_it": null, "name_ja": null, "name_ko": null, "name_nl": null, "name_pl": null, "name_pt": null, "name_ru": null, "name_sv": null, "name_tr": null, "name_vi": null, "name_zh": null, "ne_id": 1159117563, "name_fa": null, "name_he": null, "name_uk": null, "name_ur": null, "name_zht": null}, "bbox": [75.379739, 24.7267, 75.639369, 24.926279], "geometry": {"type": "Polygon", "coordinates": [[[75.560773, 24.819131], [75.573137, 24.836204], [75.577846, 24.854454], [75.57608, 24.862402], [75.566661, 24.874766], [75.564306, 24.885068], [75.57137, 24.909501], [75.571665, 24.918626], [75.576963, 24.922453], [75.582556, 24.925102], [75.589621, 24.926279], [75.599041, 24.926279], [75.593742, 24.90273], [75.605222, 24.87506], [75.622295, 24.84739], [75.633776, 24.823252], [75.639369, 24.792638], [75.637897, 24.778214], [75.629949, 24.765262], [75.606989, 24.739064], [75.591976, 24.730527], [75.585206, 24.744951], [75.555475, 24.75702], [75.418301, 24.7267], [75.379739, 24.754959], [75.411825, 24.754959], [75.43508, 24.758492], [75.457157, 24.764379], [75.472464, 24.772327], [75.486888, 24.781747], [75.530748, 24.795876], [75.545466, 24.805001], [75.560773, 24.819131]]]}}, {"type": "Feature", "properties": {"featurecla": "Lake", "scalerank": 9, "name": "Aqqikkol Hu", "name_abb": "Aqqikkol Hu", "name_alt": null, "note": null, "delta": null, "dam_name": null, "year": -99, "admin": null, "min_zoom": 7, "min_label": 8, "label": "Aqqikkol Hu", "wikidataid": "Q16936775", "name_ar": "\u0628\u062d\u064a\u0631\u0629 \u0622\u0642\u064a\u0642\u0643\u0648\u0644", "name_bn": "\u0986\u0995\u09cd\u0995\u09c1\u09bf\u0987\u0995\u09cb\u09b2 \u09b9\u09c1", "name_de": "Aqqikkol Hu", "name_en": "Aqqikkol Hu", "name_es": "Aqqikkol Hu", "name_fr": "Lake Aqqikkol", "name_el": "\u0391\u03ba\u03ba\u03b9\u03ba\u03cc\u03bb \u03a7\u03bf\u03c5", "name_hi": "\u0905\u0915\u094d\u0915\u093f\u0915\u094d\u0915\u094b\u0932 \u0939\u0941", "name_hu": "Aqqikkol-t\u00f3", "name_id": "Danau Aqqikkol", "name_it": "Lago Aqqikkol", "name_ja": "\u30a2\u30af\u30ad\u30b3\u30eb\u6e56", "name_ko": "\uc544\ud034\ucf5c \ud6c4", "name_nl": "Lake Aqqikkol", "name_pl": "Jezioro Aqqikkol", "name_pt": "Lago Aqqikkol", "name_ru": "\u0410\u043a\u043a\u0438\u043a\u043a\u043e\u043b\u044c", "name_sv": "Aqqikkol Hu", "name_tr": "Aqqikkol Hu", "name_vi": "H\u1ed3 Aqqikkol", "name_zh": "\u963f\u5176\u514b\u5eab\u52d2\u6e56", "ne_id": 1159119895, "name_fa": "\u0622\u06a9\u06cc\u06a9\u0648\u0644 \u0647\u0648", "name_he": "\u05d0\u05d2\u05dd \u05d0\u05e7\u05d9\u05e7\u05d5\u05dc", "name_uk": "\u0410\u043a\u043a\u0438\u043a\u043e\u043b\u044c", "name_ur": "\u0627\u0642\u06cc\u06a9\u0648\u0644 \u06c1\u0648", "name_zht": "\u963f\u5176\u514b\u5eab\u52d2\u6e56"}, "bbox": [88.276421, 36.983434, 88.557538, 37.173593], "geometry": {"type": "Polygon", "coordinates": [[[88.404763, 36.984317], [88.359431, 36.996092], [88.334705, 37.014931], [88.308506, 37.024645], [88.288489, 37.050549], [88.276421, 37.060263], [88.342358, 37.143568], [88.372089, 37.16329], [88.415655, 37.173299], [88.46658, 37.173593], [88.514855, 37.165351], [88.550179, 37.148867], [88.555772, 37.127084], [88.557538, 37.089994], [88.551651, 37.05467], [88.540171, 37.039069], [88.525453, 37.043484], [88.522215, 37.052904], [88.517799, 37.062324], [88.49896, 37.066445], [88.470995, 37.067622], [88.465991, 37.059969], [88.455394, 37.009927], [88.450684, 37.000801], [88.440381, 36.991971], [88.420365, 36.983434], [88.404763, 36.984317]]]}}, {"type": "Feature", "properties": {"featurecla": "Lake", "scalerank": 9, "name": null, "name_abb": null, "name_alt": null, "note": "_untitled_262", "delta": null, "dam_name": null, "year": -99, "admin": null, "min_zoom": 7, "min_label": 8, "label": null, "wikidataid": null, "name_ar": null, "name_bn": null, "name_de": null, "name_en": null, "name_es": null, "name_fr": null, "name_el": null, "name_hi": null, "name_hu": null, "name_id": null, "name_it": null, "name_ja": null, "name_ko": null, "name_nl": null, "name_pl": null, "name_pt": null, "name_ru": null, "name_sv": null, "name_tr": null, "name_vi": null, "name_zh": null, "ne_id": 1159119911, "name_fa": null, "name_he": null, "name_uk": null, "name_ur": null, "name_zht": null}, "bbox": [94.972027, 36.876874, 95.299949, 37.054964], "geometry": {"type": "Polygon", "coordinates": [[[95.231067, 37.007866], [95.295239, 36.962828], [95.299949, 36.937808], [95.293767, 36.907488], [95.279637, 36.88335], [95.259326, 36.876874], [95.236955, 36.893947], [95.201042, 36.947816], [95.173666, 36.959296], [95.148351, 36.96695], [95.116854, 37.000213], [95.091244, 37.007866], [95.028545, 37.010221], [95.000286, 37.016403], [94.972027, 37.027589], [94.983213, 37.03377], [94.994399, 37.034948], [95.006468, 37.034359], [95.019714, 37.035242], [95.030017, 37.039363], [95.052388, 37.052315], [95.064163, 37.054964], [95.087123, 37.052021], [95.130395, 37.038186], [95.193683, 37.027294], [95.231067, 37.007866]]]}}, {"type": "Feature", "properties": {"featurecla": "Lake", "scalerank": 9, "name": "Gas Hu", "name_abb": "Gas Hu", "name_alt": null, "note": null, "delta": null, "dam_name": null, "year": -99, "admin": null, "min_zoom": 7, "min_label": 8, "label": "Gas Hu", "wikidataid": "Q28794395", "name_ar": "\u063a\u0627\u0632 \u0647\u0648", "name_bn": "\u0997\u09cd\u09af\u09be\u09b8 \u09b9\u09c1", "name_de": "Gas Hu", "name_en": "Gas Hure Hu", "name_es": "Gas Hu", "name_fr": "Gas Hu", "name_el": "\u0393\u03ba\u03b1\u03b6 \u03a7\u03bf\u03c5", "name_hi": "\u0917\u0948\u0938 \u0939\u0942", "name_hu": "Gas Hu", "name_id": "Gas Hu", "name_it": "Gas Hu", "name_ja": "\u30ac\u30b9\u30fb\u30d5\u30fc\u6e56", "name_ko": "\uac00\uc2a4 \ud6c4", "name_nl": "Gas Lake", "name_pl": "Jezioro Gas", "name_pt": "Lago Gas", "name_ru": null, "name_sv": "Gas Hure Hu", "name_tr": "Gas Hu", "name_vi": "H\u1ed3 T\u01b0 Kh\u1ed1 L\u1eb7c", "name_zh": "\u5c15\u65af\u5e93\u4e50\u6e56", "ne_id": 1159119929, "name_fa": "\u06af\u0627\u0633 \u0647\u0648", "name_he": "\u05d2\u05d6 \u05d4\u05d5", "name_uk": "\u043e\u0437\u0435\u0440\u043e \u0413\u0435\u0441", "name_ur": "\u06af\u06cc\u0633 \u06c1\u0648", "name_zht": "\u5c15\u65af\u5e93\u4e50\u6e56"}, "bbox": [90.706102, 37.996635, 91.020189, 38.17031], "geometry": {"type": "Polygon", "coordinates": [[[90.80177, 38.17031], [90.825614, 38.159124], [90.899499, 38.122034], [90.953662, 38.112615], [90.985748, 38.100251], [91.007237, 38.081118], [91.003704, 38.056097], [91.020189, 38.05021], [91.009003, 38.048738], [90.976328, 38.049326], [90.972502, 38.044028], [90.972207, 38.027838], [90.969852, 38.021362], [90.961316, 38.016652], [90.939827, 38.009293], [90.932468, 38.004289], [90.914217, 37.996635], [90.899499, 38.008999], [90.880954, 38.042556], [90.868885, 38.052564], [90.850929, 38.061395], [90.831501, 38.067577], [90.815311, 38.069932], [90.79971, 38.074642], [90.780576, 38.084061], [90.761148, 38.090537], [90.738482, 38.085533], [90.725824, 38.087299], [90.71405, 38.090832], [90.709046, 38.09407], [90.708163, 38.104078], [90.706691, 38.111732], [90.706102, 38.11968], [90.709046, 38.13116], [90.728768, 38.153237], [90.763503, 38.167367], [90.80177, 38.17031]]]}}, {"type": "Feature", "properties": {"featurecla": "Lake", "scalerank": 9, "name": "Hoh Sai Hu", "name_abb": "Hoh Sai Hu", "name_alt": null, "note": null, "delta": null, "dam_name": null, "year": -99, "admin": null, "min_zoom": 7, "min_label": 8, "label": null, "wikidataid": null, "name_ar": "\u0628\u062d\u064a\u0631\u0629 \u0647\u0648 \u0633\u0627\u064a", "name_bn": "\u09b9\u09cb \u09b8\u09be\u0987 \u09b9\u09c1", "name_de": "Hoh Sai Hu", "name_en": "Hoh Sai Hu", "name_es": "Hoh Sai Hu", "name_fr": "Kusai Lake", "name_el": "\u03a7\u03bf \u03a3\u03ac\u03b9 \u03a7\u03bf\u03c5", "name_hi": "\u0939\u094b \u0938\u093e\u0908 \u0939\u0941", "name_hu": "Hoh Sai Hu", "name_id": "Hoh Sai Hu", "name_it": "Hoh Sai Hu", "name_ja": "\u5eab\u8cfd\u6e56", "name_ko": "\ud638 \uc0ac\uc774 \ud6c4", "name_nl": "Kusai Lake", "name_pl": "Hoh Sai Hu", "name_pt": "Lago Hoh Sai", "name_ru": "\u043e\u0437\u0435\u0440\u043e \u041a\u0443\u0441\u0430\u0438\u0445\u0443", "name_sv": "Hoh Sai Hu", "name_tr": "Hoh Sai Hu", "name_vi": "Kh\u1ed1 T\u00e1i H\u1ed3", "name_zh": "\u5e93\u8d5b\u6e56", "ne_id": 1159119947, "name_fa": "\u0647\u0648 \u0633\u0627\u06cc \u0647\u0648", "name_he": "\u05d4\u05d5 \u05e1\u05d0\u05d9", "name_uk": "\u0425\u043e\u0445-\u0441\u0430\u0439-\u0445\u0443", "name_ur": "\u06c1\u0648 \u0633\u0626\u06cc \u06c1\u0648", "name_zht": "\u5eab\u8cfd\u6e56"}, "bbox": [92.607106, 35.66586, 93.038938, 35.86014], "geometry": {"type": "Polygon", "coordinates": [[[92.973883, 35.732975], [92.996255, 35.718846], [93.038938, 35.700006], [93.025986, 35.681167], [93.006558, 35.671159], [92.983597, 35.666743], [92.914422, 35.66586], [92.899409, 35.673514], [92.826701, 35.737096], [92.821108, 35.757407], [92.806684, 35.771831], [92.788728, 35.78184], [92.70925, 35.80951], [92.693354, 35.819224], [92.674221, 35.82776], [92.623001, 35.834531], [92.607106, 35.843362], [92.621235, 35.858374], [92.673632, 35.86014], [92.771655, 35.850132], [92.776659, 35.851604], [92.785785, 35.857786], [92.809922, 35.830704], [92.82258, 35.818929], [92.840536, 35.809215], [92.887046, 35.796558], [92.901764, 35.788904], [92.954455, 35.758879], [92.964169, 35.744455], [92.973883, 35.732975]]]}}, {"type": "Feature", "properties": {"featurecla": "Lake", "scalerank": 9, "name": "Huiten Nur", "name_abb": "Huiten Nur", "name_alt": null, "note": null, "delta": null, "dam_name": null, "year": -99, "admin": null, "min_zoom": 7, "min_label": 8, "label": "Huiten Nur", "wikidataid": "Q10906051", "name_ar": "\u062d\u0648\u062a\u064a\u0646 \u0646\u0648\u0631", "name_bn": "\u09b9\u09c1\u0987\u09a4\u09c7\u09a8 \u09a8\u09c2\u09b0", "name_de": "Huiten Nur", "name_en": "Huiten Nur", "name_es": "Huiten Nur", "name_fr": "Zhuonai Lake", "name_el": "\u03a7\u03bf\u03c5\u03af\u03c4\u03b5\u03bd \u039d\u03bf\u03c5\u03c1", "name_hi": "\u0939\u0941\u0907\u091f\u0947\u0928 \u0928\u0942\u0909\u0930", "name_hu": "Huiten Nur", "name_id": "Huiten Nur", "name_it": "Huiten Nur", "name_ja": "\u5353\u4e43\u6e56", "name_ko": "\ud6c4\uc774\ud150 \ub204\ub974", "name_nl": "Zhuonai Lake", "name_pl": "Jezioro Zhuonai", "name_pt": "Lago Huiten", "name_ru": "\u043e\u0437\u0435\u0440\u043e \u0425\u0443\u0439\u0442\u0435\u043d", "name_sv": "Huiten Nur", "name_tr": "Huiten Nur", "name_vi": "H\u1ed3 Tr\u00e1c N\u00e3i", "name_zh": "\u5353\u4e43\u6e56", "ne_id": 1159119961, "name_fa": "\u0647\u0648\u06cc\u062a\u0646 \u0646\u0648\u0631", "name_he": "\u05d4\u05d5\u05d9\u05d8\u05df", "name_uk": "\u0425\u043e\u0430\u0439\u0442\u0443\u043d\u0445\u0443", "name_ur": "\u06c1\u0648\u0626\u06cc\u0679\u06cc\u0646 \u0646\u0648\u0631", "name_zht": "\u5353\u4e43\u6e56"}, "bbox": [91.784652, 35.507492, 92.099916, 35.645843], "geometry": {"type": "Polygon", "coordinates": [[[92.038688, 35.574902], [92.057528, 35.569603], [92.099916, 35.562833], [92.099916, 35.556062], [92.089319, 35.551941], [92.052229, 35.528098], [92.047519, 35.533691], [92.036334, 35.543405], [92.031624, 35.549292], [92.004248, 35.533102], [91.970102, 35.518678], [91.93625, 35.508964], [91.907991, 35.507492], [91.889151, 35.518384], [91.880909, 35.521327], [91.870901, 35.521622], [91.849707, 35.519856], [91.839698, 35.521327], [91.825863, 35.528686], [91.784652, 35.569603], [91.795249, 35.574902], [91.804963, 35.583144], [91.811439, 35.595213], [91.812028, 35.61052], [91.86207, 35.639367], [91.880909, 35.645549], [91.904164, 35.645843], [91.946258, 35.634069], [91.966864, 35.631125], [92.038688, 35.574902]]]}}, {"type": "Feature", "properties": {"featurecla": "Lake", "scalerank": 9, "name": null, "name_abb": null, "name_alt": null, "note": "_untitled_261", "delta": null, "dam_name": null, "year": -99, "admin": null, "min_zoom": 7, "min_label": 8, "label": null, "wikidataid": null, "name_ar": null, "name_bn": null, "name_de": null, "name_en": null, "name_es": null, "name_fr": null, "name_el": null, "name_hi": null, "name_hu": null, "name_id": null, "name_it": null, "name_ja": null, "name_ko": null, "name_nl": null, "name_pl": null, "name_pt": null, "name_ru": null, "name_sv": null, "name_tr": null, "name_vi": null, "name_zh": null, "ne_id": 1159119979, "name_fa": null, "name_he": null, "name_uk": null, "name_ur": null, "name_zht": null}, "bbox": [90.057912, 35.70295, 90.347861, 35.818046], "geometry": {"type": "Polygon", "coordinates": [[[90.215397, 35.703539], [90.126499, 35.720906], [90.083522, 35.736213], [90.057912, 35.757407], [90.060267, 35.788021], [90.101478, 35.79332], [90.188316, 35.785372], [90.223051, 35.803034], [90.244833, 35.806566], [90.267205, 35.79538], [90.283984, 35.794497], [90.328727, 35.818046], [90.346095, 35.812748], [90.347861, 35.805683], [90.346389, 35.797735], [90.338147, 35.78184], [90.324312, 35.741217], [90.296347, 35.715313], [90.258669, 35.70295], [90.215397, 35.703539]]]}}, {"type": "Feature", "properties": {"featurecla": "Lake", "scalerank": 9, "name": null, "name_abb": null, "name_alt": null, "note": "_untitled_260", "delta": null, "dam_name": null, "year": -99, "admin": null, "min_zoom": 7, "min_label": 8, "label": null, "wikidataid": null, "name_ar": null, "name_bn": null, "name_de": null, "name_en": null, "name_es": null, "name_fr": null, "name_el": null, "name_hi": null, "name_hu": null, "name_id": null, "name_it": null, "name_ja": null, "name_ko": null, "name_nl": null, "name_pl": null, "name_pt": null, "name_ru": null, "name_sv": null, "name_tr": null, "name_vi": null, "name_zh": null, "ne_id": 1159119997, "name_fa": null, "name_he": null, "name_uk": null, "name_ur": null, "name_zht": null}, "bbox": [90.092058, 35.143364, 90.648995, 35.287897], "geometry": {"type": "Polygon", "coordinates": [[[90.400552, 35.164558], [90.354631, 35.151017], [90.240124, 35.161026], [90.201856, 35.143364], [90.196852, 35.152195], [90.19067, 35.156316], [90.183311, 35.156021], [90.17448, 35.150134], [90.163883, 35.158671], [90.145633, 35.180454], [90.133564, 35.191051], [90.120317, 35.197527], [90.108543, 35.200765], [90.098829, 35.206358], [90.092058, 35.219015], [90.110015, 35.21931], [90.116196, 35.228435], [90.118551, 35.241387], [90.126205, 35.252573], [90.141806, 35.257577], [90.153286, 35.252279], [90.165061, 35.244036], [90.181251, 35.239621], [90.213631, 35.234322], [90.21157, 35.223431], [90.187138, 35.213422], [90.154169, 35.211656], [90.154169, 35.205475], [90.170654, 35.198999], [90.20009, 35.193111], [90.225405, 35.190756], [90.230998, 35.191345], [90.236591, 35.189579], [90.2466, 35.181337], [90.254547, 35.177216], [90.261318, 35.178393], [90.266911, 35.183692], [90.270149, 35.191051], [90.263673, 35.19164], [90.258963, 35.1937], [90.255136, 35.196055], [90.250426, 35.197821], [90.257785, 35.211951], [90.264556, 35.231673], [90.274564, 35.244919], [90.290754, 35.239621], [90.291049, 35.251984], [90.295464, 35.265231], [90.303706, 35.276122], [90.315186, 35.280538], [90.321957, 35.282009], [90.333143, 35.287602], [90.339619, 35.287897], [90.344623, 35.285247], [90.352865, 35.276122], [90.356103, 35.274356], [90.364934, 35.263759], [90.383773, 35.216366], [90.400552, 35.205475], [90.39231, 35.236972], [90.385834, 35.252867], [90.377003, 35.259932], [90.373765, 35.266702], [90.380241, 35.277888], [90.389661, 35.280243], [90.39437, 35.259932], [90.400258, 35.263759], [90.406145, 35.265231], [90.418214, 35.263759], [90.467667, 35.226963], [90.483563, 35.219015], [90.492394, 35.216955], [90.520947, 35.219015], [90.529778, 35.216955], [90.536843, 35.211951], [90.551855, 35.197821], [90.555388, 35.211951], [90.560686, 35.21666], [90.567457, 35.214894], [90.575993, 35.208418], [90.585707, 35.206063], [90.597482, 35.210184], [90.609551, 35.216072], [90.619559, 35.219015], [90.631039, 35.217249], [90.642519, 35.212539], [90.648995, 35.204886], [90.643697, 35.194583], [90.575993, 35.188402], [90.517709, 35.17074], [90.499753, 35.173095], [90.481208, 35.183692], [90.465901, 35.199587], [90.455598, 35.219015], [90.437936, 35.165735], [90.422629, 35.147191], [90.400552, 35.164558]]]}}, {"type": "Feature", "properties": {"featurecla": "Lake", "scalerank": 9, "name": null, "name_abb": null, "name_alt": null, "note": "_untitled_259", "delta": null, "dam_name": null, "year": -99, "admin": null, "min_zoom": 7, "min_label": 8, "label": null, "wikidataid": null, "name_ar": null, "name_bn": null, "name_de": null, "name_en": null, "name_es": null, "name_fr": null, "name_el": null, "name_hi": null, "name_hu": null, "name_id": null, "name_it": null, "name_ja": null, "name_ko": null, "name_nl": null, "name_pl": null, "name_pt": null, "name_ru": null, "name_sv": null, "name_tr": null, "name_vi": null, "name_zh": null, "ne_id": 1159120019, "name_fa": null, "name_he": null, "name_uk": null, "name_ur": null, "name_zht": null}, "bbox": [90.256608, 34.683567, 90.739071, 34.909639], "geometry": {"type": "Polygon", "coordinates": [[[90.739071, 34.840169], [90.733184, 34.835459], [90.698743, 34.835459], [90.689323, 34.838108], [90.665774, 34.851355], [90.653705, 34.855181], [90.626918, 34.854593], [90.580114, 34.839286], [90.555388, 34.835459], [90.486801, 34.835459], [90.479736, 34.837519], [90.476792, 34.842229], [90.476204, 34.846939], [90.476204, 34.849], [90.460897, 34.84635], [90.456187, 34.837519], [90.452949, 34.826039], [90.442057, 34.815148], [90.424101, 34.808966], [90.386423, 34.803668], [90.366406, 34.794542], [90.366406, 34.787183], [90.38083, 34.78424], [90.420274, 34.78159], [90.428517, 34.777175], [90.435287, 34.769816], [90.451183, 34.76805], [90.469433, 34.76805], [90.483563, 34.766578], [90.499164, 34.757452], [90.499753, 34.748622], [90.493866, 34.737436], [90.490039, 34.721834], [90.483268, 34.71477], [90.449417, 34.709471], [90.435287, 34.705056], [90.460602, 34.694164], [90.460308, 34.68445], [90.442352, 34.683567], [90.414093, 34.698285], [90.339619, 34.753331], [90.322546, 34.745384], [90.30665, 34.747738], [90.29517, 34.758924], [90.290754, 34.777175], [90.297525, 34.79101], [90.314009, 34.798075], [90.352865, 34.800724], [90.338441, 34.813382], [90.256608, 34.835459], [90.263967, 34.84635], [90.266028, 34.854298], [90.263967, 34.872843], [90.268677, 34.880497], [90.279568, 34.880202], [90.292226, 34.877847], [90.301057, 34.879908], [90.319308, 34.895215], [90.339619, 34.904046], [90.362579, 34.908461], [90.388778, 34.909639], [90.398492, 34.907578], [90.402907, 34.902868], [90.406734, 34.896981], [90.414093, 34.890799], [90.428222, 34.88344], [90.434698, 34.881674], [90.469728, 34.885795], [90.476498, 34.883146], [90.486801, 34.872843], [90.499164, 34.864601], [90.50564, 34.87196], [90.51035, 34.890799], [90.531544, 34.896687], [90.553327, 34.896098], [90.649584, 34.88138], [90.660181, 34.87667], [90.668423, 34.871666], [90.674899, 34.869016], [90.684613, 34.868722], [90.706396, 34.870783], [90.715816, 34.869016], [90.723764, 34.86254], [90.733772, 34.85106], [90.739071, 34.840169]]]}}, {"type": "Feature", "properties": {"featurecla": "Lake", "scalerank": 9, "name": null, "name_abb": null, "name_alt": null, "note": "_untitled_258", "delta": null, "dam_name": null, "year": -99, "admin": null, "min_zoom": 7, "min_label": 8, "label": null, "wikidataid": null, "name_ar": null, "name_bn": null, "name_de": null, "name_en": null, "name_es": null, "name_fr": null, "name_el": null, "name_hi": null, "name_hu": null, "name_id": null, "name_it": null, "name_ja": null, "name_ko": null, "name_nl": null, "name_pl": null, "name_pt": null, "name_ru": null, "name_sv": null, "name_tr": null, "name_vi": null, "name_zh": null, "ne_id": 1159120043, "name_fa": null, "name_he": null, "name_uk": null, "name_ur": null, "name_zht": null}, "bbox": [90.387894, 34.909639, 90.39437, 34.909933], "geometry": {"type": "Polygon", "coordinates": [[[90.388778, 34.909639], [90.388483, 34.909639], [90.387894, 34.909933], [90.39437, 34.909933], [90.388778, 34.909639]]]}}, {"type": "Feature", "properties": {"featurecla": "Lake", "scalerank": 9, "name": null, "name_abb": null, "name_alt": null, "note": "_untitled_257", "delta": null, "dam_name": null, "year": -99, "admin": null, "min_zoom": 7, "min_label": 8, "label": null, "wikidataid": null, "name_ar": null, "name_bn": null, "name_de": null, "name_en": null, "name_es": null, "name_fr": null, "name_el": null, "name_hi": null, "name_hu": null, "name_id": null, "name_it": null, "name_ja": null, "name_ko": null, "name_nl": null, "name_pl": null, "name_pt": null, "name_ru": null, "name_sv": null, "name_tr": null, "name_vi": null, "name_zh": null, "ne_id": 1159120061, "name_fa": null, "name_he": null, "name_uk": null, "name_ur": null, "name_zht": null}, "bbox": [89.135081, 35.215189, 89.387056, 35.384154], "geometry": {"type": "Polygon", "coordinates": [[[89.361152, 35.260226], [89.374693, 35.265525], [89.387056, 35.246391], [89.386173, 35.223725], [89.372338, 35.215189], [89.353205, 35.218132], [89.335543, 35.229613], [89.319647, 35.236972], [89.300219, 35.24227], [89.290799, 35.250512], [89.30434, 35.266702], [89.284323, 35.271412], [89.236048, 35.274945], [89.203373, 35.293784], [89.180413, 35.299377], [89.157158, 35.299966], [89.139791, 35.294078], [89.135081, 35.304381], [89.137436, 35.312623], [89.153626, 35.328813], [89.158041, 35.329991], [89.177469, 35.328813], [89.181002, 35.330579], [89.181002, 35.334112], [89.180118, 35.338822], [89.180707, 35.343237], [89.17688, 35.341471], [89.173937, 35.347064], [89.172759, 35.3556], [89.173937, 35.362371], [89.178647, 35.366786], [89.1863, 35.371496], [89.19572, 35.375028], [89.280497, 35.384154], [89.302574, 35.379149], [89.309933, 35.367081], [89.314054, 35.351185], [89.335837, 35.320277], [89.341724, 35.30232], [89.344374, 35.283187], [89.345257, 35.263464], [89.349967, 35.252279], [89.361152, 35.260226]]]}}, {"type": "Feature", "properties": {"featurecla": "Lake", "scalerank": 9, "name": null, "name_abb": null, "name_alt": null, "note": "_untitled_256", "delta": null, "dam_name": null, "year": -99, "admin": null, "min_zoom": 7, "min_label": 8, "label": null, "wikidataid": null, "name_ar": null, "name_bn": null, "name_de": null, "name_en": null, "name_es": null, "name_fr": null, "name_el": null, "name_hi": null, "name_hu": null, "name_id": null, "name_it": null, "name_ja": null, "name_ko": null, "name_nl": null, "name_pl": null, "name_pt": null, "name_ru": null, "name_sv": null, "name_tr": null, "name_vi": null, "name_zh": null, "ne_id": 1159120079, "name_fa": null, "name_he": null, "name_uk": null, "name_ur": null, "name_zht": null}, "bbox": [88.838362, 34.491053, 89.235753, 34.645594], "geometry": {"type": "Polygon", "coordinates": [[[89.229572, 34.59202], [89.235459, 34.568471], [89.235753, 34.558168], [89.234281, 34.547865], [89.229866, 34.539329], [89.221918, 34.533736], [89.204845, 34.533736], [89.194837, 34.543744], [89.189244, 34.555519], [89.18424, 34.561112], [89.163928, 34.564644], [89.128016, 34.579657], [89.105644, 34.581717], [89.086511, 34.58054], [89.08239, 34.577302], [89.07768, 34.568471], [89.07974, 34.564644], [89.07768, 34.523727], [89.070321, 34.503711], [89.052364, 34.493997], [89.029698, 34.491053], [88.989076, 34.49488], [88.96435, 34.500767], [88.94551, 34.512836], [88.941978, 34.533736], [88.914013, 34.513425], [88.916663, 34.566704], [88.920784, 34.581717], [88.888109, 34.574652], [88.868092, 34.587899], [88.838362, 34.629993], [88.853374, 34.642356], [88.876335, 34.645594], [88.895763, 34.637352], [88.900473, 34.615569], [88.911364, 34.620573], [88.923727, 34.621456], [88.935796, 34.61969], [88.933736, 34.615569], [89.021456, 34.599379], [89.064728, 34.597613], [89.105644, 34.602028], [89.112709, 34.606149], [89.117124, 34.611448], [89.124484, 34.615863], [89.139791, 34.615569], [89.151271, 34.611153], [89.162457, 34.598496], [89.170699, 34.595847], [89.216914, 34.599379], [89.229572, 34.59202]]]}}, {"type": "Feature", "properties": {"featurecla": "Lake", "scalerank": 9, "name": null, "name_abb": null, "name_alt": null, "note": "_untitled_255", "delta": null, "dam_name": null, "year": -99, "admin": null, "min_zoom": 7, "min_label": 8, "label": null, "wikidataid": null, "name_ar": null, "name_bn": null, "name_de": null, "name_en": null, "name_es": null, "name_fr": null, "name_el": null, "name_hi": null, "name_hu": null, "name_id": null, "name_it": null, "name_ja": null, "name_ko": null, "name_nl": null, "name_pl": null, "name_pt": null, "name_ru": null, "name_sv": null, "name_tr": null, "name_vi": null, "name_zh": null, "ne_id": 1159120097, "name_fa": null, "name_he": null, "name_uk": null, "name_ur": null, "name_zht": null}, "bbox": [89.276375, 36.230745, 89.611656, 36.457405], "geometry": {"type": "Polygon", "coordinates": [[[89.57751, 36.291384], [89.602825, 36.274016], [89.611656, 36.253705], [89.588696, 36.243991], [89.572506, 36.240459], [89.563381, 36.233983], [89.554255, 36.230745], [89.537182, 36.23781], [89.530706, 36.242519], [89.526585, 36.248112], [89.52423, 36.254588], [89.523347, 36.261948], [89.519815, 36.265774], [89.500681, 36.266363], [89.483019, 36.271662], [89.45476, 36.27696], [89.448873, 36.282259], [89.443574, 36.28844], [89.356443, 36.336127], [89.327889, 36.34643], [89.29757, 36.347607], [89.299336, 36.362031], [89.295804, 36.382637], [89.288739, 36.401182], [89.280497, 36.40913], [89.277847, 36.420021], [89.276375, 36.441804], [89.282852, 36.457405], [89.30434, 36.450046], [89.339369, 36.424142], [89.373516, 36.410013], [89.448873, 36.388524], [89.482725, 36.372334], [89.510395, 36.350551], [89.533061, 36.324058], [89.551312, 36.29315], [89.57751, 36.291384]]]}}, {"type": "Feature", "properties": {"featurecla": "Lake", "scalerank": 9, "name": null, "name_abb": null, "name_alt": null, "note": "_untitled_254", "delta": null, "dam_name": null, "year": -99, "admin": null, "min_zoom": 7, "min_label": 8, "label": null, "wikidataid": null, "name_ar": null, "name_bn": null, "name_de": null, "name_en": null, "name_es": null, "name_fr": null, "name_el": null, "name_hi": null, "name_hu": null, "name_id": null, "name_it": null, "name_ja": null, "name_ko": null, "name_nl": null, "name_pl": null, "name_pt": null, "name_ru": null, "name_sv": null, "name_tr": null, "name_vi": null, "name_zh": null, "ne_id": 1159120117, "name_fa": null, "name_he": null, "name_uk": null, "name_ur": null, "name_zht": null}, "bbox": [90.516826, 31.135596, 90.633394, 31.354898], "geometry": {"type": "Polygon", "coordinates": [[[90.633394, 31.333409], [90.617498, 31.30044], [90.612494, 31.28219], [90.616321, 31.268354], [90.627507, 31.249515], [90.619853, 31.220962], [90.627212, 31.2033], [90.609256, 31.161795], [90.606607, 31.151786], [90.599837, 31.14531], [90.584235, 31.139129], [90.567162, 31.135596], [90.555388, 31.138246], [90.52183, 31.170037], [90.520947, 31.175924], [90.516826, 31.183283], [90.535371, 31.240684], [90.553621, 31.260112], [90.558626, 31.271298], [90.557743, 31.285722], [90.550383, 31.310154], [90.551855, 31.326639], [90.556271, 31.34224], [90.560392, 31.349599], [90.568928, 31.352543], [90.586296, 31.354014], [90.601308, 31.354898], [90.615438, 31.353131], [90.626918, 31.34695], [90.633394, 31.333409]]]}}, {"type": "Feature", "properties": {"featurecla": "Lake", "scalerank": 9, "name": null, "name_abb": null, "name_alt": null, "note": "_untitled_253", "delta": null, "dam_name": null, "year": -99, "admin": null, "min_zoom": 7, "min_label": 8, "label": null, "wikidataid": null, "name_ar": null, "name_bn": null, "name_de": null, "name_en": null, "name_es": null, "name_fr": null, "name_el": null, "name_hi": null, "name_hu": null, "name_id": null, "name_it": null, "name_ja": null, "name_ko": null, "name_nl": null, "name_pl": null, "name_pt": null, "name_ru": null, "name_sv": null, "name_tr": null, "name_vi": null, "name_zh": null, "ne_id": 1159120139, "name_fa": null, "name_he": null, "name_uk": null, "name_ur": null, "name_zht": null}, "bbox": [88.135126, 31.779076, 88.352366, 31.855022], "geometry": {"type": "Polygon", "coordinates": [[[88.328229, 31.810573], [88.335588, 31.806452], [88.345007, 31.803214], [88.352366, 31.792323], [88.33912, 31.790851], [88.31822, 31.781431], [88.307918, 31.779076], [88.296732, 31.781137], [88.268473, 31.791145], [88.26288, 31.795855], [88.259347, 31.805275], [88.250811, 31.803508], [88.224907, 31.785847], [88.216076, 31.78202], [88.206656, 31.779959], [88.151021, 31.779665], [88.135126, 31.78673], [88.143074, 31.80292], [88.158969, 31.817638], [88.177809, 31.832062], [88.199003, 31.839126], [88.221374, 31.833239], [88.265529, 31.820876], [88.280542, 31.826469], [88.283485, 31.855022], [88.294082, 31.851195], [88.307918, 31.843836], [88.319986, 31.834122], [88.324991, 31.823231], [88.328229, 31.810573]]]}}, {"type": "Feature", "properties": {"featurecla": "Lake", "scalerank": 9, "name": null, "name_abb": null, "name_alt": null, "note": "_untitled_252", "delta": null, "dam_name": null, "year": -99, "admin": null, "min_zoom": 7, "min_label": 8, "label": null, "wikidataid": null, "name_ar": null, "name_bn": null, "name_de": null, "name_en": null, "name_es": null, "name_fr": null, "name_el": null, "name_hi": null, "name_hu": null, "name_id": null, "name_it": null, "name_ja": null, "name_ko": null, "name_nl": null, "name_pl": null, "name_pt": null, "name_ru": null, "name_sv": null, "name_tr": null, "name_vi": null, "name_zh": null, "ne_id": 1159120155, "name_fa": null, "name_he": null, "name_uk": null, "name_ur": null, "name_zht": null}, "bbox": [87.821628, 31.617765, 88.172804, 31.794678], "geometry": {"type": "Polygon", "coordinates": [[[88.125706, 31.689884], [88.086261, 31.677521], [87.997069, 31.661919], [87.918768, 31.634543], [87.898751, 31.630128], [87.875202, 31.628362], [87.832814, 31.617765], [87.821628, 31.62012], [87.830753, 31.641314], [87.83458, 31.642786], [87.840762, 31.643374], [87.846943, 31.648379], [87.851359, 31.663097], [87.851359, 31.674871], [87.84606, 31.695477], [87.844588, 31.707251], [87.851947, 31.723147], [87.869021, 31.734922], [87.906699, 31.751112], [87.929071, 31.764358], [87.939962, 31.769362], [87.954386, 31.772306], [87.979113, 31.766124], [88.01061, 31.766419], [88.040635, 31.772011], [88.088028, 31.794678], [88.108044, 31.781137], [88.110105, 31.760531], [88.08479, 31.751112], [88.09833, 31.73816], [88.142191, 31.752878], [88.163385, 31.748168], [88.172804, 31.728151], [88.162502, 31.711372], [88.143368, 31.698126], [88.125706, 31.689884]]]}}, {"type": "Feature", "properties": {"featurecla": "Lake", "scalerank": 9, "name": null, "name_abb": null, "name_alt": null, "note": "_untitled_251", "delta": null, "dam_name": null, "year": -99, "admin": null, "min_zoom": 7, "min_label": 8, "label": null, "wikidataid": null, "name_ar": null, "name_bn": null, "name_de": null, "name_en": null, "name_es": null, "name_fr": null, "name_el": null, "name_hi": null, "name_hu": null, "name_id": null, "name_it": null, "name_ja": null, "name_ko": null, "name_nl": null, "name_pl": null, "name_pt": null, "name_ru": null, "name_sv": null, "name_tr": null, "name_vi": null, "name_zh": null, "ne_id": 1159120165, "name_fa": null, "name_he": null, "name_uk": null, "name_ur": null, "name_zht": null}, "bbox": [82.18897, 34.111029, 82.458314, 34.32091], "geometry": {"type": "Polygon", "coordinates": [[[82.43918, 34.144586], [82.45537, 34.131634], [82.458314, 34.116033], [82.445067, 34.111029], [82.422107, 34.114561], [82.398263, 34.122215], [82.382956, 34.128985], [82.367061, 34.141937], [82.353226, 34.155478], [82.338213, 34.166369], [82.317608, 34.17049], [82.306716, 34.178144], [82.28405, 34.211113], [82.244016, 34.229363], [82.211636, 34.255856], [82.18897, 34.289413], [82.191325, 34.32091], [82.295236, 34.276461], [82.322023, 34.25409], [82.357052, 34.191096], [82.37913, 34.166958], [82.407094, 34.15695], [82.419752, 34.153712], [82.43918, 34.144586]]]}}, {"type": "Feature", "properties": {"featurecla": "Lake", "scalerank": 9, "name": "Lumajangdong Co", "name_abb": "Lumajangdong Co", "name_alt": null, "note": null, "delta": null, "dam_name": null, "year": -99, "admin": null, "min_zoom": 7, "min_label": 8, "label": "Lumajangdong Co", "wikidataid": "Q6703023", "name_ar": "\u0628\u062d\u064a\u0631\u0629 \u0644\u0648\u0645\u0627\u062c\u0627\u0646\u062f\u0648\u0646\u063a", "name_bn": "\u09b2\u09c1\u09ae\u09be\u099c\u09be\u0982\u0997\u09a6\u0982 \u0995\u09cb", "name_de": "Lumajangdong Co", "name_en": "Lumajangdong", "name_es": "Lumajangdong Co", "name_fr": "Lumajangdong Co", "name_el": "\u039b\u03bf\u03c5\u03bc\u03b1\u03b3\u03b9\u03b1\u03bd\u03c4\u03cc\u03bd\u03b3\u03ba \u039a\u03bf", "name_hi": "\u0932\u0941\u092e\u093e\u091c\u093e\u0902\u0917\u0921\u094b\u0902\u0917 \u0915\u094b", "name_hu": "Lumajangdong Co", "name_id": "Lumajangdong Co", "name_it": "Lumajangdong Co", "name_ja": "\u9b6f\u746a\u6c5f\u6771\u932f", "name_ko": "\ub8e8\ub9c8\uc7a5\ub3d9 \ucf54", "name_nl": "Lumajangdong Co", "name_pl": "Lumajangdong Co", "name_pt": "Lumajangdong Co", "name_ru": "\u043e\u0437\u0435\u0440\u043e \u041b\u0443\u043c\u0430\u0446\u0437\u044f\u043d\u0434\u0443\u043d-\u041a\u043e", "name_sv": "Lumajangdong Co", "name_tr": "Lumajangdong Co", "name_vi": "H\u1ed3 L\u1ed7 M\u00e3 Giang \u0110\u00f4ng Th\u00e1c", "name_zh": "\u9c81\u739b\u6c5f\u4e1c\u9519", "ne_id": 1159120185, "name_fa": "\u0644\u0648\u0645\u0627\u062c\u0627\u0646\u06af\u062f\u0648\u0646\u06af \u06a9\u0648", "name_he": "\u05dc\u05d5\u05de\u05d1\u05d9\u05e0\u05d9", "name_uk": "\u041b\u0443\u043c\u0430\u0434\u0436\u0430\u043d\u0433\u0434\u043e\u043d\u0433", "name_ur": "\u0644\u0648\u0645\u0627\u062c\u0627\u0646\u06af \u0688\u0627\u0646\u06af \u06a9\u0648", "name_zht": "\u9c81\u739b\u6c5f\u4e1c\u9519"}, "bbox": [81.409789, 33.909978, 81.814539, 34.122215], "geometry": {"type": "Polygon", "coordinates": [[[81.797172, 34.033611], [81.811007, 34.025075], [81.814539, 34.006235], [81.809241, 33.987396], [81.797172, 33.978859], [81.776566, 33.979742], [81.768324, 33.984158], [81.752428, 34.012417], [81.740948, 34.02478], [81.729174, 34.030373], [81.717105, 34.026841], [81.704741, 34.012417], [81.694733, 33.981509], [81.691495, 33.9506], [81.682958, 33.924991], [81.657349, 33.909978], [81.650873, 33.931761], [81.652639, 33.945302], [81.658526, 33.958254], [81.663825, 33.978859], [81.639393, 33.972089], [81.621731, 33.982686], [81.607307, 33.998287], [81.592, 34.006235], [81.580225, 34.009179], [81.574338, 34.015655], [81.569628, 34.02272], [81.560797, 34.026546], [81.548434, 34.026252], [81.540192, 34.02272], [81.495154, 33.991517], [81.476904, 33.982686], [81.454826, 33.978859], [81.430394, 33.955605], [81.416265, 33.950012], [81.409789, 33.968262], [81.415087, 33.981214], [81.426862, 33.984158], [81.440697, 33.983569], [81.451294, 33.98563], [81.456298, 33.991811], [81.493977, 34.050684], [81.508989, 34.067757], [81.523119, 34.075116], [81.533127, 34.077177], [81.539309, 34.082476], [81.539898, 34.088952], [81.53401, 34.094839], [81.522824, 34.096311], [81.499864, 34.088363], [81.492505, 34.088068], [81.486323, 34.10102], [81.505163, 34.111912], [81.532833, 34.119565], [81.554027, 34.122215], [81.573161, 34.121037], [81.591411, 34.110146], [81.595532, 34.088068], [81.632917, 34.095428], [81.667063, 34.08483], [81.70062, 34.068935], [81.751545, 34.056571], [81.778627, 34.037732], [81.797172, 34.033611]]]}}, {"type": "Feature", "properties": {"featurecla": "Lake", "scalerank": 9, "name": "Gozha Co", "name_abb": "Gozha Co", "name_alt": null, "note": null, "delta": null, "dam_name": null, "year": -99, "admin": null, "min_zoom": 7, "min_label": 8, "label": "Gozha Co", "wikidataid": "Q5619693", "name_ar": "\u0628\u062d\u064a\u0631\u0629 \u062c\u0648\u0632\u0647\u0627", "name_bn": "\u0997\u09cb\u099d\u09be \u099a\u09cb", "name_de": "Gozha Co", "name_en": "Guozha", "name_es": "Gozha Co", "name_fr": "Gozha Co", "name_el": "\u0393\u03ba\u03cc\u03b6\u03b1 \u039a\u03bf", "name_hi": "\u0917\u094b\u091d\u093e \u0924\u091f", "name_hu": "Gozha Co", "name_id": "Gozha Co", "name_it": "Gozha Co", "name_ja": "\u30b0\u30aa\u30b6\u6e56", "name_ko": "\uace0\uc790 \ucf54", "name_nl": "Gozha Co", "name_pl": "Gouzha", "name_pt": "Lago Guozha", "name_ru": "\u043e\u0437\u0435\u0440\u043e \u0413\u043e\u0447\u0436\u0430", "name_sv": "Gozha Co", "name_tr": "Gozha Co", "name_vi": "H\u1ed3 Qu\u00e1ch Tr\u00e1t Th\u00e1c", "name_zh": "\u90ed\u624e\u9519", "ne_id": 1159120203, "name_fa": "\u06af\u0648\u0698\u0627 \u06a9\u0648", "name_he": "\u05d2\u05d5\u05d6\u05d4\u05d4", "name_uk": "\u041a\u043e\u0442\u0440\u0430 \u0426\u043e", "name_ur": "\u06af\u0648\u0632\u06c1\u0627 \u06a9\u0648", "name_zht": "\u90ed\u624e\u9519"}, "bbox": [80.922616, 34.982347, 81.244062, 35.105685], "geometry": {"type": "Polygon", "coordinates": [[[81.185777, 35.090967], [81.230815, 35.070362], [81.244062, 35.058881], [81.244062, 35.051228], [81.242884, 35.044163], [81.240824, 35.037393], [81.229638, 35.018553], [81.224928, 35.014727], [81.206677, 35.016493], [81.146627, 35.007073], [81.13132, 35.012961], [81.101589, 35.020908], [81.060084, 35.008839], [81.017696, 34.991472], [80.984138, 34.982347], [80.965593, 34.983524], [80.945282, 34.988234], [80.929092, 34.997654], [80.922616, 35.012961], [80.927031, 35.032977], [80.937628, 35.054466], [80.952052, 35.071539], [80.967065, 35.078604], [81.018284, 35.086552], [81.03889, 35.085374], [81.057435, 35.081547], [81.074508, 35.080664], [81.08746, 35.08714], [81.09423, 35.105685], [81.101001, 35.105685], [81.112481, 35.094499], [81.138385, 35.097443], [81.164289, 35.103625], [81.176063, 35.102742], [81.185777, 35.090967]]]}}, {"type": "Feature", "properties": {"featurecla": "Lake", "scalerank": 9, "name": null, "name_abb": null, "name_alt": null, "note": "_untitled_249", "delta": null, "dam_name": null, "year": -99, "admin": null, "min_zoom": 7, "min_label": 8, "label": null, "wikidataid": null, "name_ar": null, "name_bn": null, "name_de": null, "name_en": null, "name_es": null, "name_fr": null, "name_el": null, "name_hi": null, "name_hu": null, "name_id": null, "name_it": null, "name_ja": null, "name_ko": null, "name_nl": null, "name_pl": null, "name_pt": null, "name_ru": null, "name_sv": null, "name_tr": null, "name_vi": null, "name_zh": null, "ne_id": 1159120221, "name_fa": null, "name_he": null, "name_uk": null, "name_ur": null, "name_zht": null}, "bbox": [91.134107, 33.834915, 91.243317, 33.945596], "geometry": {"type": "Polygon", "coordinates": [[[91.218884, 33.942064], [91.236252, 33.934116], [91.243317, 33.920575], [91.242728, 33.90674], [91.23949, 33.890844], [91.232131, 33.874066], [91.219473, 33.858464], [91.205049, 33.848456], [91.187093, 33.840803], [91.167371, 33.836093], [91.147943, 33.834915], [91.134107, 33.851988], [91.143527, 33.873771], [91.163544, 33.892905], [91.181794, 33.902619], [91.181794, 33.909978], [91.161483, 33.910861], [91.156479, 33.921458], [91.164427, 33.935293], [91.181794, 33.944713], [91.198573, 33.945596], [91.218884, 33.942064]]]}}, {"type": "Feature", "properties": {"featurecla": "Lake", "scalerank": 9, "name": null, "name_abb": null, "name_alt": null, "note": "_untitled_248", "delta": null, "dam_name": null, "year": -99, "admin": null, "min_zoom": 7, "min_label": 8, "label": null, "wikidataid": null, "name_ar": null, "name_bn": null, "name_de": null, "name_en": null, "name_es": null, "name_fr": null, "name_el": null, "name_hi": null, "name_hu": null, "name_id": null, "name_it": null, "name_ja": null, "name_ko": null, "name_nl": null, "name_pl": null, "name_pt": null, "name_ru": null, "name_sv": null, "name_tr": null, "name_vi": null, "name_zh": null, "ne_id": 1159120239, "name_fa": null, "name_he": null, "name_uk": null, "name_ur": null, "name_zht": null}, "bbox": [89.872757, 32.401068, 90.0638, 32.525878], "geometry": {"type": "Polygon", "coordinates": [[[90.047904, 32.491732], [90.060562, 32.477308], [90.0638, 32.447577], [90.05644, 32.422556], [90.03819, 32.423439], [90.019351, 32.409899], [90.016996, 32.406072], [90.01258, 32.401068], [90.002866, 32.405189], [89.986382, 32.41608], [89.940167, 32.408721], [89.879528, 32.410193], [89.872757, 32.412842], [89.87364, 32.440218], [89.876584, 32.451993], [89.883943, 32.456997], [89.894246, 32.458469], [89.898661, 32.46259], [89.903371, 32.46936], [89.914557, 32.478191], [89.927215, 32.483784], [89.955474, 32.492026], [89.969014, 32.497913], [89.987559, 32.514103], [89.999334, 32.522346], [90.014052, 32.525878], [90.024649, 32.520579], [90.039956, 32.49703], [90.047904, 32.491732]]]}}, {"type": "Feature", "properties": {"featurecla": "Lake", "scalerank": 9, "name": null, "name_abb": null, "name_alt": null, "note": "_untitled_247", "delta": null, "dam_name": null, "year": -99, "admin": null, "min_zoom": 7, "min_label": 8, "label": null, "wikidataid": null, "name_ar": null, "name_bn": null, "name_de": null, "name_en": null, "name_es": null, "name_fr": null, "name_el": null, "name_hi": null, "name_hu": null, "name_id": null, "name_it": null, "name_ja": null, "name_ko": null, "name_nl": null, "name_pl": null, "name_pt": null, "name_ru": null, "name_sv": null, "name_tr": null, "name_vi": null, "name_zh": null, "ne_id": 1159120257, "name_fa": null, "name_he": null, "name_uk": null, "name_ur": null, "name_zht": null}, "bbox": [90.729357, 32.018689, 90.946009, 32.155274], "geometry": {"type": "Polygon", "coordinates": [[[90.923637, 32.133196], [90.934823, 32.111119], [90.946009, 32.03429], [90.941888, 32.023398], [90.925403, 32.018689], [90.910096, 32.018983], [90.897733, 32.020455], [90.888019, 32.024576], [90.880954, 32.032524], [90.880954, 32.025459], [90.852695, 32.046064], [90.761148, 32.050186], [90.729357, 32.06667], [90.741131, 32.076384], [90.777044, 32.094046], [90.784697, 32.103465], [90.79029, 32.114946], [90.799121, 32.12466], [90.828852, 32.132313], [90.836211, 32.140261], [90.842393, 32.149386], [90.85299, 32.155274], [90.868297, 32.155274], [90.892435, 32.144971], [90.904798, 32.142322], [90.923637, 32.133196]]]}}, {"type": "Feature", "properties": {"featurecla": "Lake", "scalerank": 9, "name": null, "name_abb": null, "name_alt": null, "note": "_untitled_246", "delta": null, "dam_name": null, "year": -99, "admin": null, "min_zoom": 7, "min_label": 8, "label": null, "wikidataid": null, "name_ar": null, "name_bn": null, "name_de": null, "name_en": null, "name_es": null, "name_fr": null, "name_el": null, "name_hi": null, "name_hu": null, "name_id": null, "name_it": null, "name_ja": null, "name_ko": null, "name_nl": null, "name_pl": null, "name_pt": null, "name_ru": null, "name_sv": null, "name_tr": null, "name_vi": null, "name_zh": null, "ne_id": 1159120275, "name_fa": null, "name_he": null, "name_uk": null, "name_ur": null, "name_zht": null}, "bbox": [88.598749, 31.339885, 88.833063, 31.676049], "geometry": {"type": "Polygon", "coordinates": [[[88.818345, 31.663097], [88.827176, 31.64779], [88.833063, 31.621886], [88.830708, 31.597454], [88.814813, 31.586856], [88.814224, 31.573904], [88.810103, 31.54594], [88.799506, 31.517681], [88.780372, 31.504729], [88.754762, 31.502668], [88.736217, 31.493837], [88.726798, 31.475292], [88.728269, 31.443501], [88.740927, 31.41848], [88.744754, 31.404645], [88.739161, 31.391693], [88.732391, 31.381685], [88.714729, 31.339885], [88.707958, 31.348716], [88.703249, 31.369321], [88.694123, 31.38139], [88.712963, 31.399346], [88.720616, 31.410238], [88.718555, 31.419069], [88.708253, 31.424956], [88.697656, 31.429372], [88.691474, 31.43467], [88.694123, 31.443501], [88.693535, 31.463224], [88.687942, 31.488244], [88.677639, 31.509439], [88.655856, 31.523274], [88.648202, 31.534165], [88.642021, 31.546823], [88.639372, 31.556243], [88.634073, 31.559186], [88.598749, 31.559481], [88.610524, 31.573904], [88.629658, 31.574493], [88.648497, 31.567428], [88.660271, 31.559481], [88.665276, 31.550061], [88.667925, 31.541524], [88.671752, 31.533282], [88.680582, 31.525334], [88.69118, 31.520625], [88.701777, 31.518858], [88.725326, 31.518564], [88.729741, 31.527984], [88.720322, 31.549178], [88.70472, 31.570372], [88.69118, 31.579792], [88.669691, 31.582147], [88.628186, 31.591861], [88.604931, 31.594216], [88.621121, 31.612466], [88.645553, 31.626301], [88.674106, 31.634249], [88.701777, 31.635132], [88.685587, 31.658093], [88.681466, 31.67075], [88.69118, 31.676049], [88.701482, 31.673399], [88.710902, 31.666923], [88.725326, 31.652205], [88.742693, 31.647495], [88.770364, 31.650439], [88.818345, 31.663097]]]}}, {"type": "Feature", "properties": {"featurecla": "Lake", "scalerank": 9, "name": "Gyaring Co", "name_abb": "Gyaring Co", "name_alt": null, "note": null, "delta": null, "dam_name": null, "year": -99, "admin": null, "min_zoom": 7, "min_label": 8, "label": "Gyaring Co", "wikidataid": "Q12018576", "name_ar": "\u0628\u062d\u064a\u0631\u0629 \u062c\u064a\u0631\u064a\u0646\u062c", "name_bn": "\u0997\u09cd\u09af\u09be\u09b0\u09bf\u0982 \u0995\u09cb", "name_de": "Gyaring Co", "name_en": "Geren Cuo", "name_es": "Gyaring Co", "name_fr": "Gyaring Lake", "name_el": "\u0393\u03ba\u03b9\u03ac\u03c1\u03b9\u03bd\u03b3\u03ba \u039a\u03bf", "name_hi": "\u0917\u094d\u092f\u093e\u0930\u093f\u0902\u0917 \u0915\u094b", "name_hu": "Gyaring Co", "name_id": "Gyaring Co", "name_it": "Gyaring Co", "name_ja": "\u30ae\u30e3\u30ea\u30f3\u6e56", "name_ko": "\uac38\ub9c1\ucf54", "name_nl": "Gyaring Co", "name_pl": "Jezioro Gyaring", "name_pt": "Lago Gyaring", "name_ru": "\u0414\u0436\u0430\u0440\u0438\u043d\u0433", "name_sv": "Geren Cuo", "name_tr": "Gyaring Co", "name_vi": "H\u1ed3 Tr\u00e1t L\u0103ng", "name_zh": "\u683c\u4ec1\u9519", "ne_id": 1159120293, "name_fa": "\u062c\u06cc\u0627\u0631\u06cc\u0646\u06af \u06a9\u0648", "name_he": "\u05d2\u05d9\u05d0\u05e8\u05d9\u05e0\u05d2", "name_uk": "\u0414\u0436\u0430\u0440\u0456\u043d-\u041a\u043e", "name_ur": "\u06af\u06cc\u0627\u0631\u0646\u06af \u06a9\u0648", "name_zht": "\u683c\u4ec1\u9519"}, "bbox": [88.03151, 30.983999, 88.580793, 31.317219], "geometry": {"type": "Polygon", "coordinates": [[[88.566664, 31.068481], [88.576378, 31.052586], [88.580793, 31.035512], [88.574611, 31.021972], [88.547236, 30.994007], [88.539876, 30.990475], [88.518388, 30.987237], [88.509263, 30.983999], [88.473056, 30.994596], [88.468346, 31.000777], [88.465697, 31.015201], [88.457749, 31.024621], [88.44568, 31.030214], [88.399759, 31.035512], [88.377387, 31.047287], [88.363847, 31.069659], [88.359137, 31.103805], [88.346774, 31.115579], [88.256698, 31.168565], [88.245218, 31.171214], [88.215193, 31.169742], [88.189583, 31.165327], [88.181047, 31.169154], [88.173393, 31.183283], [88.123646, 31.231265], [88.108633, 31.238035], [88.103923, 31.242745], [88.079491, 31.276891], [88.067128, 31.282484], [88.052998, 31.287194], [88.04299, 31.292492], [88.03151, 31.31192], [88.043873, 31.317219], [88.109516, 31.308682], [88.12865, 31.298968], [88.159852, 31.278363], [88.460987, 31.135008], [88.536344, 31.095857], [88.557244, 31.079667], [88.566664, 31.068481]]]}}, {"type": "Feature", "properties": {"featurecla": "Lake", "scalerank": 9, "name": "Ngangzi Co", "name_abb": "Ngangz Co", "name_alt": null, "note": null, "delta": null, "dam_name": null, "year": -99, "admin": null, "min_zoom": 7, "min_label": 8, "label": "Ngangzi Co", "wikidataid": "Q11087306", "name_ar": "\u0646\u063a\u0627\u0646\u063a\u0632\u064a \u0643\u0648", "name_bn": "\u098f\u0999\u09cd\u0997\u09be\u0982\u0997\u099c\u09bf \u0995\u09cb", "name_de": "Ngangzi Co", "name_en": "Ngangzi Co", "name_es": "Ngangzi Co", "name_fr": "Ngangzi Co", "name_el": "\u039d\u03b3\u03ba\u03ac\u03bd\u03b3\u03ba\u03b6\u03b9 \u039a\u03bf", "name_hi": "\u090f\u0928\u0917\u093e\u0902\u0917\u094d\u091c\u0940 \u0915\u0902\u092a\u0928\u0940", "name_hu": "Ngangzi Co", "name_id": "Ngangzi Co", "name_it": "Ngangzi Co", "name_ja": "\u6634\u5b5c\u932f", "name_ko": "\uc751\uac15\uc9c0 \ucf54", "name_nl": "Ngangze Co", "name_pl": "Ngangzi Co", "name_pt": "Lago Ngangzi", "name_ru": "\u043e\u0437\u0435\u0440\u043e \u041d\u0433\u0430\u043d\u0433\u0434\u0437\u0435-\u0426\u043e", "name_sv": "Ngangzi Co", "name_tr": "Ngangzi Co", "name_vi": "H\u1ed3 Ngang T\u01b0 Th\u00e1c", "name_zh": "\u6602\u5b5c\u9519", "ne_id": 1159120311, "name_fa": "\u0646\u06af\u0627\u0646\u06af\u0632\u06cc \u06a9\u0648", "name_he": "\u05d0\u05d2\u05dd \u05e0\u05d2\u05d0\u05e0\u05d6\u05d9", "name_uk": "\u041d\u0433\u0430\u043d\u0433\u0437\u0456\u043a\u043e", "name_ur": "\u0627\u0646\u06af\u0627\u0646\u06af\u0632\u06cc \u06a9\u0648", "name_zht": "\u6602\u5b5c\u9519"}, "bbox": [86.962379, 30.902165, 87.308257, 31.14796], "geometry": {"type": "Polygon", "coordinates": [[[87.291184, 31.072897], [87.303253, 31.05965], [87.308257, 31.010197], [87.277349, 30.998717], [87.194044, 31.011375], [87.15401, 31.004015], [87.11957, 30.987825], [87.06364, 30.943082], [87.041563, 30.920416], [87.02655, 30.908936], [87.0083, 30.902165], [86.988872, 30.902165], [86.971504, 30.908053], [86.962379, 30.919533], [86.967972, 30.936312], [86.979747, 30.957212], [86.981218, 30.963688], [86.979158, 30.973696], [86.970033, 30.989297], [86.967972, 31.000777], [86.971799, 31.025504], [86.982985, 31.039045], [87.045978, 31.060533], [87.060991, 31.069659], [87.096903, 31.104982], [87.113388, 31.112047], [87.122219, 31.117934], [87.129284, 31.12706], [87.133993, 31.136185], [87.140175, 31.143838], [87.152538, 31.14796], [87.169317, 31.143838], [87.208173, 31.119995], [87.224658, 31.114402], [87.242908, 31.107337], [87.291184, 31.072897]]]}}, {"type": "Feature", "properties": {"featurecla": "Lake", "scalerank": 9, "name": null, "name_abb": null, "name_alt": null, "note": "_untitled_245", "delta": null, "dam_name": null, "year": -99, "admin": null, "min_zoom": 7, "min_label": 8, "label": null, "wikidataid": null, "name_ar": null, "name_bn": null, "name_de": null, "name_en": null, "name_es": null, "name_fr": null, "name_el": null, "name_hi": null, "name_hu": null, "name_id": null, "name_it": null, "name_ja": null, "name_ko": null, "name_nl": null, "name_pl": null, "name_pt": null, "name_ru": null, "name_sv": null, "name_tr": null, "name_vi": null, "name_zh": null, "ne_id": 1159120329, "name_fa": null, "name_he": null, "name_uk": null, "name_ur": null, "name_zht": null}, "bbox": [86.1726, 30.559526, 86.336855, 30.727019], "geometry": {"type": "Polygon", "coordinates": [[[86.333323, 30.581603], [86.326553, 30.573066], [86.318899, 30.571006], [86.302709, 30.561586], [86.292406, 30.559526], [86.283575, 30.563647], [86.276805, 30.573066], [86.275333, 30.586902], [86.263264, 30.613983], [86.254728, 30.617515], [86.207335, 30.623991], [86.199682, 30.627818], [86.192028, 30.637532], [86.187613, 30.65696], [86.174661, 30.679921], [86.1726, 30.697877], [86.175544, 30.715244], [86.182609, 30.727019], [86.228824, 30.720837], [86.241187, 30.717305], [86.252667, 30.701704], [86.263264, 30.662553], [86.275333, 30.648129], [86.292112, 30.648424], [86.312423, 30.654605], [86.329496, 30.6549], [86.336855, 30.637826], [86.336267, 30.600737], [86.333323, 30.581603]]]}}, {"type": "Feature", "properties": {"featurecla": "Lake", "scalerank": 9, "name": null, "name_abb": null, "name_alt": null, "note": "_untitled_244", "delta": null, "dam_name": null, "year": -99, "admin": null, "min_zoom": 7, "min_label": 8, "label": null, "wikidataid": null, "name_ar": null, "name_bn": null, "name_de": null, "name_en": null, "name_es": null, "name_fr": null, "name_el": null, "name_hi": null, "name_hu": null, "name_id": null, "name_it": null, "name_ja": null, "name_ko": null, "name_nl": null, "name_pl": null, "name_pt": null, "name_ru": null, "name_sv": null, "name_tr": null, "name_vi": null, "name_zh": null, "ne_id": 1159120347, "name_fa": null, "name_he": null, "name_uk": null, "name_ur": null, "name_zht": null}, "bbox": [86.320077, 30.167727, 86.467847, 30.389089], "geometry": {"type": "Polygon", "coordinates": [[[86.462549, 30.372016], [86.467259, 30.360241], [86.467847, 30.349938], [86.462549, 30.332277], [86.458722, 30.303134], [86.433701, 30.239552], [86.433112, 30.234253], [86.435762, 30.200107], [86.433112, 30.188921], [86.420455, 30.169493], [86.406914, 30.167727], [86.39249, 30.176264], [86.377772, 30.188921], [86.360699, 30.19893], [86.353634, 30.204522], [86.350985, 30.212765], [86.349807, 30.232781], [86.347747, 30.241612], [86.343626, 30.250443], [86.339505, 30.261924], [86.320077, 30.303723], [86.320077, 30.316087], [86.336855, 30.3467], [86.349219, 30.361419], [86.384837, 30.372604], [86.405737, 30.382613], [86.426636, 30.389089], [86.443415, 30.384085], [86.451363, 30.378492], [86.457839, 30.376137], [86.462549, 30.372016]]]}}, {"type": "Feature", "properties": {"featurecla": "Lake", "scalerank": 9, "name": null, "name_abb": null, "name_alt": null, "note": "_untitled_243", "delta": null, "dam_name": null, "year": -99, "admin": null, "min_zoom": 7, "min_label": 8, "label": null, "wikidataid": null, "name_ar": null, "name_bn": null, "name_de": null, "name_en": null, "name_es": null, "name_fr": null, "name_el": null, "name_hi": null, "name_hu": null, "name_id": null, "name_it": null, "name_ja": null, "name_ko": null, "name_nl": null, "name_pl": null, "name_pt": null, "name_ru": null, "name_sv": null, "name_tr": null, "name_vi": null, "name_zh": null, "ne_id": 1159120365, "name_fa": null, "name_he": null, "name_uk": null, "name_ur": null, "name_zht": null}, "bbox": [83.944558, 31.250693, 84.126475, 31.514149], "geometry": {"type": "Polygon", "coordinates": [[[83.951328, 31.288077], [83.946913, 31.293964], [83.944558, 31.302206], [83.944852, 31.313098], [83.98312, 31.308682], [83.973406, 31.331643], [83.957216, 31.360785], [83.976349, 31.375209], [84.010496, 31.391693], [84.01756, 31.392282], [84.048469, 31.38139], [84.067602, 31.379035], [84.08497, 31.381685], [84.090857, 31.389632], [84.07555, 31.40229], [84.056122, 31.396403], [84.033456, 31.403762], [84.014617, 31.418186], [84.006963, 31.432904], [84.004608, 31.438791], [83.999899, 31.441735], [83.995483, 31.443501], [83.993128, 31.446445], [83.994306, 31.452332], [83.996661, 31.45557], [83.998721, 31.457631], [84.014322, 31.497958], [84.048763, 31.514149], [84.078199, 31.491482], [84.099688, 31.449977], [84.109991, 31.408766], [84.108519, 31.383451], [84.109991, 31.375209], [84.122943, 31.354014], [84.126475, 31.34224], [84.120293, 31.330171], [84.099982, 31.321634], [84.060243, 31.328993], [84.040815, 31.320457], [84.031984, 31.301618], [84.030512, 31.281012], [84.024625, 31.264528], [84.003431, 31.257757], [83.993423, 31.255697], [83.982531, 31.252164], [83.972228, 31.250693], [83.962514, 31.254814], [83.960159, 31.260701], [83.962809, 31.276302], [83.958982, 31.285133], [83.951328, 31.288077]]]}}, {"type": "Feature", "properties": {"featurecla": "Lake", "scalerank": 9, "name": null, "name_abb": null, "name_alt": null, "note": "_untitled_242", "delta": null, "dam_name": null, "year": -99, "admin": null, "min_zoom": 7, "min_label": 8, "label": null, "wikidataid": null, "name_ar": null, "name_bn": null, "name_de": null, "name_en": null, "name_es": null, "name_fr": null, "name_el": null, "name_hi": null, "name_hu": null, "name_id": null, "name_it": null, "name_ja": null, "name_ko": null, "name_nl": null, "name_pl": null, "name_pt": null, "name_ru": null, "name_sv": null, "name_tr": null, "name_vi": null, "name_zh": null, "ne_id": 1159120383, "name_fa": null, "name_he": null, "name_uk": null, "name_ur": null, "name_zht": null}, "bbox": [83.925424, 31.05965, 84.329881, 31.209776], "geometry": {"type": "Polygon", "coordinates": [[[84.31634, 31.190348], [84.329586, 31.183283], [84.329881, 31.172097], [84.322227, 31.158851], [84.312808, 31.146782], [84.303388, 31.126765], [84.291319, 31.118523], [84.260705, 31.107043], [84.203893, 31.073485], [84.175634, 31.065538], [84.150613, 31.079667], [84.127064, 31.071425], [84.099394, 31.067009], [84.05465, 31.066126], [84.050235, 31.072897], [84.045231, 31.077606], [84.037871, 31.079667], [84.031395, 31.078784], [84.02021, 31.074957], [83.977821, 31.065243], [83.965752, 31.05965], [83.964575, 31.067598], [83.958982, 31.086437], [83.930723, 31.126177], [83.925424, 31.141778], [83.943086, 31.187699], [83.948385, 31.196235], [84.013145, 31.207715], [84.044347, 31.205361], [84.06878, 31.183283], [84.09645, 31.203889], [84.128536, 31.209776], [84.210663, 31.200356], [84.240983, 31.191525], [84.257173, 31.189465], [84.295734, 31.19182], [84.31634, 31.190348]]]}}, {"type": "Feature", "properties": {"featurecla": "Lake", "scalerank": 9, "name": null, "name_abb": null, "name_alt": null, "note": "_untitled_241", "delta": null, "dam_name": null, "year": -99, "admin": null, "min_zoom": 7, "min_label": 8, "label": null, "wikidataid": null, "name_ar": null, "name_bn": null, "name_de": null, "name_en": null, "name_es": null, "name_fr": null, "name_el": null, "name_hi": null, "name_hu": null, "name_id": null, "name_it": null, "name_ja": null, "name_ko": null, "name_nl": null, "name_pl": null, "name_pt": null, "name_ru": null, "name_sv": null, "name_tr": null, "name_vi": null, "name_zh": null, "ne_id": 1159120393, "name_fa": null, "name_he": null, "name_uk": null, "name_ur": null, "name_zht": null}, "bbox": [83.519202, 30.799138, 83.643718, 30.97664], "geometry": {"type": "Polygon", "coordinates": [[[83.641952, 30.936017], [83.640186, 30.928953], [83.643718, 30.878028], [83.636653, 30.880971], [83.621052, 30.875084], [83.603684, 30.86537], [83.592499, 30.857128], [83.586611, 30.843881], [83.578369, 30.806792], [83.572187, 30.799138], [83.55482, 30.800904], [83.543634, 30.806792], [83.535686, 30.817389], [83.527444, 30.833284], [83.519202, 30.865664], [83.524206, 30.895984], [83.537747, 30.922477], [83.573365, 30.968692], [83.584256, 30.976051], [83.602507, 30.97664], [83.616342, 30.968103], [83.631649, 30.951913], [83.641952, 30.936017]]]}}, {"type": "Feature", "properties": {"featurecla": "Lake", "scalerank": 9, "name": null, "name_abb": null, "name_alt": null, "note": "_untitled_240", "delta": null, "dam_name": null, "year": -99, "admin": null, "min_zoom": 7, "min_label": 8, "label": null, "wikidataid": null, "name_ar": null, "name_bn": null, "name_de": null, "name_en": null, "name_es": null, "name_fr": null, "name_el": null, "name_hi": null, "name_hu": null, "name_id": null, "name_it": null, "name_ja": null, "name_ko": null, "name_nl": null, "name_pl": null, "name_pt": null, "name_ru": null, "name_sv": null, "name_tr": null, "name_vi": null, "name_zh": null, "ne_id": 1159120415, "name_fa": null, "name_he": null, "name_uk": null, "name_ur": null, "name_zht": null}, "bbox": [83.324627, 31.215663, 83.541279, 31.351071], "geometry": {"type": "Polygon", "coordinates": [[[83.527738, 31.263939], [83.499774, 31.244217], [83.497419, 31.235386], [83.499479, 31.22626], [83.499185, 31.21949], [83.489765, 31.216841], [83.462978, 31.215663], [83.451793, 31.216841], [83.441784, 31.216252], [83.432953, 31.218901], [83.427066, 31.224789], [83.421767, 31.242745], [83.414703, 31.244511], [83.405872, 31.245688], [83.397335, 31.251576], [83.397924, 31.255697], [83.39763, 31.264822], [83.394686, 31.274242], [83.386738, 31.278363], [83.375552, 31.276302], [83.358479, 31.267766], [83.349354, 31.265411], [83.32816, 31.265411], [83.324627, 31.271592], [83.331986, 31.281601], [83.358185, 31.30515], [83.37408, 31.316041], [83.449143, 31.348421], [83.467394, 31.351071], [83.486527, 31.347244], [83.500363, 31.339885], [83.51773, 31.327227], [83.533331, 31.312509], [83.541279, 31.298674], [83.539513, 31.27748], [83.527738, 31.263939]]]}}, {"type": "Feature", "properties": {"featurecla": "Lake", "scalerank": 9, "name": null, "name_abb": null, "name_alt": null, "note": "_untitled_239", "delta": null, "dam_name": null, "year": -99, "admin": null, "min_zoom": 7, "min_label": 8, "label": null, "wikidataid": null, "name_ar": null, "name_bn": null, "name_de": null, "name_en": null, "name_es": null, "name_fr": null, "name_el": null, "name_hi": null, "name_hu": null, "name_id": null, "name_it": null, "name_ja": null, "name_ko": null, "name_nl": null, "name_pl": null, "name_pt": null, "name_ru": null, "name_sv": null, "name_tr": null, "name_vi": null, "name_zh": null, "ne_id": 1159120429, "name_fa": null, "name_he": null, "name_uk": null, "name_ur": null, "name_zht": null}, "bbox": [84.705195, 30.108265, 84.86268, 30.367895], "geometry": {"type": "Polygon", "coordinates": [[[84.819114, 30.223656], [84.856498, 30.201284], [84.86268, 30.154186], [84.848256, 30.112681], [84.827945, 30.108265], [84.801158, 30.122395], [84.795565, 30.12681], [84.792621, 30.138585], [84.793799, 30.149476], [84.795859, 30.15919], [84.795565, 30.16861], [84.77908, 30.208938], [84.718147, 30.31226], [84.705195, 30.348467], [84.719913, 30.367895], [84.73051, 30.358181], [84.750821, 30.329333], [84.761419, 30.318736], [84.816465, 30.233665], [84.819114, 30.223656]]]}}, {"type": "Feature", "properties": {"featurecla": "Lake", "scalerank": 9, "name": null, "name_abb": null, "name_alt": null, "note": "_untitled_238", "delta": null, "dam_name": null, "year": -99, "admin": null, "min_zoom": 7, "min_label": 8, "label": null, "wikidataid": null, "name_ar": null, "name_bn": null, "name_de": null, "name_en": null, "name_es": null, "name_fr": null, "name_el": null, "name_hi": null, "name_hu": null, "name_id": null, "name_it": null, "name_ja": null, "name_ko": null, "name_nl": null, "name_pl": null, "name_pt": null, "name_ru": null, "name_sv": null, "name_tr": null, "name_vi": null, "name_zh": null, "ne_id": 1159120447, "name_fa": null, "name_he": null, "name_uk": null, "name_ur": null, "name_zht": null}, "bbox": [84.822941, 30.107088, 84.829711, 30.108265], "geometry": {"type": "Polygon", "coordinates": [[[84.829711, 30.107088], [84.822941, 30.107088], [84.827945, 30.108265], [84.829711, 30.107088]]]}}, {"type": "Feature", "properties": {"featurecla": "Lake", "scalerank": 9, "name": null, "name_abb": null, "name_alt": null, "note": "_untitled_237", "delta": null, "dam_name": null, "year": -99, "admin": null, "min_zoom": 7, "min_label": 8, "label": null, "wikidataid": null, "name_ar": null, "name_bn": null, "name_de": null, "name_en": null, "name_es": null, "name_fr": null, "name_el": null, "name_hi": null, "name_hu": null, "name_id": null, "name_it": null, "name_ja": null, "name_ko": null, "name_nl": null, "name_pl": null, "name_pt": null, "name_ru": null, "name_sv": null, "name_tr": null, "name_vi": null, "name_zh": null, "ne_id": 1159120465, "name_fa": null, "name_he": null, "name_uk": null, "name_ur": null, "name_zht": null}, "bbox": [85.657169, 29.750907, 85.754309, 29.968737], "geometry": {"type": "Polygon", "coordinates": [[[85.7443, 29.89073], [85.754014, 29.875423], [85.754309, 29.857762], [85.741357, 29.794768], [85.722223, 29.773868], [85.69573, 29.75915], [85.665999, 29.750907], [85.672181, 29.785054], [85.672181, 29.778578], [85.688077, 29.850402], [85.692492, 29.859233], [85.694258, 29.868359], [85.685722, 29.883077], [85.682189, 29.893085], [85.678951, 29.91163], [85.674242, 29.923993], [85.657169, 29.952547], [85.658346, 29.963144], [85.677774, 29.968737], [85.69102, 29.954313], [85.698968, 29.935768], [85.699851, 29.928998], [85.709565, 29.914279], [85.719868, 29.906037], [85.7443, 29.89073]]]}}, {"type": "Feature", "properties": {"featurecla": "Lake", "scalerank": 9, "name": "Alesayqin Ha", "name_abb": "Alesayqin Ha", "name_alt": null, "note": null, "delta": null, "dam_name": null, "year": -99, "admin": null, "min_zoom": 7, "min_label": 8, "label": "Alesayqin Ha", "wikidataid": "Q4701734", "name_ar": "\u0623\u0644\u064a\u0633\u0627\u064a\u0643\u0646 \u0647\u0627", "name_bn": "\u0986\u09b2\u09b8\u09c7\u0995\u09c1\u0987\u09a8 \u09b9\u09be", "name_de": "Aksai Chin", "name_en": "Aksai Chin", "name_es": "Alesayqin Ha", "name_fr": "Alesayqin Ha", "name_el": "\u0391\u03bb\u03b5\u03c3\u03b1\u03ca\u03ba\u03b9\u03bd \u03a7\u03b1", "name_hi": "\u0905\u0915\u094d\u0938\u093e\u0908 \u091a\u093f\u0928 \u091d\u0940\u0932", "name_hu": "Alesayqin Ha", "name_id": "Alesayqin Ha", "name_it": "Alesayqin Ha", "name_ja": "\u30a2\u30af\u30b5\u30a4\u30c1\u30f3\u6e56", "name_ko": "\uc54c\ub808\uc0ac\uc774\uce5c \ud558", "name_nl": "Aksai Chin", "name_pl": "Alesayqin Ha", "name_pt": "Alesayqin Ha", "name_ru": null, "name_sv": "Aksayqin Hu", "name_tr": "Alesayqin Ha", "name_vi": "H\u1ed3 Alesayqin Ha", "name_zh": "\u963f\u514b\u8d5b\u94a6\u6e56", "ne_id": 1159120483, "name_fa": "\u0627\u0644\u0633\u0627\u06cc\u0642\u06cc\u0646 \u0647\u0627", "name_he": "\u05d0\u05d2\u05dd \u05d0\u05dc\u05e1\u05d9\u05d9\u05e7\u05d9\u05df", "name_uk": "\u0410\u043b\u0435\u0441\u0430\u0439\u043a\u0432\u0456\u043d \u0425\u0430", "name_ur": "\u0627\u0644\u0627\u06cc\u0633\u06d2\u0642\u0646 \u06c1\u0627", "name_zht": "\u963f\u514b\u8d5b\u94a6\u6e56"}, "bbox": [79.749281, 35.153667, 79.910003, 35.30026], "geometry": {"type": "Polygon", "coordinates": [[[79.884099, 35.268469], [79.895874, 35.248746], [79.910003, 35.223137], [79.905294, 35.192228], [79.888809, 35.165735], [79.867615, 35.153667], [79.852602, 35.154844], [79.831702, 35.158376], [79.813452, 35.164264], [79.805504, 35.17074], [79.804327, 35.175744], [79.801383, 35.181042], [79.799028, 35.187224], [79.798734, 35.195172], [79.801677, 35.201059], [79.811391, 35.209007], [79.812274, 35.214894], [79.795496, 35.229907], [79.767237, 35.242565], [79.749281, 35.258755], [79.764587, 35.283776], [79.794318, 35.295844], [79.835235, 35.30026], [79.875563, 35.296433], [79.901761, 35.283776], [79.887043, 35.278183], [79.880567, 35.277005], [79.884099, 35.268469]]]}}, {"type": "Feature", "properties": {"featurecla": "Lake", "scalerank": 5, "name": "Puma Yumco", "name_abb": "Puma Yumco", "name_alt": null, "note": null, "delta": "New or modified in version 1.3", "dam_name": null, "year": -99, "admin": null, "min_zoom": 4.7, "min_label": 6, "label": "Puma Yumco", "wikidataid": "Q6477446", "name_ar": "\u0628\u0648\u0645\u0627 \u064a\u0648\u0645\u0643\u0648", "name_bn": "\u09aa\u09c1\u09ae\u09be \u0987\u0989\u09ae\u0995\u09cb", "name_de": "Puma Yumco", "name_en": "Puma Yumco", "name_es": "Puma Yumco", "name_fr": "Puma Yumco", "name_el": "\u03a0\u03bf\u03cd\u03bc\u03b1 \u0393\u03b9\u03bf\u03cd\u03bc\u03ba\u03bf", "name_hi": "\u092a\u094d\u092f\u0942\u092e\u093e \u092f\u0941\u092e\u0915\u094b", "name_hu": "Puma Yumco", "name_id": "Puma Yumco", "name_it": "Puma Yumco", "name_ja": "\u30d7\u30de\u30e6\u30e0\u30c4\u30a9\u6e56", "name_ko": "\ud478\ub9c8 \uc58c\ucf54", "name_nl": "Lake Puma Yumco", "name_pl": "Puma Yumco", "name_pt": "Puma Yumco", "name_ru": "\u043e\u0437\u0435\u0440\u043e \u041f\u0443\u043c\u0430-\u042e\u043c\u043a\u043e", "name_sv": "Puma Yumco", "name_tr": "Puma Yumco", "name_vi": "H\u1ed3 Puma Yumco", "name_zh": "\u666e\u83ab\u96cd\u9519", "ne_id": 1159122887, "name_fa": "\u067e\u0648\u0645\u0627 \u06cc\u0648\u0645\u06a9\u0648", "name_he": "\u05d0\u05d2\u05dd \u05e4\u05d5\u05de\u05d4 \u05d9\u05d5\u05de\u05e7\u05d5", "name_uk": "\u041f\u0443\u043c\u0430 \u042e\u043c\u043a\u043e", "name_ur": "\u067e\u0648\u0645\u0627 \u06cc\u0645\u06a9\u0648", "name_zht": "\u666e\u83ab\u96cd\u9519"}, "bbox": [90.233059, 28.513401, 90.534193, 28.628203], "geometry": {"type": "Polygon", "coordinates": [[[90.265733, 28.62467], [90.330199, 28.620843], [90.348155, 28.625259], [90.358164, 28.625848], [90.366406, 28.623198], [90.373176, 28.618783], [90.379652, 28.615839], [90.385834, 28.615839], [90.39702, 28.626436], [90.404968, 28.628203], [90.437053, 28.625848], [90.457659, 28.619666], [90.499753, 28.593173], [90.514471, 28.578161], [90.519181, 28.5761], [90.523302, 28.574923], [90.527423, 28.572273], [90.530661, 28.568447], [90.532427, 28.564326], [90.534193, 28.531062], [90.532133, 28.527236], [90.529189, 28.523998], [90.524479, 28.522232], [90.510056, 28.523703], [90.472377, 28.519288], [90.465312, 28.520465], [90.459719, 28.523409], [90.451477, 28.531651], [90.446179, 28.53224], [90.440586, 28.530474], [90.42675, 28.517522], [90.421158, 28.514578], [90.414976, 28.513401], [90.406439, 28.514578], [90.396725, 28.517227], [90.389955, 28.521054], [90.389366, 28.524292], [90.393193, 28.527824], [90.396137, 28.531946], [90.396137, 28.535184], [90.392016, 28.535772], [90.386128, 28.535184], [90.381713, 28.535478], [90.377886, 28.537538], [90.372588, 28.544898], [90.369938, 28.546369], [90.366406, 28.545781], [90.354631, 28.53695], [90.352276, 28.538127], [90.35051, 28.544309], [90.346978, 28.551079], [90.341679, 28.553434], [90.335203, 28.551374], [90.323429, 28.538127], [90.317247, 28.533712], [90.311654, 28.532534], [90.30194, 28.538422], [90.287222, 28.54166], [90.282512, 28.543426], [90.27633, 28.549019], [90.273681, 28.552257], [90.272798, 28.5552], [90.272504, 28.557261], [90.271621, 28.558733], [90.258669, 28.568152], [90.254253, 28.572568], [90.243656, 28.589347], [90.240712, 28.591113], [90.236591, 28.59229], [90.233353, 28.594056], [90.233059, 28.597294], [90.241007, 28.620549], [90.248955, 28.625259], [90.265733, 28.62467]]]}}, {"type": "Feature", "properties": {"featurecla": "Reservoir", "scalerank": 8, "name": "Krishna Raja Sagar", "name_abb": "Krishna Raja Sagar", "name_alt": "KRS", "note": null, "delta": null, "dam_name": "Krishna Raja Sagar", "year": 1932, "admin": null, "min_zoom": 6, "min_label": 7, "label": "Krishna Raja Sagar", "wikidataid": "Q3536528", "name_ar": "\u0643\u0631\u064a\u0634\u0646\u0627 \u0631\u0627\u062c\u0627 \u0633\u0627\u062c\u0627\u0631", "name_bn": "\u0995\u09c3\u09b7\u09cd\u09a3\u09be \u09b0\u09be\u099c\u09be \u09b8\u09be\u0997\u09b0", "name_de": "Krishna Raja Sagar", "name_en": "Krishna Raja Sagara", "name_es": "Krishna Raja Sagar", "name_fr": "KrishnaRajaSagara Dam", "name_el": "\u039a\u03c1\u03af\u03c3\u03bd\u03b1 \u03a1\u03ac\u03c4\u03b6\u03b1 \u03a3\u03ac\u03b3\u03ba\u03b1\u03c1", "name_hi": "\u0915\u0943\u0937\u094d\u0923\u0930\u093e\u091c\u0938\u093e\u0917\u0930", "name_hu": "Krishna Raja Sagara", "name_id": "Krishna Raja Sagar", "name_it": "Krishna Raja Sagar", "name_ja": "\u30af\u30ea\u30b7\u30e5\u30ca\u30e9\u30fc\u30b8\u30e3\u30b5\u30fc\u30ac\u30e9\u30fb\u30c0\u30e0", "name_ko": "\ud06c\ub9ac\uc288\ub098 \ub77c\uc790 \uc0ac\uac00\ub974", "name_nl": "Krishnaraja Sagara Reservoir", "name_pl": "Krishna Raja Sagar", "name_pt": "Krishna Raja Sagara", "name_ru": "\u043f\u043b\u043e\u0442\u0438\u043d\u0430 \u041a\u0440\u0438\u0448\u043d\u0430 \u0420\u0430\u0434\u0436\u0430 \u0421\u0430\u0433\u0430\u0440", "name_sv": "Krishna Raja Sagar", "name_tr": "Krishna Raja Sagar", "name_vi": "H\u1ed3 Krishna Raja Sagar", "name_zh": "\u514b\u91cc\u5e0c\u7eb3\u62c9\u8d3e\u8428\u52a0\u5c14\u6c34\u5e93", "ne_id": 1159123019, "name_fa": "\u06a9\u0631\u06cc\u0634\u0646\u0627 \u0631\u0627\u062c\u0627 \u0633\u0627\u06af\u0627\u0631", "name_he": "\u05e7\u05e8\u05d9\u05e9\u05e0\u05d4 \u05e8\u05d2'\u05d4 \u05e1\u05d0\u05d2\u05d0\u05e8", "name_uk": "\u041a\u0440\u0456\u0448\u043d\u0430 \u0420\u0430\u0434\u0436\u0430 \u0421\u0430\u0433\u0430\u0440", "name_ur": "\u06a9\u0631\u0634\u0646\u0627 \u0631\u0627\u062c\u0627 \u0633\u0627\u06af\u0631", "name_zht": "\u514b\u5229\u4ec0\u7d0d\u00b7\u62c9\u8cc8\u00b7\u85a9\u52a0\u62c9\u6c34\u5eab"}, "bbox": [76.429148, 12.419925, 76.570442, 12.522069], "geometry": {"type": "Polygon", "coordinates": [[[76.554841, 12.447301], [76.565438, 12.443769], [76.570442, 12.435821], [76.570442, 12.426695], [76.565438, 12.419925], [76.558079, 12.420514], [76.511275, 12.441119], [76.490081, 12.445535], [76.470653, 12.444063], [76.45564, 12.433466], [76.454168, 12.44789], [76.460939, 12.463785], [76.462705, 12.476737], [76.445632, 12.482036], [76.432386, 12.492044], [76.429148, 12.510884], [76.435329, 12.522069], [76.44887, 12.509412], [76.454463, 12.497637], [76.483899, 12.467023], [76.493613, 12.460842], [76.513041, 12.465551], [76.521283, 12.465257], [76.524522, 12.457604], [76.529526, 12.457015], [76.551603, 12.449067], [76.554841, 12.447301]]]}}, {"type": "Feature", "properties": {"featurecla": "Reservoir", "scalerank": 9, "name": null, "name_abb": null, "name_alt": null, "note": "_untitled_8", "delta": null, "dam_name": null, "year": -99, "admin": null, "min_zoom": 7, "min_label": 8, "label": null, "wikidataid": null, "name_ar": null, "name_bn": null, "name_de": null, "name_en": null, "name_es": null, "name_fr": null, "name_el": null, "name_hi": null, "name_hu": null, "name_id": null, "name_it": null, "name_ja": null, "name_ko": null, "name_nl": null, "name_pl": null, "name_pt": null, "name_ru": null, "name_sv": null, "name_tr": null, "name_vi": null, "name_zh": null, "ne_id": 1159123029, "name_fa": null, "name_he": null, "name_uk": null, "name_ur": null, "name_zht": null}, "bbox": [80.656216, 7.177594, 80.813996, 7.335079], "geometry": {"type": "Polygon", "coordinates": [[[80.810169, 7.277678], [80.813996, 7.280033], [80.812229, 7.271791], [80.812229, 7.266492], [80.813996, 7.260605], [80.809286, 7.24883], [80.807225, 7.232935], [80.795745, 7.236761], [80.787208, 7.24206], [80.773079, 7.253246], [80.779849, 7.242943], [80.792801, 7.211741], [80.783087, 7.190546], [80.776023, 7.182893], [80.765425, 7.177594], [80.777789, 7.203204], [80.771018, 7.223515], [80.756595, 7.229402], [80.745114, 7.211741], [80.735695, 7.213507], [80.726864, 7.210269], [80.717738, 7.211741], [80.714795, 7.215273], [80.713323, 7.220866], [80.709202, 7.225576], [80.697427, 7.22587], [80.705081, 7.232346], [80.71244, 7.236173], [80.71921, 7.236467], [80.724509, 7.232935], [80.738344, 7.246475], [80.747175, 7.240588], [80.750707, 7.243826], [80.750707, 7.250008], [80.748647, 7.253246], [80.73805, 7.254129], [80.730691, 7.25619], [80.724509, 7.258544], [80.696544, 7.266198], [80.678294, 7.273557], [80.664459, 7.286509], [80.656216, 7.307998], [80.662987, 7.301227], [80.675056, 7.291808], [80.692423, 7.283565], [80.743054, 7.266492], [80.749824, 7.267375], [80.752473, 7.276795], [80.757478, 7.280916], [80.768369, 7.275618], [80.780144, 7.267081], [80.78662, 7.260605], [80.784854, 7.273557], [80.779555, 7.28121], [80.765425, 7.294162], [80.759833, 7.302699], [80.745114, 7.335079], [80.75159, 7.333607], [80.758361, 7.330075], [80.763365, 7.324776], [80.765425, 7.317712], [80.766603, 7.310058], [80.769841, 7.309175], [80.774256, 7.310353], [80.779261, 7.307998], [80.788975, 7.300638], [80.797511, 7.296223], [80.801927, 7.289158], [80.800455, 7.273851], [80.810169, 7.277678]]]}}, {"type": "Feature", "properties": {"featurecla": "Reservoir", "scalerank": 8, "name": "Bhadra Reservoir", "name_abb": "Bhadra Res.", "name_alt": null, "note": null, "delta": null, "dam_name": "Bhadra River Project Dam", "year": 1963, "admin": null, "min_zoom": 6, "min_label": 7, "label": null, "wikidataid": null, "name_ar": "\u062e\u0632\u0627\u0646 \u0628\u0647\u0627\u062f\u0631\u0627", "name_bn": "\u09ad\u09be\u09a6\u09cd\u09b0\u09be \u09b0\u09bf\u099c\u09be\u09b0\u09cd\u09ad\u09be\u09b0", "name_de": "Bhadra-Stausee", "name_en": "Bhadra Reservoir", "name_es": "Presa Bhadra", "name_fr": "Bhadra Reservoir", "name_el": "\u03a4\u03b5\u03c7\u03bd\u03b7\u03c4\u03ae \u039b\u03af\u03bc\u03bd\u03b7 \u039c\u03c0\u03ac\u03bd\u03c4\u03c1\u03b1", "name_hi": "\u092d\u0926\u094d\u0930\u093e \u091c\u0932\u093e\u0936\u092f", "name_hu": "Bhadra Reservoir", "name_id": "Reservoir Bhadra", "name_it": "Serbatoio Bhadra", "name_ja": "\u30d0\u30fc\u30c9\u30e9\u8caf\u6c34\u6e56", "name_ko": "\ubc14\ub4dc\ub77c \ub808\uc800\ubcf4\uc5b4", "name_nl": "Bhadra Reservoir", "name_pl": "Zbiornik Bhadra", "name_pt": "Represa de Bhadra", "name_ru": "\u0432\u043e\u0434\u043e\u0445\u0440\u0430\u043d\u0438\u043b\u0438\u0449\u0435 \u0411\u0445\u0430\u0434\u0440\u0430", "name_sv": "Bhadra-reservoaren", "name_tr": "Bhadra Rezervuar\u0131", "name_vi": "H\u1ed3 Bhadra", "name_zh": "\u5df4\u5fb7\u62c9\u6c34\u5e93", "ne_id": 1159123047, "name_fa": "\u0645\u062e\u0632\u0646 \u0633\u062f \u0628\u0647\u0627\u062f\u0631\u0627", "name_he": "\u05de\u05d0\u05d2\u05e8 \u05d1\u05d4\u05d3\u05e8\u05d4", "name_uk": "\u0432\u043e\u0434\u043e\u0441\u0445\u043e\u0432\u0438\u0449\u0435 \u0411\u0445\u0430\u0434\u0440\u0430", "name_ur": "\u0628\u06be\u0627\u062f\u0631\u0627 \u0631\u06cc\u0632\u0631\u0648\u0627\u0626\u0631", "name_zht": "\u5df4\u5fb7\u62c9\u6c34\u5eab"}, "bbox": [75.496308, 13.49612, 75.646728, 13.726902], "geometry": {"type": "Polygon", "coordinates": [[[75.626711, 13.716305], [75.633776, 13.708357], [75.646728, 13.66744], [75.644667, 13.64654], [75.615819, 13.677154], [75.6064, 13.66744], [75.595508, 13.67215], [75.585206, 13.670973], [75.573137, 13.668029], [75.557241, 13.66744], [75.557241, 13.660081], [75.572548, 13.649778], [75.577258, 13.632411], [75.577846, 13.591789], [75.584322, 13.56559], [75.57873, 13.552638], [75.557241, 13.54469], [75.557241, 13.537037], [75.571665, 13.530267], [75.557241, 13.524085], [75.546055, 13.515548], [75.537519, 13.505834], [75.530748, 13.49612], [75.532809, 13.517609], [75.54164, 13.539097], [75.554886, 13.557937], [75.571665, 13.571183], [75.565483, 13.580603], [75.561656, 13.588256], [75.559007, 13.596204], [75.557241, 13.605918], [75.551648, 13.605918], [75.545172, 13.596498], [75.535164, 13.587962], [75.510143, 13.571183], [75.529276, 13.608862], [75.52545, 13.61887], [75.496308, 13.619164], [75.496308, 13.626524], [75.51132, 13.630645], [75.526627, 13.641831], [75.539285, 13.654488], [75.544289, 13.663908], [75.548704, 13.69982], [75.554886, 13.715716], [75.564306, 13.714538], [75.570782, 13.723664], [75.576669, 13.726902], [75.583439, 13.726019], [75.591387, 13.722192], [75.606989, 13.723075], [75.618469, 13.721014], [75.626711, 13.716305]]]}}, {"type": "Feature", "properties": {"featurecla": "Reservoir", "scalerank": 8, "name": "Tungabhadra", "name_abb": "Tungabhadra", "name_alt": null, "note": null, "delta": null, "dam_name": "Tungabhadra Dam", "year": 1957, "admin": null, "min_zoom": 6, "min_label": 7, "label": null, "wikidataid": null, "name_ar": "\u062a\u0648\u0646\u062c\u0627\u0628\u0647\u0627\u062f\u0631\u0627", "name_bn": "\u09a4\u09c1\u0999\u09cd\u0997\u09ad\u09a6\u09cd\u09b0", "name_de": "Tungabhadra-Damm", "name_en": "Tungabhadra Reservoir", "name_es": "Tungabhadra", "name_fr": "Tungabhadr\u00e2", "name_el": "\u03a4\u03bf\u03c5\u03bd\u03b3\u03ba\u03b1\u03bc\u03c0\u03ac\u03bd\u03c4\u03c1\u03b1", "name_hi": "\u0924\u0941\u0902\u0917\u093e\u092d\u0926\u094d\u0930", "name_hu": "Tungabhadra", "name_id": "Tungabhadra", "name_it": "Tungabhadra", "name_ja": "\u30c8\u30a5\u30f3\u30ac\u30d0\u30c9\u30e9\u8caf\u6c34\u6c60", "name_ko": "\ud241\uac00\ubc14\ub4dc\ub77c", "name_nl": "Tungabhadra", "name_pl": "Tungabhadra", "name_pt": "Tungabhadra", "name_ru": "\u0432\u043e\u0434\u043e\u0445\u0440\u0430\u043d\u0438\u043b\u0438\u0449\u0435 \u0422\u0443\u043d\u0433\u0430\u0431\u0445\u0430\u0434\u0440\u0430", "name_sv": "Tungabhadra", "name_tr": "Tungabhadra", "name_vi": "H\u1ed3 Tungabhadra", "name_zh": "\u901a\u683c\u73c0\u5fb7\u62c9\u6cb3", "ne_id": 1159123057, "name_fa": "\u062a\u0648\u0646\u06af\u0627\u0628\u0647\u0627\u062f\u0631\u0627", "name_he": "\u05d8\u05d5\u05e0\u05d2\u05d0\u05d1\u05d4\u05d3\u05e8\u05d4", "name_uk": "\u0422\u0443\u043d\u0433\u0430\u0431\u0445\u0430\u0434\u0440\u0430", "name_ur": "\u0679\u0648\u0646\u06af\u0627\u0628\u06be\u0627\u062f\u0631\u0627", "name_zht": "\u68df\u683c\u73c0\u5fb7\u62c9\u6c34\u5eab"}, "bbox": [75.879864, 15.092751, 76.334657, 15.311169], "geometry": {"type": "Polygon", "coordinates": [[[76.312874, 15.280556], [76.332596, 15.256418], [76.334657, 15.236107], [76.321999, 15.22551], [76.302865, 15.218445], [76.28432, 15.209319], [76.299922, 15.193718], [76.291385, 15.190186], [76.259888, 15.194896], [76.248114, 15.19048], [76.22898, 15.168697], [76.215439, 15.160749], [76.204842, 15.168109], [76.199544, 15.177823], [76.195717, 15.187537], [76.188358, 15.194896], [76.175994, 15.1999], [76.170696, 15.198428], [76.167163, 15.193718], [76.160687, 15.188714], [76.119182, 15.174585], [76.115061, 15.166342], [76.108879, 15.144854], [76.102698, 15.140438], [76.070023, 15.140144], [76.065019, 15.136906], [76.063253, 15.130136], [76.058543, 15.122188], [76.05295, 15.115712], [76.047946, 15.113062], [76.039704, 15.115417], [76.026163, 15.125131], [76.020864, 15.127486], [76.009679, 15.126309], [75.99496, 15.121599], [75.983186, 15.119833], [75.922547, 15.121599], [75.914305, 15.119833], [75.90724, 15.113357], [75.898115, 15.095695], [75.893699, 15.092751], [75.883691, 15.097167], [75.879864, 15.106292], [75.880158, 15.13043], [75.884574, 15.143088], [75.893699, 15.144559], [75.903119, 15.143676], [75.907534, 15.150447], [75.910478, 15.156628], [75.918131, 15.159572], [75.938148, 15.160749], [75.941092, 15.163104], [75.943152, 15.16752], [75.946096, 15.17223], [75.951983, 15.174585], [75.954633, 15.173407], [75.956693, 15.171347], [75.960225, 15.169286], [75.965818, 15.168403], [75.973766, 15.171641], [75.977004, 15.179883], [75.977299, 15.190775], [75.975827, 15.201666], [75.983186, 15.201666], [75.986424, 15.18577], [75.992017, 15.17223], [76.001436, 15.163104], [76.017332, 15.160749], [76.027929, 15.165754], [76.058543, 15.18371], [76.065019, 15.185476], [76.069435, 15.195484], [76.088863, 15.213146], [76.092984, 15.226393], [76.09004, 15.274963], [76.092984, 15.284382], [76.113, 15.267309], [76.119182, 15.263777], [76.126836, 15.263188], [76.174228, 15.263777], [76.181882, 15.261716], [76.18718, 15.25789], [76.193067, 15.257301], [76.201604, 15.263777], [76.209846, 15.256418], [76.218677, 15.255535], [76.226036, 15.261716], [76.22898, 15.274374], [76.224564, 15.302044], [76.227802, 15.311169], [76.242815, 15.304988], [76.264304, 15.29027], [76.288736, 15.287032], [76.312874, 15.280556]]]}}, {"type": "Feature", "properties": {"featurecla": "Reservoir", "scalerank": 7, "name": "Tarbela Dam", "name_abb": "Tarbela Dam", "name_alt": null, "note": null, "delta": null, "dam_name": null, "year": 1976, "admin": null, "min_zoom": 5.7, "min_label": 6.7, "label": null, "wikidataid": null, "name_ar": "\u0633\u062f \u062a\u0627\u0631\u0628\u064a\u0644\u0627", "name_bn": "\u09a4\u09be\u09b0\u09ac\u09c7\u09b2\u09be \u09ac\u09be\u0981\u09a7", "name_de": "Tarbela-Talsperre", "name_en": "Tarbela Dam", "name_es": "Presa de Tarbela", "name_fr": "Barrage de Tarbela", "name_el": "\u03a6\u03c1\u03ac\u03b3\u03bc\u03b1 \u03a4\u03b1\u03c1\u03bc\u03c0\u03ad\u03bb\u03b1", "name_hi": "\u0924\u093e\u0930\u092c\u0947\u0932\u093e \u092c\u093e\u0902\u0927", "name_hu": "Tarbela-g\u00e1t", "name_id": "Reservoir Tarbela", "name_it": "Diga di Tarbela", "name_ja": "\u30bf\u30fc\u30d9\u30e9\u30fb\u30c0\u30e0", "name_ko": "\ud0c0\ub974\ubca8\ub77c \ub310", "name_nl": "Tarbela Dam", "name_pl": "Zapora Tarbela", "name_pt": "Represa de Tarbela", "name_ru": "\u0432\u043e\u0434\u043e\u0445\u0440\u0430\u043d\u0438\u043b\u0438\u0449\u0435 \u0422\u0430\u0440\u0431\u0435\u043b\u0430-\u0414\u044d\u043c-\u0425\u0430\u0440\u0438\u043f\u0443\u0440-\u0420\u0435\u0437\u0435\u0440\u0432\u0443\u0430\u0440", "name_sv": "Tarbela", "name_tr": "Tarbela Baraj\u0131", "name_vi": "\u0110\u1eadp Tarbela", "name_zh": "\u5fb7\u5c14\u8d1d\u62c9\u6c34\u5e93", "ne_id": 1159125311, "name_fa": "\u0633\u062f \u062a\u0627\u0631\u0628\u0644\u0627", "name_he": "\u05e1\u05db\u05e8 \u05d8\u05e8\u05d1\u05dc\u05d4", "name_uk": "\u0422\u0430\u0440\u0431\u0435\u043b\u0430-\u0414\u0430\u043c", "name_ur": "\u062a\u0631\u0628\u06cc\u0644\u0627 \u0688\u06cc\u0645", "name_zht": "\u5854\u8c9d\u62c9\u5927\u58e9"}, "bbox": [72.689251, 34.011828, 73.020411, 34.622634], "geometry": {"type": "Polygon", "coordinates": [[[73.003632, 34.083064], [73.019233, 34.07806], [73.020411, 34.062753], [72.999805, 34.050979], [72.957711, 34.036555], [72.930336, 34.015066], [72.914145, 34.011828], [72.891479, 34.019776], [72.879705, 34.031256], [72.874112, 34.045386], [72.870874, 34.060693], [72.864987, 34.075116], [72.851446, 34.088952], [72.834373, 34.096899], [72.814356, 34.100726], [72.792573, 34.101904], [72.774911, 34.096311], [72.746947, 34.073056], [72.731345, 34.067463], [72.716038, 34.076588], [72.696905, 34.095722], [72.689251, 34.114561], [72.756955, 34.138699], [72.779621, 34.151357], [72.789041, 34.166958], [72.793456, 34.17991], [72.81259, 34.190213], [72.817005, 34.201104], [72.816417, 34.224948], [72.814356, 34.237017], [72.809646, 34.246436], [72.826131, 34.268514], [72.834373, 34.292651], [72.837022, 34.345048], [72.834078, 34.352407], [72.821126, 34.377428], [72.817005, 34.389792], [72.816122, 34.404804], [72.816711, 34.418639], [72.815534, 34.43218], [72.809646, 34.445132], [72.829957, 34.472508], [72.830546, 34.486637], [72.826719, 34.491053], [72.819655, 34.490759], [72.775794, 34.499589], [72.768435, 34.505771], [72.767552, 34.520195], [72.774911, 34.530792], [72.784331, 34.540212], [72.790218, 34.553752], [72.792573, 34.555813], [72.794928, 34.558757], [72.795811, 34.564938], [72.793751, 34.570826], [72.784037, 34.579362], [72.775206, 34.602028], [72.774323, 34.613508], [72.781682, 34.622634], [72.796105, 34.617629], [72.810824, 34.597318], [72.820538, 34.573475], [72.819949, 34.557579], [72.810235, 34.544627], [72.801404, 34.527554], [72.799932, 34.512247], [72.813179, 34.505771], [72.839966, 34.503416], [72.850563, 34.495468], [72.849974, 34.481045], [72.843792, 34.458673], [72.837022, 34.415401], [72.838494, 34.392441], [72.847325, 34.382433], [72.859099, 34.373013], [72.879116, 34.307958], [72.862926, 34.277933], [72.858805, 34.264098], [72.857333, 34.24261], [72.858805, 34.223476], [72.862926, 34.209052], [72.879116, 34.177555], [72.868813, 34.15695], [72.877056, 34.138699], [72.893834, 34.128985], [72.909141, 34.132812], [72.924448, 34.143115], [72.945054, 34.148707], [72.965365, 34.14753], [72.980966, 34.136639], [72.968308, 34.120448], [72.95359, 34.110146], [72.943876, 34.10102], [72.94682, 34.088068], [72.963893, 34.077766], [73.003632, 34.083064]]]}}, {"type": "Feature", "properties": {"featurecla": "Reservoir", "scalerank": 7, "name": "Gobind Sagar Reservoir", "name_abb": "Gobind Sagar Res.", "name_alt": null, "note": null, "delta": null, "dam_name": "Bhakra Dam", "year": 1962, "admin": null, "min_zoom": 5.7, "min_label": 6.7, "label": "Gobind Sagar Res.", "wikidataid": "Q5575508", "name_ar": "\u062e\u0632\u0627\u0646 \u062c\u0648\u0628\u064a\u0646\u062f \u0633\u0627\u062c\u0627\u0631", "name_bn": "\u0997\u09cb\u09ac\u09bf\u09a8\u09cd\u09a6 \u09b8\u09be\u0997\u09b0 \u09b0\u09bf\u099c\u09be\u09b0\u09cd\u09ad\u09be\u09b0", "name_de": "Gobindsagar-Stausee", "name_en": "Gobind Sagar", "name_es": "Presa Gobind Sagar", "name_fr": "Gobind Sagar", "name_el": "\u03a4\u03b5\u03c7\u03bd\u03b7\u03c4\u03ae \u039b\u03af\u03bc\u03bd\u03b7 \u0393\u03ba\u03cc\u03bc\u03c0\u03b9\u03bd\u03c4 \u03a3\u03b1\u03b3\u03ba\u03ac\u03c1", "name_hi": "\u0917\u094b\u0935\u093f\u0928\u094d\u0926 \u0938\u093e\u0917\u0930", "name_hu": "Gobind Sagar-v\u00edzt\u00e1roz\u00f3", "name_id": "Reservoir Gobind Sagar", "name_it": "Serbatoio Gobind Sagar", "name_ja": "\u30b4\u30d3\u30f3\u30c9\u30fb\u30b5\u30ac\u30fc\u8caf\u6c34\u6e56", "name_ko": "\uace0\ube48\ub4dc \uc0ac\uac00\ub974 \ub808\uc800\ubcf4\uc5b4", "name_nl": "Gobind Sagar Reservoir", "name_pl": "Zbiornik Gobind Sagar", "name_pt": "Represa Gobind Sagar", "name_ru": "\u0432\u043e\u0434\u043e\u0445\u0440\u0430\u043d\u0438\u043b\u0438\u0449\u0435 \u0413\u043e\u0431\u0438\u043d\u0434 \u0421\u0430\u0433\u0430\u0440", "name_sv": "Gobind Sagar-reservoaren", "name_tr": "Gobind Sagar Rezervuar\u0131", "name_vi": "H\u1ed3 Gobind Sagar", "name_zh": "\u6208\u5bbe\u5fb7\u8428\u52a0\u5c14\u6c34\u5e93", "ne_id": 1159125469, "name_fa": "\u0645\u062e\u0632\u0646 \u0633\u062f \u06af\u0648\u0628\u06cc\u0646\u062f \u0633\u0627\u06af\u0627\u0631", "name_he": "\u05de\u05d0\u05d2\u05e8 \u05d2\u05d5\u05d1\u05d9\u05e0\u05d3 \u05e1\u05d0\u05d2\u05d2\u05e8", "name_uk": "\u0432\u043e\u0434\u043e\u0441\u0445\u043e\u0432\u0438\u0449\u0435 \u0413\u043e\u0431\u0456\u043d\u0434 \u0421\u0430\u0433\u0430\u0440", "name_ur": "\u06af\u0648\u0628\u0646\u062f \u0633\u0627\u06af\u0631 \u0631\u06cc\u0632\u0631\u0648\u0627\u0626\u0631", "name_zht": "\u6208\u8cd3\u5fb7\u85a9\u52a0\u6c34\u5eab"}, "bbox": [76.352613, 31.216841, 76.784445, 31.600397], "geometry": {"type": "Polygon", "coordinates": [[[76.7659, 31.260995], [76.778852, 31.239801], [76.784445, 31.216841], [76.762368, 31.234208], [76.726161, 31.293375], [76.705261, 31.306327], [76.703495, 31.300146], [76.698196, 31.273064], [76.695547, 31.265411], [76.684656, 31.259524], [76.670526, 31.257463], [76.64786, 31.257757], [76.639324, 31.262173], [76.621367, 31.267471], [76.613125, 31.271298], [76.606355, 31.276597], [76.598701, 31.286016], [76.544538, 31.338413], [76.538062, 31.350482], [76.531586, 31.354309], [76.493613, 31.388161], [76.481839, 31.394048], [76.470359, 31.406411], [76.45564, 31.41848], [76.435035, 31.422307], [76.442688, 31.429077], [76.40707, 31.497958], [76.384993, 31.522979], [76.373218, 31.532399], [76.359089, 31.538875], [76.370863, 31.55065], [76.370275, 31.567428], [76.362327, 31.585385], [76.352613, 31.600397], [76.372335, 31.592449], [76.383815, 31.572433], [76.392352, 31.548295], [76.403832, 31.528278], [76.428853, 31.500313], [76.444454, 31.488244], [76.462411, 31.484418], [76.458878, 31.467345], [76.466532, 31.457925], [76.477423, 31.450566], [76.482722, 31.439969], [76.488903, 31.437614], [76.516279, 31.411121], [76.553369, 31.366378], [76.561906, 31.361374], [76.599584, 31.321634], [76.606355, 31.309565], [76.611065, 31.298674], [76.62225, 31.289254], [76.63638, 31.28219], [76.64786, 31.278363], [76.665816, 31.278952], [76.678474, 31.286311], [76.681418, 31.294847], [76.671704, 31.298674], [76.666994, 31.304267], [76.611948, 31.351365], [76.578979, 31.388161], [76.586338, 31.394931], [76.596935, 31.379624], [76.616952, 31.364612], [76.640207, 31.356664], [76.660518, 31.361374], [76.659929, 31.348716], [76.66405, 31.339885], [76.669643, 31.331643], [76.674647, 31.320457], [76.697902, 31.320751], [76.720568, 31.313098], [76.735875, 31.315747], [76.736464, 31.347244], [76.742351, 31.358724], [76.742351, 31.364906], [76.733226, 31.367555], [76.725278, 31.368733], [76.718213, 31.371971], [76.714975, 31.377564], [76.719096, 31.384628], [76.72881, 31.394342], [76.739113, 31.401701], [76.750593, 31.407], [76.764723, 31.408766], [76.756775, 31.401701], [76.750593, 31.394931], [76.746178, 31.388161], [76.743528, 31.38139], [76.751771, 31.386689], [76.760307, 31.388749], [76.769138, 31.386689], [76.777675, 31.38139], [76.76119, 31.361079], [76.751182, 31.313687], [76.736464, 31.298674], [76.7659, 31.260995]]]}}, {"type": "Feature", "properties": {"featurecla": "Reservoir", "scalerank": 7, "name": "Hinakud Dam", "name_abb": "Hinakud Dam", "name_alt": null, "note": null, "delta": null, "dam_name": null, "year": -99, "admin": null, "min_zoom": 5.7, "min_label": 6.7, "label": null, "wikidataid": null, "name_ar": "\u0633\u062f \u0647\u064a\u0646\u0627\u0643\u0648\u062f", "name_bn": "\u09b9\u09bf\u09a8\u09be\u0995\u09c1\u09a6 \u09a1\u09cd\u09af\u09be\u09ae", "name_de": "Hirakud-Talsperre", "name_en": "Hirakud Dam", "name_es": "Presa Hinakud", "name_fr": "Barrage d'Hirakud", "name_el": "\u03a6\u03c1\u03ac\u03b3\u03bc\u03b1 \u03a7\u03b9\u03bd\u03b1\u03ba\u03bf\u03cd\u03b4", "name_hi": "\u0939\u093f\u0928\u093e\u0915\u0941\u0921 \u0921\u0948\u092e", "name_hu": "Hinakud-g\u00e1t", "name_id": "Reservoir Hirakud", "name_it": "Diga di Hirakud", "name_ja": "\u30d2\u30e9\u30af\u30c9\u30fb\u30c0\u30e0", "name_ko": "\ud788\ub098\ucfe0\ub4dc \ub310", "name_nl": "Hinakud Dam", "name_pl": "Zapora Hinakud", "name_pt": "Barragem de Hirakud", "name_ru": "\u0432\u043e\u0434\u043e\u0445\u0440\u0430\u043d\u0438\u043b\u0438\u0449\u0435 \u0425\u0438\u0440\u0430\u043a\u0443\u0434", "name_sv": "Hirakud-dammen", "name_tr": "Hirakud Baraj\u0131", "name_vi": "\u0110\u1eadp Hinakud", "name_zh": "\u5e0c\u7eb3\u5e93\u5fb7\u6c34\u5e93", "ne_id": 1159125483, "name_fa": "\u0633\u062f \u0647\u06cc\u0646\u0627\u06a9\u0648\u062f", "name_he": "\u05e1\u05db\u05e8 \u05d4\u05d9\u05e0\u05d0\u05e7\u05d5\u05d3", "name_uk": "\u0425\u0456\u043d\u0430\u043a\u0443\u0434", "name_ur": "\u062d\u0646\u0627\u06a9\u0648\u062f \u0688\u06cc\u0645", "name_zht": "\u5e0c\u7d0d\u5eab\u5fb7\u5927\u58e9"}, "bbox": [83.295485, 21.481336, 84.034633, 21.781293], "geometry": {"type": "Polygon", "coordinates": [[[83.991068, 21.656777], [84.017855, 21.627929], [84.034633, 21.616155], [83.976644, 21.565818], [83.940143, 21.546685], [83.911295, 21.554633], [83.889806, 21.54639], [83.86979, 21.534321], [83.855366, 21.517543], [83.849773, 21.496349], [83.842708, 21.481925], [83.825635, 21.481336], [83.805324, 21.488989], [83.788251, 21.499292], [83.74704, 21.572], [83.720547, 21.606146], [83.691405, 21.602908], [83.685223, 21.602908], [83.677864, 21.621748], [83.686106, 21.627635], [83.699058, 21.630579], [83.705829, 21.640293], [83.699353, 21.656188], [83.671094, 21.678854], [83.664912, 21.695044], [83.590438, 21.719182], [83.575425, 21.725953], [83.540102, 21.708879], [83.530976, 21.696516], [83.527444, 21.674733], [83.520085, 21.660309], [83.484467, 21.62528], [83.472987, 21.60909], [83.456208, 21.62999], [83.390565, 21.681504], [83.377024, 21.683858], [83.34641, 21.681209], [83.314324, 21.682975], [83.295485, 21.698577], [83.396746, 21.700932], [83.410876, 21.698577], [83.427066, 21.689157], [83.458563, 21.662959], [83.476225, 21.65766], [83.489471, 21.663253], [83.499185, 21.676499], [83.505072, 21.691512], [83.507133, 21.702109], [83.507427, 21.722126], [83.505661, 21.733606], [83.497713, 21.741848], [83.479168, 21.753917], [83.492415, 21.75951], [83.506839, 21.758921], [83.519496, 21.753917], [83.527444, 21.746558], [83.535686, 21.76422], [83.547461, 21.781293], [83.558352, 21.768341], [83.611044, 21.76893], [83.630472, 21.760099], [83.636948, 21.760099], [83.644012, 21.780999], [83.653432, 21.776289], [83.664323, 21.762159], [83.675215, 21.753917], [83.694643, 21.751562], [83.702296, 21.745969], [83.707595, 21.737138], [83.719369, 21.725953], [83.730261, 21.73184], [83.737914, 21.731251], [83.745568, 21.728013], [83.757342, 21.725953], [83.767645, 21.72242], [83.76529, 21.715061], [83.753516, 21.702109], [83.75852, 21.684153], [83.770589, 21.660898], [83.784424, 21.648829], [83.795315, 21.66443], [83.819453, 21.642353], [83.829462, 21.636466], [83.836232, 21.643825], [83.820925, 21.654716], [83.812094, 21.663547], [83.808856, 21.671201], [83.815038, 21.676794], [83.849773, 21.691806], [83.852128, 21.674439], [83.863019, 21.672673], [83.872144, 21.682387], [83.870967, 21.698577], [83.88127, 21.697105], [83.890689, 21.693867], [83.898343, 21.689451], [83.905113, 21.685036], [83.900698, 21.674439], [83.89746, 21.636466], [83.893927, 21.635877], [83.886274, 21.628518], [83.881858, 21.619981], [83.887451, 21.616155], [83.897165, 21.61586], [83.901287, 21.614683], [83.905113, 21.602908], [83.91571, 21.609384], [83.926602, 21.6138], [83.935138, 21.611739], [83.938376, 21.599376], [83.941614, 21.598199], [83.946913, 21.603497], [83.949857, 21.614683], [83.944852, 21.630284], [83.958393, 21.645886], [83.951328, 21.681504], [83.925424, 21.746558], [83.922775, 21.751268], [83.914827, 21.757155], [83.908646, 21.764809], [83.905113, 21.774228], [83.91836, 21.777172], [83.933961, 21.775111], [83.946913, 21.768341], [83.952212, 21.756861], [83.957804, 21.740082], [83.970462, 21.732134], [83.984297, 21.725658], [83.993128, 21.712706], [84.012851, 21.717122], [84.019327, 21.705347], [84.015205, 21.692984], [84.003431, 21.695044], [83.987241, 21.70623], [83.98312, 21.697399], [83.983414, 21.679737], [83.980176, 21.66443], [83.991068, 21.656777]]]}}, {"type": "Feature", "properties": {"featurecla": "Reservoir", "scalerank": 7, "name": "Nagarjuna Sagar Dam", "name_abb": "Nagarjuna Sagar Dam", "name_alt": null, "note": null, "delta": null, "dam_name": null, "year": -99, "admin": null, "min_zoom": 5.7, "min_label": 6.7, "label": null, "wikidataid": null, "name_ar": "\u0633\u062f \u0646\u0627\u062c\u0627\u0631\u062c\u0648\u0646\u0627 \u0633\u0627\u062c\u0627\u0631", "name_bn": "\u09a8\u09be\u0997\u09be\u09b0\u09cd\u099c\u09c1\u09a8\u09be \u09b8\u09be\u0997\u09b0 \u09a1\u09cd\u09af\u09be\u09ae", "name_de": "Nagarjuna-Sagar-Talsperre", "name_en": "Nagarjuna Sagar Dam", "name_es": "Presa de Nagarjuna Sagar", "name_fr": "Barrage de Nagarjuna Sagar", "name_el": "\u03a6\u03c1\u03ac\u03b3\u03bc\u03b1 \u039d\u03b1\u03b3\u03ba\u03ac\u03c1\u03b3\u03b9\u03bf\u03c5\u03bd\u03b1 \u03a3\u03b1\u03b3\u03ba\u03ac\u03c1", "name_hi": "\u0928\u093e\u0917\u093e\u0930\u094d\u091c\u0941\u0928 \u0938\u093e\u0917\u0930 \u0921\u0948\u092e", "name_hu": "Nagarjuna Sagar-g\u00e1t", "name_id": "Reservoir Nagarjuna Sagar", "name_it": "Diga di Nagarjuna Sagar", "name_ja": "\u30ca\u30ac\u30eb\u30b8\u30e5\u30ca\u30fb\u30b5\u30fc\u30ac\u30eb\u30fb\u30c0\u30e0", "name_ko": "\ub098\uac00\ub974\uc8fc\ub098 \uc0ac\uac00\ub974 \ub310", "name_nl": "Nagarjuna Sagar Dam", "name_pl": "Zapora Nagarjuna Sagar", "name_pt": "Barragem de Nagarjuna Sagar", "name_ru": "\u043f\u043b\u043e\u0442\u0438\u043d\u0430 \u041d\u0430\u0433\u0430\u0440\u0434\u0436\u0443\u043d\u0430-\u0421\u0430\u0433\u0430\u0440", "name_sv": "Nagarjuna Sagar", "name_tr": "Nagarjuna Sagar Baraj\u0131", "name_vi": "\u0110\u1eadp Nagarjuna Sagar", "name_zh": "\u90a3\u52a0\u8bf8\u90a3\u8428\u52a0\u5c14\u6c34\u5e93", "ne_id": 1159125497, "name_fa": "\u0633\u062f \u0646\u0627\u06af\u0627\u0631\u062c\u0648\u0646\u0627 \u0633\u0627\u06af\u0627\u0631", "name_he": "\u05e0\u05d4\u05d5\u05e8\u05d9", "name_uk": "\u041d\u0430\u0433\u0430\u0440\u0434\u0436\u0443\u043d\u0430 \u0421\u0430\u0433\u0430\u0440 \u0414\u0430\u043c", "name_ur": "\u0646\u06af\u0631\u062c\u0648\u0646\u0627 \u0633\u0627\u06af\u0631 \u0688\u06cc\u0645", "name_zht": "\u7d0d\u683c\u4e45\u90a3\u85a9\u683c\u5927\u58e9"}, "bbox": [78.99718, 16.209274, 79.320686, 16.662301], "geometry": {"type": "Polygon", "coordinates": [[[79.313622, 16.595775], [79.320686, 16.579879], [79.313033, 16.579879], [79.31892, 16.560156], [79.305379, 16.548676], [79.268878, 16.535136], [79.265052, 16.526599], [79.267406, 16.505699], [79.265346, 16.497163], [79.256221, 16.490981], [79.245623, 16.490392], [79.234732, 16.491275], [79.224429, 16.490392], [79.224429, 16.483622], [79.230022, 16.482444], [79.239147, 16.478618], [79.245035, 16.47744], [79.240325, 16.466254], [79.227373, 16.450359], [79.224429, 16.439467], [79.224724, 16.415624], [79.222369, 16.404732], [79.21707, 16.394724], [79.225018, 16.377945], [79.234732, 16.36411], [79.258576, 16.340266], [79.232377, 16.315246], [79.226784, 16.270797], [79.213538, 16.228114], [79.165851, 16.209274], [79.153193, 16.210746], [79.121402, 16.222815], [79.083429, 16.222815], [79.072537, 16.226053], [79.048105, 16.240477], [79.03898, 16.244009], [79.026322, 16.243126], [79.017197, 16.240183], [78.99718, 16.230174], [79.005422, 16.248131], [79.014253, 16.253429], [79.042218, 16.25078], [79.051343, 16.248719], [79.065767, 16.2393], [79.072832, 16.23665], [79.082251, 16.237239], [79.09697, 16.242538], [79.10374, 16.244009], [79.135826, 16.238122], [79.163202, 16.228408], [79.187634, 16.226348], [79.210594, 16.244009], [79.220897, 16.26697], [79.225901, 16.297289], [79.223841, 16.327314], [79.213832, 16.349686], [79.201763, 16.358811], [79.155548, 16.381183], [79.121402, 16.41268], [79.106978, 16.4221], [79.152016, 16.404732], [79.170855, 16.392075], [79.189694, 16.373824], [79.194404, 16.383832], [79.196465, 16.415329], [79.208828, 16.448298], [79.210594, 16.456246], [79.208534, 16.470081], [79.203235, 16.472142], [79.196759, 16.471553], [79.189694, 16.47744], [79.183513, 16.492453], [79.186162, 16.497751], [79.192049, 16.500989], [79.196465, 16.510998], [79.198231, 16.520123], [79.199114, 16.521006], [79.194699, 16.518651], [79.142007, 16.518357], [79.123757, 16.522184], [79.107861, 16.53072], [79.102268, 16.543083], [79.114631, 16.559273], [79.104917, 16.56781], [79.056053, 16.594008], [79.047516, 16.600779], [79.031915, 16.620795], [79.056642, 16.616674], [79.08078, 16.603428], [79.104329, 16.593714], [79.127583, 16.60019], [79.134354, 16.589299], [79.143774, 16.580762], [79.155842, 16.575169], [79.169089, 16.572814], [79.16644, 16.584], [79.164085, 16.602251], [79.165262, 16.616969], [79.172916, 16.617263], [79.181452, 16.603722], [79.184984, 16.575758], [79.189694, 16.565455], [79.200291, 16.561334], [79.208239, 16.569282], [79.220603, 16.590182], [79.2312, 16.595775], [79.254749, 16.600484], [79.265346, 16.606372], [79.25887, 16.617263], [79.235615, 16.625211], [79.224429, 16.634336], [79.233849, 16.634336], [79.240325, 16.636102], [79.251216, 16.641695], [79.237381, 16.654942], [79.245035, 16.662301], [79.259459, 16.656708], [79.27506, 16.657297], [79.287718, 16.654059], [79.292722, 16.638163], [79.296254, 16.62315], [79.313622, 16.595775]]]}}, {"type": "Feature", "properties": {"featurecla": "Reservoir", "scalerank": 7, "name": "Chao Nen Dam", "name_abb": "Chao Nen Dam", "name_alt": null, "note": null, "delta": null, "dam_name": null, "year": 1981, "admin": null, "min_zoom": 5.7, "min_label": 6.7, "label": null, "wikidataid": null, "name_ar": "\u0633\u062f \u062a\u0634\u0627\u0648 \u0641\u0631\u0627\u064a\u0627", "name_bn": "\u09b6\u09be\u0993 \u09a8\u09c7\u09a8 \u09a6\u09be\u09ae", "name_de": "Si-Nakharin-Talsperre", "name_en": "Srinakarin Dam", "name_es": "Presa Chao Nen", "name_fr": "Chao Nen Dam", "name_el": "\u03a6\u03c1\u03ac\u03b3\u03bc\u03b1 \u03a4\u03c3\u03ac\u03bf \u039d\u03b5\u03bd", "name_hi": "\u091a\u093e\u0913 \u0928\u0947\u0928 \u0921\u0948\u092e", "name_hu": "Chao Nen-g\u00e1t", "name_id": "Chao Nen Dam", "name_it": "Chao Nen Dam", "name_ja": "\u30c1\u30e3\u30aa\u30cd\u30f3\u30c0\u30e0", "name_ko": "\ucc28\uc624 \ub128 \ub310", "name_nl": "Srinakarin Dam", "name_pl": "Zapora Chaonen", "name_pt": "Barragem de Chao Nen", "name_ru": "\u0432\u043e\u0434\u043e\u0445\u0440\u0430\u043d\u0438\u043b\u0438\u0449\u0435 \u0411\u0430\u043d \u0427\u0430\u043e \u041d\u0435\u043d", "name_sv": "Chao Nen-dammen", "name_tr": "Chao Nen Baraj\u0131", "name_vi": "\u0110\u1eadp Chao Nen", "name_zh": "\u6f6e\u80fd\u6c34\u5e93", "ne_id": 1159125625, "name_fa": "\u0633\u062f \u0686\u0627\u0626\u0648 \u0646\u0646", "name_he": "\u05e1\u05db\u05e8 \u05e6'\u05d0\u05d5 \u05e0\u05df", "name_uk": "\u0427\u0430\u043e\u043d\u0435\u043d\u0434\u0430\u043c", "name_ur": "\u0686\u0627\u0624 \u0646\u06cc\u0646 \u0688\u06cc\u0645", "name_zht": "\u671d\u80fd\u5927\u58e9"}, "bbox": [98.977734, 14.390693, 99.203511, 15.043592], "geometry": {"type": "Polygon", "coordinates": [[[99.194092, 14.586739], [99.202334, 14.583796], [99.203511, 14.580852], [99.189087, 14.56584], [99.181434, 14.554654], [99.176135, 14.549061], [99.162889, 14.541113], [99.119323, 14.525217], [99.119029, 14.51933], [99.116674, 14.508144], [99.116085, 14.50314], [99.117557, 14.497253], [99.119912, 14.493426], [99.133453, 14.476353], [99.158474, 14.454864], [99.167305, 14.44515], [99.169659, 14.436908], [99.165833, 14.429255], [99.156413, 14.421307], [99.149937, 14.413653], [99.140517, 14.39452], [99.132864, 14.390693], [99.124622, 14.393342], [99.116968, 14.399818], [99.075757, 14.44515], [99.068398, 14.458691], [99.065749, 14.462518], [99.061039, 14.466933], [99.04426, 14.476942], [99.036607, 14.484595], [99.029248, 14.493426], [98.993335, 14.55171], [98.99363, 14.559069], [99.008937, 14.5888], [99.010703, 14.596453], [99.010703, 14.603518], [99.008054, 14.610288], [99.003049, 14.615293], [98.997751, 14.620003], [98.992747, 14.625301], [98.990392, 14.632366], [98.991864, 14.637076], [98.99569, 14.641785], [98.999223, 14.648261], [99.0004, 14.652383], [99.001283, 14.660919], [99.002755, 14.664451], [99.005699, 14.666806], [99.012175, 14.668867], [99.014824, 14.670633], [99.017179, 14.677404], [99.015118, 14.700953], [99.017473, 14.716554], [99.017473, 14.724207], [99.015413, 14.731861], [99.005993, 14.742752], [98.992158, 14.754233], [98.980678, 14.766301], [98.977734, 14.778665], [98.98892, 14.780431], [99.024538, 14.790145], [99.023949, 14.796032], [99.020417, 14.806041], [99.019534, 14.811045], [99.020417, 14.817226], [99.023066, 14.821348], [99.02601, 14.825174], [99.028953, 14.830179], [99.030425, 14.835183], [99.031014, 14.845485], [99.03278, 14.85049], [99.035724, 14.854022], [99.043672, 14.858732], [99.046615, 14.861381], [99.047498, 14.867563], [99.040139, 14.87816], [99.043672, 14.881987], [99.047793, 14.88287], [99.054857, 14.883458], [99.058684, 14.885225], [99.062217, 14.888168], [99.063688, 14.890818], [99.064571, 14.893761], [99.066043, 14.897294], [99.072225, 14.908185], [99.075757, 14.912306], [99.088121, 14.921137], [99.09077, 14.924375], [99.089887, 14.928496], [99.085766, 14.935266], [99.080173, 14.950279], [99.07458, 14.981482], [99.068693, 14.9962], [99.063688, 15.001793], [99.051619, 15.008269], [99.046321, 15.01239], [99.041905, 15.019455], [99.039845, 15.027108], [99.039256, 15.043592], [99.043083, 15.038], [99.061628, 15.024459], [99.086354, 15.010918], [99.091064, 15.007386], [99.094597, 15.002382], [99.096657, 14.997083], [99.099306, 14.985014], [99.104016, 14.973239], [99.110492, 14.961465], [99.119029, 14.951751], [99.130215, 14.946158], [99.14876, 14.947335], [99.156119, 14.945275], [99.155824, 14.936444], [99.145227, 14.920843], [99.129332, 14.907302], [99.111375, 14.896705], [99.080173, 14.884342], [99.076052, 14.881692], [99.072225, 14.876688], [99.071047, 14.872273], [99.071047, 14.867563], [99.070164, 14.862559], [99.054269, 14.835771], [99.049559, 14.821642], [99.052208, 14.805452], [99.056035, 14.800153], [99.067515, 14.789851], [99.070753, 14.784552], [99.070753, 14.780431], [99.068987, 14.776899], [99.066632, 14.773366], [99.064866, 14.769245], [99.064866, 14.765713], [99.065749, 14.758648], [99.06516, 14.754821], [99.061333, 14.748345], [99.057507, 14.743635], [99.055446, 14.738043], [99.056624, 14.728917], [99.058095, 14.726268], [99.063394, 14.717731], [99.069281, 14.692416], [99.068987, 14.688295], [99.067515, 14.685646], [99.0631, 14.68123], [99.061628, 14.678581], [99.061628, 14.665923], [99.070459, 14.630894], [99.076052, 14.619119], [99.079584, 14.615587], [99.088415, 14.6097], [99.091359, 14.606756], [99.093125, 14.602046], [99.093125, 14.597336], [99.09077, 14.586739], [99.092242, 14.570549], [99.103133, 14.566723], [99.118146, 14.570844], [99.145816, 14.58409], [99.162006, 14.587622], [99.179079, 14.5888], [99.194092, 14.586739]]]}}, {"type": "Feature", "properties": {"featurecla": "Reservoir", "scalerank": 7, "name": "Kaptai Lake", "name_abb": "Karnaphuli Res.", "name_alt": null, "note": null, "delta": null, "dam_name": "Kaptai Dam", "year": 1962, "admin": null, "min_zoom": 5.7, "min_label": 6.7, "label": "Kaptai Lake", "wikidataid": "Q10995968", "name_ar": "\u0628\u062d\u064a\u0631\u0629 \u0643\u0627\u0628\u062a\u0627\u064a", "name_bn": "\u0995\u09be\u09aa\u09cd\u09a4\u09be\u0987 \u09b9\u09cd\u09b0\u09a6", "name_de": "Karnaphuli-Stausee", "name_en": "Kaptai", "name_es": "Kaptai", "name_fr": "Kaptai", "name_el": "\u039b\u03af\u03bc\u03bd\u03b7 \u039a\u03b1\u03c0\u03c4\u03ac\u03b9", "name_hi": "\u0915\u092a\u094d\u091f\u0908 \u091d\u0940\u0932", "name_hu": "Kaptai-t\u00f3", "name_id": "Danau Kaptai", "name_it": "Kaptai", "name_ja": "\u30ab\u30d7\u30bf\u30a4\u6e56", "name_ko": "\uce85\ud0c0\uc774 \ub808\uc774\ud06c", "name_nl": "Kaptai Lake", "name_pl": "Jezioro Kaptai", "name_pt": "Lago Kaptai", "name_ru": "\u043e\u0437\u0435\u0440\u043e \u041a\u0430\u043f\u0442\u0430\u0439", "name_sv": "Kaptaisj\u00f6n", "name_tr": "Kaptai G\u00f6l\u00fc", "name_vi": "H\u1ed3 Kaptai", "name_zh": "\u6208\u5e03\u591a\u4f0a\u6e56", "ne_id": 1159125711, "name_fa": "\u062f\u0631\u06cc\u0627\u0686\u0647 \u06a9\u0627\u067e\u062a\u0627\u06cc", "name_he": "\u05d0\u05d2\u05dd \u05e7\u05e4\u05d8\u05d0\u05d9", "name_uk": "\u043e\u0437\u0435\u0440\u043e \u041a\u0430\u043f\u0442\u0430\u0439", "name_ur": "\u06a9\u0627\u067e\u062a\u0627\u0626\u06cc \u062c\u06be\u06cc\u0644", "name_zht": "\u6208\u5e03\u591a\u4f0a\u6e56"}, "bbox": [92.025442, 22.470399, 92.387804, 23.04176], "geometry": {"type": "Polygon", "coordinates": [[[92.328637, 22.711484], [92.333936, 22.705891], [92.387804, 22.664974], [92.368671, 22.6532], [92.356896, 22.649667], [92.346888, 22.651433], [92.346593, 22.657321], [92.336585, 22.686168], [92.333936, 22.688523], [92.327754, 22.692056], [92.298318, 22.692644], [92.288309, 22.695294], [92.275652, 22.703241], [92.264466, 22.703536], [92.254163, 22.698826], [92.24386, 22.69235], [92.24386, 22.684697], [92.25799, 22.676454], [92.274474, 22.658792], [92.298612, 22.623469], [92.290959, 22.624057], [92.284483, 22.625529], [92.278301, 22.62759], [92.272119, 22.630828], [92.278006, 22.64378], [92.260933, 22.6532], [92.251219, 22.656143], [92.237679, 22.657615], [92.240328, 22.645252], [92.245332, 22.634655], [92.258284, 22.616698], [92.253574, 22.618465], [92.242388, 22.621703], [92.237679, 22.623469], [92.237679, 22.610222], [92.225904, 22.614932], [92.218839, 22.611694], [92.220017, 22.606101], [92.234146, 22.602863], [92.240034, 22.595799], [92.234146, 22.579903], [92.224432, 22.563418], [92.217367, 22.555176], [92.230908, 22.548406], [92.242388, 22.550761], [92.249748, 22.560475], [92.252102, 22.575487], [92.258284, 22.575487], [92.260933, 22.553704], [92.270942, 22.539575], [92.274474, 22.529567], [92.258284, 22.52103], [92.275357, 22.518381], [92.286837, 22.525446], [92.297729, 22.53722], [92.312741, 22.548406], [92.310387, 22.543107], [92.309503, 22.540458], [92.30862, 22.538398], [92.305382, 22.534571], [92.305382, 22.528389], [92.325105, 22.528095], [92.343061, 22.508961], [92.360723, 22.506606], [92.352481, 22.499541], [92.346005, 22.486295], [92.339234, 22.475698], [92.329815, 22.476581], [92.318334, 22.48394], [92.309503, 22.487767], [92.303027, 22.49336], [92.298612, 22.506606], [92.284777, 22.500425], [92.287426, 22.498658], [92.289192, 22.498953], [92.29037, 22.498364], [92.291842, 22.493654], [92.283599, 22.496892], [92.266526, 22.506312], [92.258284, 22.506606], [92.250925, 22.502191], [92.246215, 22.494832], [92.245921, 22.486589], [92.252102, 22.480113], [92.252102, 22.473343], [92.238562, 22.470399], [92.224727, 22.472166], [92.217662, 22.478053], [92.224727, 22.486884], [92.219134, 22.494537], [92.213835, 22.498953], [92.207065, 22.500719], [92.196762, 22.500425], [92.196762, 22.506606], [92.205004, 22.507784], [92.217662, 22.513082], [92.230025, 22.51632], [92.236501, 22.521324], [92.238562, 22.526034], [92.234146, 22.528389], [92.223549, 22.530744], [92.210008, 22.536043], [92.197351, 22.542519], [92.189992, 22.548406], [92.184987, 22.561652], [92.184693, 22.574899], [92.180572, 22.584613], [92.165854, 22.588734], [92.158789, 22.595504], [92.149075, 22.629945], [92.142305, 22.64378], [92.151724, 22.635832], [92.159083, 22.626412], [92.169386, 22.602863], [92.175568, 22.602863], [92.178217, 22.619642], [92.17233, 22.646724], [92.175568, 22.657615], [92.1791, 22.6532], [92.189992, 22.64378], [92.187931, 22.655849], [92.180866, 22.663208], [92.16968, 22.665857], [92.155257, 22.664974], [92.155257, 22.684697], [92.163793, 22.683225], [92.169092, 22.681753], [92.172624, 22.678515], [92.175568, 22.671744], [92.183221, 22.684991], [92.181455, 22.693233], [92.172624, 22.697354], [92.158789, 22.698532], [92.150252, 22.701475], [92.136712, 22.715605], [92.127881, 22.720315], [92.134062, 22.720609], [92.155257, 22.726496], [92.148192, 22.734444], [92.145837, 22.73886], [92.146426, 22.742098], [92.148486, 22.746807], [92.135534, 22.750045], [92.123171, 22.748868], [92.113163, 22.75034], [92.10757, 22.761231], [92.11434, 22.761231], [92.11434, 22.767413], [92.093735, 22.767413], [92.093735, 22.774772], [92.11434, 22.781542], [92.11434, 22.788018], [92.110808, 22.794494], [92.105215, 22.801265], [92.096973, 22.806269], [92.086375, 22.808329], [92.088436, 22.813334], [92.091674, 22.825108], [92.093735, 22.830112], [92.086081, 22.830995], [92.073129, 22.835117], [92.06577, 22.836294], [92.06577, 22.843064], [92.076661, 22.848657], [92.078722, 22.856605], [92.074307, 22.864847], [92.06577, 22.87044], [92.06577, 22.877211], [92.073129, 22.877211], [92.073129, 22.883981], [92.069597, 22.888691], [92.061354, 22.90282], [92.059588, 22.908119], [92.057528, 22.911651], [92.046931, 22.913123], [92.041926, 22.915184], [92.038394, 22.920777], [92.04016, 22.925192], [92.043398, 22.929607], [92.045459, 22.9352], [92.043693, 22.950213], [92.032801, 22.991424], [92.025442, 23.007614], [92.030446, 23.010558], [92.031624, 23.014973], [92.031329, 23.020566], [92.031624, 23.027925], [92.036922, 22.992013], [92.050169, 22.944031], [92.071069, 22.902232], [92.099916, 22.883981], [92.087847, 22.868085], [92.094323, 22.857194], [92.107275, 22.847186], [92.11434, 22.83335], [92.118461, 22.820398], [92.129058, 22.807446], [92.142599, 22.795966], [92.155257, 22.788018], [92.140538, 22.782425], [92.134062, 22.781542], [92.141716, 22.771534], [92.161733, 22.758582], [92.169386, 22.746807], [92.166737, 22.743275], [92.162027, 22.733267], [92.182044, 22.726791], [92.198823, 22.709717], [92.210891, 22.687051], [92.217367, 22.664974], [92.22767, 22.665563], [92.237679, 22.664974], [92.237679, 22.678809], [92.232086, 22.687051], [92.224432, 22.69235], [92.217367, 22.698532], [92.212952, 22.706185], [92.203532, 22.733267], [92.209714, 22.733267], [92.219428, 22.714427], [92.227082, 22.705891], [92.237679, 22.698532], [92.246804, 22.708246], [92.255929, 22.712367], [92.262405, 22.717371], [92.265054, 22.729734], [92.262111, 22.736505], [92.247687, 22.750045], [92.24386, 22.761231], [92.252102, 22.761231], [92.255635, 22.757699], [92.257401, 22.756816], [92.259756, 22.756227], [92.265054, 22.753872], [92.255929, 22.766824], [92.253869, 22.772711], [92.252102, 22.781542], [92.237679, 22.774478], [92.234441, 22.784486], [92.234441, 22.801559], [92.23032, 22.815689], [92.224727, 22.815689], [92.221194, 22.81039], [92.217956, 22.807741], [92.214424, 22.80568], [92.209714, 22.802148], [92.219428, 22.823636], [92.224727, 22.830112], [92.213835, 22.833645], [92.203238, 22.832762], [92.19323, 22.828935], [92.182338, 22.822753], [92.188225, 22.830407], [92.194996, 22.836], [92.202061, 22.840121], [92.209714, 22.843064], [92.182338, 22.843064], [92.182338, 22.849246], [92.200294, 22.852778], [92.199411, 22.862198], [92.18852, 22.873973], [92.175568, 22.883981], [92.181455, 22.890751], [92.187048, 22.902526], [92.187637, 22.913417], [92.1791, 22.918127], [92.173213, 22.922837], [92.165854, 22.945209], [92.162027, 22.953157], [92.173213, 22.953451], [92.178217, 22.946681], [92.181749, 22.937555], [92.189992, 22.931962], [92.201766, 22.932551], [92.202944, 22.939321], [92.197645, 22.947858], [92.189992, 22.953157], [92.189992, 22.959044], [92.203827, 22.970818], [92.197351, 22.981416], [92.180278, 22.989658], [92.162027, 22.994073], [92.162027, 23.000255], [92.175568, 23.000255], [92.16968, 23.006436], [92.165854, 23.012913], [92.165265, 23.019683], [92.169386, 23.027925], [92.174685, 23.027042], [92.196468, 23.017622], [92.196762, 23.014384], [92.197645, 23.01409], [92.206182, 23.01409], [92.209714, 23.014384], [92.210008, 23.018211], [92.217367, 23.041171], [92.222077, 23.04176], [92.223549, 23.040288], [92.223549, 23.037639], [92.224727, 23.03499], [92.227082, 23.024393], [92.233263, 23.02086], [92.242094, 23.022921], [92.252102, 23.027925], [92.244155, 23.002904], [92.240917, 22.997017], [92.232674, 22.99319], [92.225021, 22.993779], [92.219428, 22.992601], [92.217367, 22.983476], [92.220605, 22.966109], [92.228848, 22.962871], [92.240034, 22.963754], [92.252102, 22.959044], [92.237679, 22.953157], [92.237679, 22.945503], [92.2418, 22.942265], [92.252102, 22.931962], [92.234146, 22.93991], [92.229142, 22.935495], [92.231791, 22.924015], [92.237679, 22.911946], [92.24386, 22.911946], [92.247098, 22.914301], [92.253574, 22.916067], [92.258284, 22.918127], [92.252986, 22.89811], [92.257695, 22.881626], [92.265938, 22.864553], [92.272119, 22.843064], [92.272119, 22.812156], [92.270647, 22.804797], [92.267704, 22.796555], [92.267409, 22.786841], [92.272119, 22.774772], [92.278006, 22.774772], [92.279184, 22.780954], [92.284777, 22.794789], [92.298612, 22.761231], [92.302144, 22.770356], [92.302439, 22.78007], [92.298612, 22.802148], [92.305382, 22.802148], [92.306854, 22.786546], [92.314213, 22.776244], [92.333936, 22.761231], [92.333936, 22.753872], [92.319217, 22.748574], [92.30656, 22.740037], [92.298612, 22.726202], [92.298612, 22.705891], [92.306854, 22.710895], [92.317451, 22.712955], [92.328637, 22.711484]]]}}, {"type": "Feature", "properties": {"featurecla": "Reservoir", "scalerank": 8, "name": "Stanley Reservoir", "name_abb": "Stanley Res.", "name_alt": null, "note": null, "delta": null, "dam_name": "Mettur Dam", "year": 1934, "admin": null, "min_zoom": 6, "min_label": 7, "label": "Stanley Reservoir", "wikidataid": "Q7332268", "name_ar": "\u062e\u0632\u0627\u0646 \u0633\u062a\u0627\u0646\u0644\u064a", "name_bn": "\u09b8\u09cd\u099f\u09cd\u09af\u09be\u09a8\u09b2\u09bf \u099c\u09b2\u09be\u09a7\u09be\u09b0", "name_de": "Stanley Reservoir", "name_en": "Stanley", "name_es": "Presa Stanley", "name_fr": "Stanley", "name_el": "\u03a4\u03b5\u03c7\u03bd\u03b7\u03c4\u03ae \u039b\u03af\u03bc\u03bd\u03b7 \u03a3\u03c4\u03ac\u03bd\u03bb\u03b5\u03b9", "name_hi": "\u0938\u094d\u091f\u0947\u0928\u0932\u0940 \u091c\u0932\u093e\u0936\u092f", "name_hu": "Stanley-v\u00edzt\u00e1roz\u00f3", "name_id": "Reservoir Stanley", "name_it": "Stanley", "name_ja": "\u30b9\u30bf\u30f3\u30ea\u30fc\u8caf\u6c34\u6c60", "name_ko": "\uc2a4\ud0e0\ub9ac \ub808\uc800\ubcf4\uc5b4", "name_nl": "Stanley Reservoir", "name_pl": "Zbiornik Stanley", "name_pt": "Represa Stanley", "name_ru": "\u0432\u043e\u0434\u043e\u0445\u0440\u0430\u043d\u0438\u043b\u0438\u0449\u0435 \u0421\u0442\u044d\u043d\u043b\u0438", "name_sv": "Stanley-reservoaren", "name_tr": "Stanley Rezervuar\u0131", "name_vi": "H\u1ed3 Stanley", "name_zh": "\u65af\u5766\u5229\u6c34\u5e93", "ne_id": 1159125909, "name_fa": "\u0645\u062e\u0632\u0646 \u0633\u062f \u0627\u0633\u062a\u0646\u0644\u06cc", "name_he": "\u05de\u05d0\u05d2\u05e8 \u05e1\u05d8\u05e0\u05dc\u05d9", "name_uk": "\u0432\u043e\u0434\u043e\u0441\u0445\u043e\u0432\u0438\u0449\u0435 \u0421\u0442\u0435\u043d\u043b\u0456", "name_ur": "\u0627\u0633\u0679\u06cc\u0646\u0644\u06cc \u0631\u06cc\u0632\u0631\u0648\u0627\u0626\u0631", "name_zht": "\u65af\u5766\u5229\u6c34\u5eab"}, "bbox": [77.655174, 11.816479, 77.908622, 11.97102], "geometry": {"type": "Polygon", "coordinates": [[[77.891843, 11.928631], [77.901263, 11.93393], [77.908622, 11.926571], [77.905972, 11.92451], [77.904501, 11.923921], [77.903323, 11.923038], [77.901263, 11.920095], [77.90244, 11.910969], [77.888605, 11.901255], [77.853281, 11.88536], [77.847983, 11.875057], [77.836208, 11.860633], [77.831204, 11.844738], [77.846511, 11.830314], [77.834736, 11.826193], [77.825905, 11.820894], [77.81678, 11.817067], [77.805005, 11.816479], [77.79117, 11.821188], [77.779101, 11.836495], [77.765266, 11.844443], [77.775275, 11.849153], [77.793525, 11.862399], [77.801767, 11.865049], [77.812365, 11.872113], [77.817369, 11.88536], [77.813836, 11.893602], [77.798529, 11.88536], [77.796763, 11.890364], [77.793231, 11.894485], [77.791759, 11.899195], [77.777335, 11.888303], [77.762617, 11.888892], [77.730237, 11.899195], [77.735536, 11.909792], [77.736713, 11.919506], [77.732886, 11.927454], [77.723467, 11.93393], [77.707277, 11.927748], [77.690792, 11.933047], [77.674013, 11.942172], [77.655174, 11.947471], [77.659884, 11.963366], [77.668715, 11.97102], [77.679312, 11.970431], [77.689615, 11.961306], [77.692264, 11.956596], [77.702861, 11.954241], [77.713753, 11.955418], [77.723467, 11.961306], [77.734652, 11.956007], [77.739951, 11.95483], [77.74731, 11.954535], [77.754964, 11.95218], [77.757024, 11.947471], [77.75673, 11.942466], [77.757613, 11.940112], [77.765266, 11.938934], [77.773508, 11.938934], [77.779985, 11.94335], [77.7844, 11.954535], [77.791759, 11.954535], [77.793231, 11.943938], [77.798529, 11.936579], [77.812365, 11.926571], [77.819135, 11.926571], [77.829438, 11.938051], [77.842978, 11.935402], [77.85858, 11.930103], [77.873887, 11.93393], [77.879774, 11.928337], [77.885367, 11.926571], [77.891843, 11.928631]]]}}, {"type": "Feature", "properties": {"featurecla": "Reservoir", "scalerank": 8, "name": "Gandhi Sagar Dam", "name_abb": "Gandhi Sagar Dam", "name_alt": null, "note": null, "delta": null, "dam_name": null, "year": 1960, "admin": null, "min_zoom": 6, "min_label": 7, "label": null, "wikidataid": null, "name_ar": "\u0633\u062f \u063a\u0627\u0646\u062f\u064a \u0633\u0627\u062c\u0627\u0631", "name_bn": "\u0997\u09be\u09a8\u09cd\u09a7\u09c0 \u09b8\u09be\u0997\u09b0 \u09a1\u09cd\u09af\u09be\u09ae", "name_de": "Gandhi-Stausee", "name_en": "Gandhi Sagar Dam", "name_es": "Presa Gandhi Sagar", "name_fr": "Gandhi Sagar Dam", "name_el": "\u03a6\u03c1\u03ac\u03b3\u03bc\u03b1 \u0393\u03ba\u03ac\u03bd\u03c4\u03b9 \u03a3\u03ac\u03b3\u03ba\u03b1\u03c1", "name_hi": "\u0917\u093e\u0902\u0927\u0940 \u0938\u093e\u0917\u0930 \u0921\u0948\u092e", "name_hu": "Gandhi Sagar-g\u00e1t", "name_id": "Reservoir Gandhi Sagar", "name_it": "Diga di Gandhi Sagar", "name_ja": "\u30ac\u30f3\u30b8\u30fc\u30fb\u30b5\u30ac\u30eb\u30fb\u30c0\u30e0", "name_ko": "\uac04\ub514 \uc0ac\uac00\ub974 \ub310", "name_nl": "Gandhi Sagar Dam", "name_pl": "Zapora Gandhi Sagar", "name_pt": "Barragem de Gandhi Sagar", "name_ru": "\u0432\u043e\u0434\u043e\u0445\u0440\u0430\u043d\u0438\u043b\u0438\u0449\u0435 \u0413\u0430\u043d\u0434\u0438\u0441\u0430\u0433\u0430\u0440", "name_sv": "Gandhi Sagar Dam", "name_tr": "Gandhi Sagar Baraj\u0131", "name_vi": "\u0110\u1eadp Gandhi Sagar", "name_zh": "\u7518\u5730\u8428\u52a0\u5c14\u6c34\u5e93", "ne_id": 1159125923, "name_fa": "\u0633\u062f \u06af\u0627\u0646\u062f\u06cc \u0633\u0627\u06af\u0627\u0631", "name_he": "\u05e1\u05db\u05e8 \u05d2\u05e0\u05d3\u05d9 \u05e1\u05d0\u05d2\u05d0\u05e8", "name_uk": "\u0432\u043e\u0434\u043e\u0441\u0445\u043e\u0432\u0438\u0449\u0435 \u0413\u0430\u043d\u0434\u0456 \u0421\u0430\u0433\u0430\u0440", "name_ur": "\u06af\u0627\u0646\u062f\u06be\u06cc \u0633\u0627\u06af\u0631 \u0688\u06cc\u0645", "name_zht": "\u7518\u5730\u85a9\u52a0\u5927\u58e9"}, "bbox": [75.297906, 24.213624, 75.646728, 24.647811], "geometry": {"type": "Polygon", "coordinates": [[[75.610227, 24.647222], [75.634953, 24.637508], [75.646728, 24.617786], [75.638485, 24.621024], [75.628477, 24.623084], [75.619057, 24.622496], [75.611993, 24.617786], [75.609049, 24.607483], [75.614348, 24.600713], [75.622001, 24.595708], [75.626122, 24.59041], [75.626122, 24.525944], [75.622001, 24.517408], [75.588444, 24.477374], [75.588149, 24.464716], [75.607283, 24.422917], [75.611993, 24.405844], [75.594036, 24.416441], [75.580201, 24.431159], [75.570782, 24.44676], [75.564306, 24.460595], [75.554003, 24.455591], [75.546644, 24.449704], [75.529571, 24.431453], [75.526627, 24.427038], [75.524861, 24.422328], [75.524567, 24.415852], [75.521917, 24.408493], [75.515736, 24.407021], [75.508671, 24.40761], [75.503372, 24.405844], [75.468049, 24.346676], [75.451859, 24.336962], [75.43714, 24.33343], [75.432725, 24.325188], [75.431547, 24.315768], [75.427721, 24.309292], [75.417418, 24.306054], [75.383272, 24.309292], [75.365904, 24.299284], [75.373852, 24.276618], [75.400345, 24.241], [75.38651, 24.241], [75.388276, 24.237173], [75.391808, 24.230697], [75.39328, 24.227165], [75.3818, 24.223632], [75.371792, 24.225693], [75.3609, 24.225398], [75.345593, 24.213624], [75.338234, 24.225398], [75.341472, 24.233346], [75.348537, 24.241], [75.352658, 24.251302], [75.349714, 24.261605], [75.343238, 24.266904], [75.336468, 24.270436], [75.332052, 24.275146], [75.332936, 24.284566], [75.336468, 24.296046], [75.337057, 24.305171], [75.328226, 24.309292], [75.310269, 24.310175], [75.303793, 24.312236], [75.297906, 24.316062], [75.303793, 24.321067], [75.309975, 24.324893], [75.31704, 24.327543], [75.343533, 24.334019], [75.37032, 24.353152], [75.407998, 24.363161], [75.422128, 24.376702], [75.427721, 24.394658], [75.42095, 24.412908], [75.455685, 24.42586], [75.463928, 24.43528], [75.448032, 24.447055], [75.463928, 24.454119], [75.508082, 24.482967], [75.516913, 24.490915], [75.520445, 24.502101], [75.528099, 24.510932], [75.544289, 24.522706], [75.548999, 24.525355], [75.560773, 24.534775], [75.568427, 24.544783], [75.560773, 24.549493], [75.550176, 24.562151], [75.546938, 24.590704], [75.549882, 24.621024], [75.557241, 24.638686], [75.581379, 24.647811], [75.610227, 24.647222]]]}}, {"type": "Feature", "properties": {"featurecla": "Reservoir", "scalerank": 8, "name": "Bhumphol K. K. Nam", "name_abb": "Bhumphol K. K. Nam", "name_alt": null, "note": null, "delta": null, "dam_name": "Bhumibol Dam", "year": 1964, "admin": null, "min_zoom": 6, "min_label": 7, "label": null, "wikidataid": null, "name_ar": "\u0628\u0648\u0645\u0641\u0648\u0644 \u0643.\u0643 \u0646\u0627\u0645", "name_bn": "\u09ad\u09c1\u09ae\u09ab\u09cb\u09b2 \u0995\u09c7 \u0995\u09c7 \u09a8\u09be\u09ae", "name_de": "Bhumphol K. K. Nam", "name_en": "Bhumphol K. K. Nam", "name_es": "Bhumphol K. K. Nam", "name_fr": "Phumiphon Reservoir", "name_el": "\u039c\u03c0\u03bf\u03c5\u03bc\u03c6\u03bf\u03bb \u039a. \u039a. \u039d\u03b1\u03bc", "name_hi": "\u092d\u0941\u092e\u092b\u094b\u0932 \u0915\u0947 \u0915\u0947 \u0928\u093e\u092e", "name_hu": "Bhumphol K. K. Nam", "name_id": "Bhumphol K. K. Nam", "name_it": "Bhumphol K. K. Nam", "name_ja": "\u30d6\u30df\u30dc\u30eb\u30c0\u30e0", "name_ko": "\ubc94\ud3f4 K.K.\ub0a8", "name_nl": "Bhumphol K. K. Nam", "name_pl": "Bhumphol K. K. Nam", "name_pt": "Bhumphol K. K. Nam", "name_ru": "\u0411\u0445\u0443\u043c\u043f\u0445\u043e\u043b \u041a. \u041a. \u041d\u0430\u043c", "name_sv": "Bhumphol K. K. Nam", "name_tr": "Bhumphol K. K. Nam", "name_vi": "H\u1ed3 Bhumphol K. K. Nam", "name_zh": "\u5e03\u59c6\u6ce2\u5c14\u514b\u7eb3\u59c6\u6c34\u5e93", "ne_id": 1159125929, "name_fa": "\u0628\u0647\u0648\u0641\u0644 \u06a9.\u06a9 \u0646\u0627\u0645", "name_he": "\u05d1\u05d4\u05d5\u05de\u05e4\u05d5\u05dc \u05e7. \u05e7. \u05e0\u05d0\u05dd", "name_uk": "\u0411\u0443\u043c\u0444\u043e\u043b \u041a. \u041a. \u041d\u0430\u043c", "name_ur": "\u0628\u06be\u0645\u067e\u06be\u0648\u0644 \u06a9\u06d2 \u06a9\u06d2 \u0646\u0627\u0645", "name_zht": "\u6625\u6ce2\u5357\u6c34\u5eab"}, "bbox": [98.834084, 17.189213, 98.967137, 17.402332], "geometry": {"type": "Polygon", "coordinates": [[[98.84056, 17.341988], [98.834967, 17.357295], [98.834084, 17.363182], [98.857339, 17.360533], [98.862049, 17.357], [98.867053, 17.351113], [98.872352, 17.35023], [98.877356, 17.360533], [98.874412, 17.362887], [98.869114, 17.369952], [98.864698, 17.379372], [98.864404, 17.388497], [98.874412, 17.402332], [98.886776, 17.398506], [98.897667, 17.386437], [98.90532, 17.374956], [98.917389, 17.329919], [98.967137, 17.218943], [98.953007, 17.189213], [98.948003, 17.205403], [98.932696, 17.210407], [98.913857, 17.211879], [98.89855, 17.217177], [98.908558, 17.222476], [98.91268, 17.223948], [98.902966, 17.234545], [98.894135, 17.240138], [98.887364, 17.247202], [98.884715, 17.261921], [98.888542, 17.26928], [98.91268, 17.29901], [98.91268, 17.306075], [98.909736, 17.308136], [98.906204, 17.309902], [98.89855, 17.312846], [98.897078, 17.307253], [98.892957, 17.297833], [98.891485, 17.29224], [98.884126, 17.296361], [98.874412, 17.299305], [98.862932, 17.300188], [98.850569, 17.29901], [98.85675, 17.305486], [98.856456, 17.310785], [98.853218, 17.316967], [98.850569, 17.325798], [98.848214, 17.326681], [98.843504, 17.325503], [98.839089, 17.325503], [98.837028, 17.329624], [98.8385, 17.338455], [98.84056, 17.341988]]]}}, {"type": "Feature", "properties": {"featurecla": "Reservoir", "scalerank": 9, "name": "Senanayake Samudra", "name_abb": "Senanayake Samudra", "name_alt": null, "note": null, "delta": null, "dam_name": "Gal Oya Dam", "year": -99, "admin": null, "min_zoom": 7, "min_label": 8, "label": null, "wikidataid": null, "name_ar": "\u0633\u064a\u0646\u0627\u0646\u0627\u064a\u0643\u0627 \u0633\u0627\u0645\u0648\u062f\u0631\u0627\u064a\u0627", "name_bn": "\u09b8\u09c7\u09a8\u09a8\u09be\u09af\u09bc\u09c7\u0995\u09c7 \u09b8\u09ae\u09c1\u09a6\u09cd\u09b0", "name_de": "Senanayake Samudra", "name_en": "Senanayaka Samudra", "name_es": "Senanayake Samudra", "name_fr": "Senanayake Samudra", "name_el": "\u03a3\u03b5\u03bd\u03b1\u03bd\u03b1\u03ca\u03ac\u03ba\u03b5 \u03a3\u03b1\u03bc\u03bf\u03cd\u03bd\u03c4\u03b1", "name_hi": "\u0938\u0947\u0928\u093e\u0928\u093e\u092f\u0915\u0947 \u0938\u092e\u0941\u0926\u094d\u0930", "name_hu": "Senanayake Samudra", "name_id": "Senanayake Samudra", "name_it": "Senanayake Samudra", "name_ja": "\u30bb\u30ca\u30ca\u30e4\u30b1\u30fb\u30b5\u30e0\u30c9\u30e9", "name_ko": "\uc138\ub098\ub098\uc57c\ucf00 \uc0ac\ubb34\ub4dc\ub77c", "name_nl": "Seminoe Reservoir", "name_pl": "Senanayake Samudra", "name_pt": "Senanayake Samudraya", "name_ru": "\u0432\u043e\u0434\u043e\u0445\u0440\u0430\u043d\u0438\u043b\u0438\u0449\u0435 \u0421\u0435\u043d\u0430\u043d\u0430\u044f\u043a\u0435-\u0421\u0430\u043c\u0443\u0434\u0440\u0430", "name_sv": "Senanayake Samudra", "name_tr": "Senanayake Samudra", "name_vi": "H\u1ed3 Senanayake Samudra", "name_zh": "\u68ee\u90a3\u4e9a\u514b\u8428\u7a46\u5fb7\u62c9\u6c34\u5e93", "ne_id": 1159126009, "name_fa": "\u0633\u0646\u0627\u0646\u0627\u06cc\u0627\u06a9\u0647 \u0633\u0627\u0645\u0648\u062f\u0631\u0627", "name_he": "\u05e1\u05e0\u05d0\u05e0\u05d0\u05d9\u05d0\u05e7\u05d4 \u05e1\u05d0\u05de\u05d5\u05d3\u05e8\u05d4", "name_uk": "\u0421\u0435\u043d\u0430\u043d\u0430\u044f\u043a\u0435 \u0421\u0430\u043c\u0443\u0434\u0440\u0430", "name_ur": "\u0633\u06cc\u0646\u0627\u0646\u0627\u0626\u06a9\u06d2 \u0633\u0627\u0645\u0648\u062f\u0631\u0627", "name_zht": "\u585e\u90a3\u90a3\u4e9e\u514b\u85a9\u6469\u9640\u7f85"}, "bbox": [81.38153, 7.114012, 81.546668, 7.260605], "geometry": {"type": "Polygon", "coordinates": [[[81.489856, 7.220866], [81.537248, 7.2191], [81.546668, 7.214979], [81.545196, 7.20497], [81.530183, 7.175828], [81.527829, 7.172296], [81.526945, 7.169058], [81.526651, 7.160816], [81.525179, 7.155517], [81.518998, 7.138149], [81.516348, 7.132851], [81.50634, 7.127847], [81.503691, 7.137561], [81.506046, 7.174062], [81.504279, 7.181715], [81.498098, 7.181421], [81.485735, 7.170824], [81.480142, 7.159932], [81.473666, 7.129907], [81.468073, 7.119605], [81.44835, 7.115189], [81.433926, 7.114012], [81.424212, 7.116072], [81.435398, 7.125197], [81.458947, 7.15169], [81.468073, 7.156989], [81.471605, 7.164642], [81.468661, 7.180538], [81.457476, 7.194962], [81.437753, 7.1982], [81.428333, 7.193784], [81.408317, 7.180244], [81.39978, 7.177594], [81.388889, 7.180832], [81.382707, 7.187897], [81.38153, 7.194962], [81.385945, 7.1982], [81.405962, 7.200849], [81.437459, 7.211446], [81.458359, 7.211741], [81.449822, 7.225281], [81.446878, 7.239116], [81.451294, 7.25148], [81.464246, 7.260605], [81.464246, 7.246475], [81.471605, 7.228814], [81.489856, 7.220866]]]}}, {"type": "Feature", "properties": {"featurecla": "Alkaline Lake", "scalerank": 3, "name": "Qinghai Hu", "name_abb": "Qinghai Hu", "name_alt": "Koko Nor", "note": null, "delta": null, "dam_name": null, "year": -99, "admin": null, "min_zoom": 3, "min_label": 4, "label": "Qinghai Hu", "wikidataid": "Q201294", "name_ar": "\u0628\u062d\u064a\u0631\u0629 \u062a\u0634\u064a\u0646\u063a\u0647\u0627\u064a", "name_bn": "\u0995\u09cb\u0987\u0982\u09b9\u09be\u0987 \u09b9\u09c1", "name_de": "Qinghai", "name_en": "Qinghai", "name_es": "Qinghai", "name_fr": "Qinghai", "name_el": "\u039b\u03af\u03bc\u03bd\u03b7 \u03a4\u03c3\u03b9\u03bd\u03b3\u03ba\u03c7\u03ac\u03b9", "name_hi": "\u091a\u093f\u0902\u0917\u0939\u0908 \u091d\u0940\u0932", "name_hu": "Csinghaj-t\u00f3", "name_id": "Qinghai", "name_it": "Qinghai", "name_ja": "\u9752\u6d77\u6e56", "name_ko": "\uce6d\ud558\uc774\ud638", "name_nl": "Qinghaimeer", "name_pl": "Kuku-nor", "name_pt": "Chingai", "name_ru": "\u041a\u0443\u043a\u0443\u043d\u043e\u0440", "name_sv": "Qinghaisj\u00f6n", "name_tr": "Koko Nor", "name_vi": "Thanh H\u1ea3i", "name_zh": "\u9752\u6d77\u6e56", "ne_id": 1159126725, "name_fa": "\u062f\u0631\u06cc\u0627\u0686\u0647 \u0686\u06cc\u0646\u06af\u0647\u0627\u06cc", "name_he": "\u05d9\u05de\u05ea \u05e6'\u05d9\u05e0\u05d2\u05d4\u05d0\u05d9", "name_uk": "\u041a\u0443\u043a\u0443\u043d\u043e\u0440", "name_ur": "\u062c\u06be\u06cc\u0644 \u0686\u0646\u06af\u06be\u0627\u0626\u06cc", "name_zht": "\u9752\u6d77\u6e56"}, "bbox": [99.617682, 36.541005, 100.765996, 37.227756], "geometry": {"type": "Polygon", "coordinates": [[[100.717426, 36.853325], [100.751867, 36.82536], [100.765996, 36.804461], [100.761581, 36.781206], [100.743036, 36.773258], [100.72037, 36.776496], [100.70153, 36.776202], [100.693288, 36.757362], [100.698881, 36.74441], [100.734499, 36.706143], [100.741858, 36.684066], [100.73862, 36.669642], [100.731555, 36.655807], [100.72037, 36.590164], [100.712716, 36.566026], [100.703591, 36.555429], [100.694466, 36.553074], [100.6718, 36.543654], [100.659142, 36.541005], [100.649428, 36.541593], [100.628234, 36.54542], [100.559941, 36.566614], [100.539924, 36.568969], [100.498419, 36.578389], [100.459269, 36.599583], [100.445434, 36.622838], [100.481052, 36.63785], [100.481052, 36.644032], [100.450143, 36.64521], [100.440135, 36.644032], [100.435425, 36.641677], [100.423651, 36.632552], [100.418941, 36.630491], [100.410404, 36.631669], [100.403045, 36.636673], [100.395392, 36.63785], [100.392742, 36.644327], [100.390387, 36.65669], [100.385383, 36.665815], [100.366838, 36.658162], [100.330337, 36.650803], [100.300018, 36.657573], [100.288832, 36.657867], [100.276763, 36.654629], [100.259101, 36.646093], [100.220834, 36.641677], [100.159017, 36.62431], [100.133996, 36.623721], [100.089253, 36.634907], [100.022138, 36.643738], [99.980927, 36.657867], [99.943248, 36.676412], [99.92647, 36.68907], [99.907925, 36.719978], [99.882315, 36.722039], [99.836689, 36.712325], [99.810785, 36.713208], [99.797832, 36.72351], [99.781642, 36.760895], [99.791356, 36.774435], [99.790473, 36.79298], [99.780171, 36.811231], [99.761626, 36.822122], [99.723358, 36.83272], [99.70187, 36.84155], [99.682736, 36.865983], [99.63711, 36.889237], [99.623863, 36.898068], [99.619153, 36.908371], [99.617682, 36.91838], [99.619153, 36.928388], [99.623863, 36.938985], [99.662131, 36.96695], [99.682442, 36.965772], [99.697454, 36.961945], [99.733661, 36.945755], [99.781642, 36.937513], [99.820793, 36.951348], [99.842281, 36.981373], [99.836689, 37.021407], [99.832567, 37.037891], [99.830507, 37.042012], [99.827269, 37.044367], [99.81991, 37.046722], [99.816966, 37.048783], [99.780759, 37.082046], [99.770162, 37.105595], [99.760448, 37.122079], [99.754561, 37.142096], [99.761626, 37.164762], [99.776933, 37.178009], [99.796949, 37.185073], [99.836689, 37.192727], [99.893206, 37.211566], [99.935006, 37.215687], [99.967681, 37.225401], [99.984165, 37.227756], [99.999766, 37.223929], [100.043038, 37.199497], [100.079245, 37.191255], [100.182861, 37.192727], [100.192575, 37.190078], [100.215535, 37.180364], [100.223777, 37.181835], [100.230548, 37.187723], [100.239379, 37.193316], [100.249387, 37.198025], [100.258218, 37.199497], [100.274702, 37.196259], [100.286183, 37.188606], [100.29678, 37.17948], [100.296191, 37.178597], [100.34741, 37.117664], [100.441607, 37.046134], [100.469571, 37.017286], [100.559941, 36.887471], [100.577897, 36.870104], [100.593499, 36.863628], [100.638831, 36.863333], [100.649722, 36.860684], [100.672094, 36.851559], [100.679747, 36.849498], [100.688578, 36.853619], [100.695937, 36.86039], [100.704474, 36.862745], [100.717426, 36.853325]]]}}]}