latitude,longitude,bright_ti4,scan,track,acq_date,acq_time,satellite,instrument,confidence,version,bright_ti5,frp,daynight,type
20.75663,85.30083,331.29,0.39,0.6,2026-06-01,653,N20,VIIRS,n,2,300.06,2.27,D,2
20.79237,85.25658,331.4,0.4,0.6,2026-06-01,653,N20,VIIRS,n,2,296.26,2.06,D,2
20.80145,84.1563,336.32,0.47,0.64,2026-06-01,653,N20,VIIRS,n,2,294.97,2.97,D,0
20.83977,84.16496,338.49,0.47,0.64,2026-06-01,653,N20,VIIRS,n,2,295.49,3.39,D,0
20.86138,84.99046,332.33,0.41,0.61,2026-06-01,653,N20,VIIRS,n,2,296.95,3.11,D,2
20.94929,86.0495,330.76,0.35,0.57,2026-06-01,653,N20,VIIRS,n,2,298.38,3.83,D,2
20.96249,85.16469,332.69,0.4,0.6,2026-06-01,653,N20,VIIRS,n,2,298.35,6.14,D,2
21.34572,83.20099,334.28,0.52,0.67,2026-06-01,653,N20,VIIRS,n,2,290.31,8.08,D,0
21.5047,83.30539,336.36,0.51,0.66,2026-06-01,654,N20,VIIRS,n,2,292.72,6.32,D,0
21.65217,83.32424,367,0.5,0.66,2026-06-01,654,N20,VIIRS,h,2,294.39,9.3,D,0
21.6554,83.32288,367,0.51,0.66,2026-06-01,654,N20,VIIRS,h,2,294.83,17.04,D,0
21.65649,83.32762,341.46,0.51,0.66,2026-06-01,654,N20,VIIRS,n,2,293.34,8.51,D,0
21.65808,83.32268,337.53,0.5,0.66,2026-06-01,654,N20,VIIRS,n,2,293.86,9.3,D,0
21.79231,82.64058,335.73,0.55,0.68,2026-06-01,654,N20,VIIRS,n,2,293.04,4.71,D,0
21.80089,82.64935,367,0.55,0.68,2026-06-01,654,N20,VIIRS,h,2,294.66,29.17,D,0
21.80212,82.65457,342.46,0.55,0.68,2026-06-01,654,N20,VIIRS,n,2,292.84,16.5,D,0
21.85145,82.67696,336.06,0.55,0.68,2026-06-01,654,N20,VIIRS,n,2,292.44,6.11,D,0
21.85216,82.67402,332.09,0.55,0.68,2026-06-01,654,N20,VIIRS,n,2,292.6,5.44,D,0
21.85267,82.68205,342.8,0.55,0.68,2026-06-01,654,N20,VIIRS,n,2,292.27,6.11,D,0
21.85336,82.67916,337.22,0.55,0.68,2026-06-01,654,N20,VIIRS,n,2,292.49,5.44,D,0
21.85454,82.68425,335.28,0.55,0.68,2026-06-01,654,N20,VIIRS,n,2,291.87,6.04,D,0
21.87931,82.90089,333.16,0.53,0.67,2026-06-01,654,N20,VIIRS,n,2,292.3,2.02,D,0
21.87983,82.90373,334.1,0.53,0.67,2026-06-01,654,N20,VIIRS,n,2,292.2,2.35,D,0
21.91713,82.89899,331.78,0.53,0.67,2026-06-01,654,N20,VIIRS,n,2,292.96,1.54,D,0
21.93813,83.04556,347.33,0.52,0.67,2026-06-01,654,N20,VIIRS,n,2,292.6,7.71,D,0
21.93859,83.04243,344.08,0.52,0.67,2026-06-01,654,N20,VIIRS,n,2,292.61,7.42,D,0
21.93974,83.04731,333.24,0.52,0.67,2026-06-01,654,N20,VIIRS,n,2,292.44,5.49,D,0
21.97414,82.92304,330.04,0.53,0.67,2026-06-01,654,N20,VIIRS,n,2,292.73,2.69,D,0
22.36557,87.30098,332,0.55,0.51,2026-06-01,654,N20,VIIRS,n,2,301.23,5.15,D,2
23.67628,86.39945,330.23,0.59,0.53,2026-06-01,654,N20,VIIRS,n,2,300.09,8.39,D,2
23.67637,86.40084,330.92,0.59,0.53,2026-06-01,654,N20,VIIRS,n,2,300.39,8.17,D,2
23.76712,86.40498,334.69,0.58,0.52,2026-06-01,654,N20,VIIRS,n,2,295.78,5.3,D,2
23.76734,86.40703,331.19,0.58,0.52,2026-06-01,654,N20,VIIRS,n,2,295.64,5.08,D,2
23.82235,84.57475,336.34,0.38,0.59,2026-06-01,654,N20,VIIRS,n,2,300.59,6.29,D,0
23.82429,84.57457,337.74,0.38,0.59,2026-06-01,654,N20,VIIRS,n,2,300.7,5.79,D,0
24.86448,82.21765,336.62,0.5,0.66,2026-06-01,654,N20,VIIRS,n,2,299.54,3.08,D,0
24.98206,82.05885,330.92,0.51,0.66,2026-06-01,655,N20,VIIRS,n,2,297.52,1.91,D,0
25.09164,82.08245,338.39,0.51,0.66,2026-06-01,655,N20,VIIRS,n,2,297.85,4.08,D,0
25.09547,82.08321,336.56,0.51,0.66,2026-06-01,655,N20,VIIRS,n,2,298.72,3.17,D,0
26.54771,84.47966,345.06,0.33,0.56,2026-06-01,655,N20,VIIRS,n,2,293.81,3.98,D,0
21.03602,82.65919,331.13,0.57,0.69,2026-06-01,834,N20,VIIRS,n,2,287.09,4.13,D,0
21.16326,82.08363,367,0.53,0.67,2026-06-01,834,N20,VIIRS,h,2,291.88,13.01,D,0
21.16827,82.08144,347.95,0.53,0.67,2026-06-01,834,N20,VIIRS,n,2,294.22,8.38,D,0
21.16868,82.08661,337.72,0.53,0.67,2026-06-01,834,N20,VIIRS,n,2,289.72,8.38,D,0
21.16947,82.08311,334.01,0.53,0.67,2026-06-01,834,N20,VIIRS,n,2,292.41,13.01,D,0
21.1762,82.38367,336.49,0.55,0.68,2026-06-01,834,N20,VIIRS,n,2,292.68,6.38,D,0
21.41317,82.62955,367,0.58,0.7,2026-06-01,834,N20,VIIRS,h,2,292.47,14.85,D,0
21.79969,82.78731,330.94,0.6,0.7,2026-06-01,834,N20,VIIRS,n,2,292.47,3.99,D,0
21.84948,82.67217,336.26,0.59,0.7,2026-06-01,834,N20,VIIRS,n,2,291.25,6.81,D,0
21.85031,82.67403,340.1,0.59,0.7,2026-06-01,834,N20,VIIRS,n,2,291.41,7.99,D,0
21.85117,82.68567,334.94,0.59,0.7,2026-06-01,834,N20,VIIRS,n,2,291.21,4.66,D,0
21.8569,82.68328,341.52,0.59,0.7,2026-06-01,834,N20,VIIRS,n,2,292.33,6.16,D,0
21.85722,82.67931,333.91,0.59,0.7,2026-06-01,834,N20,VIIRS,n,2,292.36,6.43,D,0
21.85737,82.68909,338.78,0.59,0.7,2026-06-01,834,N20,VIIRS,n,2,291.52,6.16,D,0
21.85765,82.68515,342.02,0.59,0.7,2026-06-01,834,N20,VIIRS,n,2,292.08,9.02,D,0
21.86939,82.67647,331.92,0.59,0.7,2026-06-01,834,N20,VIIRS,n,2,291.47,4.5,D,0
21.87018,82.67825,335.28,0.59,0.7,2026-06-01,834,N20,VIIRS,n,2,291.75,5.72,D,0
21.88882,82.67484,335.05,0.59,0.7,2026-06-01,834,N20,VIIRS,n,2,291.41,4.27,D,0
21.88918,82.67077,332.75,0.59,0.7,2026-06-01,834,N20,VIIRS,n,2,291.87,6.09,D,0
21.91309,82.8992,334.94,0.61,0.71,2026-06-01,834,N20,VIIRS,n,2,291.14,19.51,D,0
21.91355,82.9052,367,0.61,0.71,2026-06-01,834,N20,VIIRS,h,2,290.19,17.22,D,0
21.9678,82.94057,338.67,0.61,0.71,2026-06-01,834,N20,VIIRS,n,2,291.73,4.6,D,0
22.2575,82.21041,332.6,0.55,0.68,2026-06-01,834,N20,VIIRS,n,2,293.59,3.5,D,0
22.26099,82.21396,332.94,0.55,0.68,2026-06-01,834,N20,VIIRS,n,2,293.05,3.75,D,0
22.35354,82.30489,336.24,0.56,0.69,2026-06-01,834,N20,VIIRS,n,2,298.57,5.37,D,2
22.35767,82.30482,338.56,0.56,0.69,2026-06-01,834,N20,VIIRS,n,2,298.42,5.03,D,2
23.16804,82.3413,332.72,0.58,0.7,2026-06-01,834,N20,VIIRS,n,2,300.81,5.09,D,2
24.28614,83.70847,332.82,0.72,0.76,2026-06-01,835,N20,VIIRS,n,2,292.07,4.89,D,0
23.79685,86.35443,306.63,0.33,0.56,2026-06-01,1921,N20,VIIRS,n,2,278.64,2.71,N,2
23.79717,86.35107,310.1,0.34,0.56,2026-06-01,1921,N20,VIIRS,n,2,282.72,3.86,N,2
23.80416,86.33195,308.6,0.34,0.56,2026-06-01,1921,N20,VIIRS,n,2,284.15,2.07,N,2
23.80447,86.32861,310.4,0.34,0.56,2026-06-01,1921,N20,VIIRS,n,2,283.14,2.07,N,2
23.9269,85.34305,301.88,0.39,0.59,2026-06-01,1921,N20,VIIRS,n,2,288.58,0.78,N,2
24.11792,86.8628,300.47,0.63,0.54,2026-06-01,1921,N20,VIIRS,n,2,280.77,0.94,N,2
25.03392,87.39143,314.15,0.59,0.53,2026-06-01,1921,N20,VIIRS,n,2,290.51,5.6,N,0
25.03569,87.37373,307.98,0.6,0.53,2026-06-01,1921,N20,VIIRS,n,2,286.25,4.93,N,2
20.75896,85.29922,307.53,0.36,0.57,2026-06-01,1922,N20,VIIRS,n,2,283.22,1.55,N,2
20.75933,85.29565,305.25,0.36,0.57,2026-06-01,1922,N20,VIIRS,n,2,282.35,1.87,N,2
20.78376,85.26649,306.12,0.36,0.58,2026-06-01,1922,N20,VIIRS,n,2,280.56,1.2,N,2
20.78412,85.26302,301.85,0.36,0.58,2026-06-01,1922,N20,VIIRS,n,2,280.19,1.06,N,2
20.7958,85.25397,316.62,0.36,0.58,2026-06-01,1922,N20,VIIRS,n,2,277.87,1.08,N,2
20.80607,85.25861,299.18,0.36,0.58,2026-06-01,1922,N20,VIIRS,n,2,275.59,0.58,N,2
20.80644,85.25509,299.43,0.36,0.58,2026-06-01,1922,N20,VIIRS,n,2,275.13,0.58,N,2
20.94403,86.06246,307.64,0.32,0.55,2026-06-01,1922,N20,VIIRS,n,2,292.18,1.24,N,2
20.94966,86.04784,339.73,0.32,0.55,2026-06-01,1922,N20,VIIRS,n,2,291.75,1.81,N,2
20.95041,86.05082,309.03,0.32,0.55,2026-06-01,1922,N20,VIIRS,n,2,292.34,3.21,N,2
20.95074,86.04776,344.04,0.32,0.55,2026-06-01,1922,N20,VIIRS,n,2,291.81,2.41,N,2
20.95108,86.04467,312.35,0.32,0.55,2026-06-01,1922,N20,VIIRS,n,2,291.89,2.41,N,2
20.95471,86.04852,323.05,0.32,0.55,2026-06-01,1922,N20,VIIRS,n,2,292,1.81,N,2
20.95502,86.04544,307.36,0.32,0.55,2026-06-01,1922,N20,VIIRS,n,2,291.69,1.81,N,2
20.96104,85.18797,304.78,0.37,0.58,2026-06-01,1922,N20,VIIRS,n,2,285.35,1.02,N,2
20.96244,85.17373,312.92,0.37,0.58,2026-06-01,1922,N20,VIIRS,n,2,287.06,1.89,N,2
20.9628,85.17015,311.89,0.37,0.58,2026-06-01,1922,N20,VIIRS,n,2,287.39,2.15,N,2
20.96315,85.16656,307.34,0.37,0.58,2026-06-01,1922,N20,VIIRS,n,2,287.61,2.15,N,2
20.96351,85.16292,317.92,0.37,0.58,2026-06-01,1922,N20,VIIRS,n,2,287.8,3.54,N,2
20.96425,86.0052,327.89,0.33,0.55,2026-06-01,1922,N20,VIIRS,n,2,289.38,1.79,N,2
20.96482,86.04976,309.66,0.32,0.55,2026-06-01,1922,N20,VIIRS,n,2,292.15,1.31,N,2
20.96531,86.00832,309.84,0.33,0.55,2026-06-01,1922,N20,VIIRS,n,2,289.55,1.7,N,2
20.96565,86.0052,321.4,0.33,0.55,2026-06-01,1922,N20,VIIRS,n,2,289.32,0.9,N,2
20.96599,86.0021,303.89,0.33,0.55,2026-06-01,1922,N20,VIIRS,n,2,289.6,0.9,N,2
20.96604,85.19209,306.77,0.37,0.58,2026-06-01,1922,N20,VIIRS,n,2,285.49,1.02,N,2
20.96638,85.18863,308.68,0.37,0.58,2026-06-01,1922,N20,VIIRS,n,2,285.72,1.02,N,2
20.96744,85.17794,313.05,0.37,0.58,2026-06-01,1922,N20,VIIRS,n,2,286.43,1.89,N,2
20.96772,86.02147,311.66,0.33,0.55,2026-06-01,1922,N20,VIIRS,n,2,290.47,1.42,N,2
20.9678,85.17434,313.72,0.37,0.58,2026-06-01,1922,N20,VIIRS,n,2,286.71,1.89,N,2
20.96804,86.01833,306.09,0.33,0.55,2026-06-01,1922,N20,VIIRS,n,2,290.32,1.88,N,2
20.96816,85.17071,324.33,0.37,0.58,2026-06-01,1922,N20,VIIRS,n,2,287.41,2.15,N,2
20.96901,86.00892,304.32,0.33,0.55,2026-06-01,1922,N20,VIIRS,n,2,289.62,2.8,N,2
20.96964,86.00269,311.72,0.33,0.55,2026-06-01,1922,N20,VIIRS,n,2,289.14,1.79,N,2
20.96993,85.15271,307.75,0.37,0.58,2026-06-01,1922,N20,VIIRS,n,2,288.22,2.72,N,2
20.9728,85.17851,324.2,0.37,0.58,2026-06-01,1922,N20,VIIRS,n,2,286.91,1.84,N,2
20.97316,85.17491,307.37,0.37,0.58,2026-06-01,1922,N20,VIIRS,n,2,286.91,1.84,N,2
20.97472,86.00328,304.08,0.33,0.55,2026-06-01,1922,N20,VIIRS,n,2,289.6,1.02,N,2
20.97494,85.15689,307.44,0.37,0.58,2026-06-01,1922,N20,VIIRS,n,2,284.6,1.13,N,0
20.97887,85.17188,310.05,0.37,0.58,2026-06-01,1922,N20,VIIRS,n,2,286.37,1.77,N,2
20.99941,86.01283,313.09,0.33,0.55,2026-06-01,1922,N20,VIIRS,n,2,291.18,1.66,N,2
21.00317,86.02599,312.36,0.33,0.55,2026-06-01,1922,N20,VIIRS,n,2,291.35,1.06,N,2
21.67647,82.08167,305.26,0.6,0.7,2026-06-01,1922,N20,VIIRS,n,2,288.24,2.2,N,2
21.74555,83.84084,306.39,0.46,0.64,2026-06-01,1922,N20,VIIRS,n,2,284.47,1.54,N,2
21.75827,84.02581,306.35,0.45,0.63,2026-06-01,1922,N20,VIIRS,n,2,284.85,2.94,N,2
21.76489,84.01762,303.05,0.45,0.63,2026-06-01,1922,N20,VIIRS,n,2,284.04,1.01,N,2
21.7707,84.01825,303.82,0.45,0.63,2026-06-01,1922,N20,VIIRS,n,2,284.2,1.01,N,2
21.7996,83.88702,303.04,0.46,0.63,2026-06-01,1922,N20,VIIRS,n,2,285.45,1.11,N,0
21.80052,83.88749,303.17,0.46,0.63,2026-06-01,1922,N20,VIIRS,n,2,285.72,1.15,N,0
21.82531,83.99743,303.03,0.45,0.63,2026-06-01,1922,N20,VIIRS,n,2,284.7,0.54,N,2
21.95369,83.8077,303.7,0.47,0.64,2026-06-01,1922,N20,VIIRS,n,2,286.04,0.65,N,0
21.96037,83.79942,307.21,0.47,0.64,2026-06-01,1922,N20,VIIRS,n,2,285.61,1.02,N,0
21.98397,83.23193,300.35,0.51,0.66,2026-06-01,1922,N20,VIIRS,n,2,278.86,1.01,N,2
21.98483,83.22987,297.87,0.51,0.66,2026-06-01,1922,N20,VIIRS,n,2,279.08,0.76,N,2
22.00503,82.66705,306.03,0.55,0.68,2026-06-01,1922,N20,VIIRS,n,2,285.13,3.76,N,2
22.00785,82.67047,306.38,0.55,0.68,2026-06-01,1922,N20,VIIRS,n,2,285.24,3.66,N,2
22.04144,83.73586,306.09,0.47,0.64,2026-06-01,1922,N20,VIIRS,n,2,283.8,3.53,N,2
22.04183,83.73125,307.4,0.47,0.64,2026-06-01,1922,N20,VIIRS,n,2,284.14,2.97,N,2
22.05489,83.71861,300.46,0.47,0.64,2026-06-01,1922,N20,VIIRS,n,2,277.1,1.72,N,0
22.05579,88.12543,321.3,0.49,0.49,2026-06-01,1922,N20,VIIRS,n,2,297.02,4.84,N,2
22.09275,83.12517,306.02,0.52,0.67,2026-06-01,1922,N20,VIIRS,n,2,286.17,1.03,N,0
22.20176,84.57736,303.78,0.42,0.61,2026-06-01,1922,N20,VIIRS,n,2,289.24,0.77,N,2
22.20844,84.86857,299.65,0.4,0.6,2026-06-01,1922,N20,VIIRS,n,2,274.89,0.95,N,2
22.21001,84.54951,306.79,0.42,0.61,2026-06-01,1922,N20,VIIRS,n,2,288.61,1.16,N,2
22.2193,84.75423,305.98,0.41,0.6,2026-06-01,1922,N20,VIIRS,n,2,286.14,1.26,N,2
22.31525,82.55936,302.89,0.57,0.69,2026-06-01,1922,N20,VIIRS,n,2,285.2,1.05,N,2
22.33102,82.60535,302.99,0.56,0.69,2026-06-01,1922,N20,VIIRS,n,2,286.46,0.91,N,2
22.36584,87.30191,321.29,0.56,0.51,2026-06-01,1922,N20,VIIRS,n,2,293.69,3.17,N,2
22.36667,87.02049,307.39,0.58,0.52,2026-06-01,1922,N20,VIIRS,n,2,292.19,2.09,N,2
22.3777,87.28133,324.03,0.56,0.52,2026-06-01,1922,N20,VIIRS,n,2,294.55,4.08,N,2
22.37829,87.27586,312.83,0.56,0.52,2026-06-01,1922,N20,VIIRS,n,2,293.45,2.51,N,2
22.79594,86.19277,307.68,0.33,0.56,2026-06-01,1922,N20,VIIRS,n,2,288.65,2.26,N,2
22.80091,86.09005,318.25,0.34,0.56,2026-06-01,1922,N20,VIIRS,n,2,288.35,1.77,N,2
22.81702,86.08548,299.41,0.34,0.56,2026-06-01,1922,N20,VIIRS,n,2,280.9,0.35,N,2
22.85653,86.0564,311.83,0.34,0.56,2026-06-01,1922,N20,VIIRS,n,2,288.69,1.09,N,2
22.87331,86.06145,306.89,0.34,0.56,2026-06-01,1922,N20,VIIRS,n,2,289.1,0.99,N,2
22.87687,86.06216,305.81,0.34,0.56,2026-06-01,1922,N20,VIIRS,n,2,288.73,0.95,N,2
23.06354,83.04981,303.88,0.54,0.68,2026-06-01,1922,N20,VIIRS,n,2,288.54,1.26,N,0
23.4853,87.36437,311.29,0.57,0.52,2026-06-01,1922,N20,VIIRS,n,2,290.52,3.11,N,2
23.48541,87.36259,306.19,0.57,0.52,2026-06-01,1922,N20,VIIRS,n,2,290.37,3.2,N,2
23.55211,86.541,306.61,0.32,0.55,2026-06-01,1922,N20,VIIRS,n,2,290.83,1.85,N,2
23.64938,85.44186,309.83,0.38,0.59,2026-06-01,1922,N20,VIIRS,n,2,287.9,2.19,N,2
23.64972,85.43815,326.51,0.38,0.59,2026-06-01,1922,N20,VIIRS,n,2,288.45,1.86,N,2
23.65007,85.43443,304.01,0.38,0.59,2026-06-01,1922,N20,VIIRS,n,2,287.27,1.86,N,2
23.65646,85.50724,307.88,0.38,0.59,2026-06-01,1922,N20,VIIRS,n,2,287.93,0.94,N,2
23.65956,85.50758,306.03,0.38,0.59,2026-06-01,1922,N20,VIIRS,n,2,287.49,0.69,N,2
23.66221,87.15426,309.89,0.59,0.53,2026-06-01,1922,N20,VIIRS,n,2,287.39,2.42,N,2
23.66771,85.00084,309.4,0.41,0.6,2026-06-01,1922,N20,VIIRS,n,2,290.22,1.26,N,2
23.66805,84.99698,304.48,0.41,0.6,2026-06-01,1922,N20,VIIRS,n,2,289.66,1.26,N,2
23.67677,85.32647,302.68,0.39,0.59,2026-06-01,1922,N20,VIIRS,n,2,287.04,1.12,N,0
23.67785,85.32647,303,0.39,0.59,2026-06-01,1922,N20,VIIRS,n,2,288.76,0.25,N,0
23.67786,86.08672,305.1,0.35,0.56,2026-06-01,1922,N20,VIIRS,n,2,276.09,1.24,N,2
23.67844,86.39705,301.77,0.33,0.55,2026-06-01,1922,N20,VIIRS,n,2,275.12,1.07,N,2
23.68112,86.39888,304.91,0.33,0.55,2026-06-01,1922,N20,VIIRS,n,2,278.63,0.87,N,2
23.68142,86.3956,305.73,0.33,0.55,2026-06-01,1922,N20,VIIRS,n,2,274.65,1.34,N,2
23.68205,86.38889,298.22,0.33,0.55,2026-06-01,1922,N20,VIIRS,n,2,273.2,1.55,N,2
23.68241,86.09412,296.1,0.35,0.56,2026-06-01,1922,N20,VIIRS,n,2,270.52,0.9,N,2
23.68387,86.39448,299.13,0.33,0.55,2026-06-01,1922,N20,VIIRS,n,2,274.07,1.07,N,2
23.68421,86.39111,303.52,0.33,0.55,2026-06-01,1922,N20,VIIRS,n,2,273.74,1.23,N,2
23.68445,85.36192,306.69,0.39,0.59,2026-06-01,1922,N20,VIIRS,n,2,290.25,0.85,N,0
23.68576,85.36205,306.67,0.39,0.59,2026-06-01,1922,N20,VIIRS,n,2,290.01,0.73,N,0
23.68684,86.39299,306.93,0.33,0.55,2026-06-01,1922,N20,VIIRS,n,2,278.04,1.34,N,2
23.68931,86.39178,300.81,0.33,0.55,2026-06-01,1922,N20,VIIRS,n,2,277.3,1.2,N,2
23.6902,87.12228,309.9,0.6,0.53,2026-06-01,1922,N20,VIIRS,n,2,286.19,2.79,N,2
23.69263,87.09888,307.67,0.6,0.53,2026-06-01,1922,N20,VIIRS,n,2,288.73,2.88,N,2
23.69507,87.12293,312.13,0.6,0.53,2026-06-01,1922,N20,VIIRS,n,2,287.01,2.79,N,2
23.69633,85.36717,306.31,0.39,0.59,2026-06-01,1922,N20,VIIRS,n,2,289.98,0.79,N,0
23.69686,85.2897,310.9,0.39,0.59,2026-06-01,1922,N20,VIIRS,n,2,290.37,1.71,N,2
23.6969,87.10535,305.41,0.6,0.53,2026-06-01,1922,N20,VIIRS,n,2,287.54,3.69,N,2
23.69768,85.2897,311.05,0.39,0.59,2026-06-01,1922,N20,VIIRS,n,2,290.68,1.86,N,2
23.71212,86.45251,315.24,0.33,0.55,2026-06-01,1922,N20,VIIRS,n,2,292.03,1.91,N,2
23.71244,86.44924,317.73,0.33,0.55,2026-06-01,1922,N20,VIIRS,n,2,291.71,1.91,N,2
23.71816,86.44338,309.46,0.33,0.55,2026-06-01,1922,N20,VIIRS,n,2,291.45,3.61,N,2
23.72237,85.00683,305.39,0.41,0.6,2026-06-01,1922,N20,VIIRS,n,2,290.19,1.69,N,2
23.72347,85.00738,307.45,0.41,0.6,2026-06-01,1922,N20,VIIRS,n,2,289.92,1.15,N,2
23.72358,86.44077,310.4,0.33,0.55,2026-06-01,1922,N20,VIIRS,n,2,292.13,3.31,N,2
23.72595,85.52395,302.88,0.38,0.59,2026-06-01,1922,N20,VIIRS,n,2,287.13,0.51,N,2
23.72803,86.44798,310.82,0.33,0.55,2026-06-01,1922,N20,VIIRS,n,2,291.29,2.44,N,0
23.73876,85.01279,303.52,0.41,0.6,2026-06-01,1922,N20,VIIRS,n,2,290.61,2.1,N,2
23.73911,85.00886,305.84,0.41,0.6,2026-06-01,1922,N20,VIIRS,n,2,290.57,1.87,N,2
23.7395,86.4362,315.04,0.33,0.55,2026-06-01,1922,N20,VIIRS,n,2,291.9,2.98,N,2
23.73982,86.43293,327.96,0.33,0.55,2026-06-01,1922,N20,VIIRS,n,2,291.15,2.98,N,2
23.74395,85.50675,305.72,0.38,0.59,2026-06-01,1922,N20,VIIRS,n,2,287.33,0.74,N,2
23.75163,86.41796,326.56,0.33,0.55,2026-06-01,1922,N20,VIIRS,n,2,291.37,5.43,N,2
23.75813,85.85404,310.25,0.36,0.57,2026-06-01,1922,N20,VIIRS,n,2,290.06,1.82,N,2
23.76347,86.40284,317.98,0.33,0.55,2026-06-01,1922,N20,VIIRS,n,2,288.31,2.78,N,2
23.7638,86.39951,305.84,0.33,0.55,2026-06-01,1922,N20,VIIRS,n,2,285.45,4.26,N,2
23.76825,86.40679,322.55,0.33,0.55,2026-06-01,1922,N20,VIIRS,n,2,290.32,2.78,N,2
23.76858,86.40344,330.7,0.33,0.55,2026-06-01,1922,N20,VIIRS,n,2,289.39,2.78,N,2
23.77251,86.36403,299.92,0.33,0.56,2026-06-01,1922,N20,VIIRS,n,2,269.05,0.52,N,2
23.77532,86.38778,302.13,0.33,0.55,2026-06-01,1922,N20,VIIRS,n,2,278.8,1.29,N,2
23.7773,86.36795,298.74,0.33,0.56,2026-06-01,1922,N20,VIIRS,n,2,276.97,0.89,N,2
23.77732,86.2096,313.24,0.34,0.56,2026-06-01,1922,N20,VIIRS,n,2,285.47,2.26,N,2
23.77764,86.36462,311.09,0.33,0.56,2026-06-01,1922,N20,VIIRS,n,2,276.97,0.89,N,2
23.78011,86.39173,315.96,0.33,0.55,2026-06-01,1922,N20,VIIRS,n,2,275.51,2.91,N,2
23.78043,86.38848,311.56,0.33,0.55,2026-06-01,1922,N20,VIIRS,n,2,274.84,1.29,N,2
23.78249,86.21034,312.03,0.34,0.56,2026-06-01,1922,N20,VIIRS,n,2,284.56,2.1,N,2
23.78349,85.57574,307.09,0.38,0.58,2026-06-01,1922,N20,VIIRS,n,2,288.15,1.35,N,0
23.79433,86.35336,311.54,0.33,0.56,2026-06-01,1922,N20,VIIRS,n,2,286.4,2.8,N,2
23.7998,86.35068,317.9,0.33,0.56,2026-06-01,1922,N20,VIIRS,n,2,282.89,2.89,N,2
23.80179,86.33091,307.45,0.34,0.56,2026-06-01,1922,N20,VIIRS,n,2,279.78,3.45,N,2
23.83884,84.94685,308.28,0.41,0.61,2026-06-01,1922,N20,VIIRS,n,2,288.17,1.41,N,2
26.75872,83.19976,305.88,0.49,0.65,2026-06-01,2101,N20,VIIRS,n,2,289.84,1.28,N,2
21.74407,83.84307,297.01,0.7,0.75,2026-06-01,2102,N20,VIIRS,n,2,255.01,1.76,N,2
21.78226,83.8332,306.37,0.69,0.74,2026-06-01,2102,N20,VIIRS,n,2,267.76,3.63,N,2
21.78395,83.82652,296.21,0.69,0.74,2026-06-01,2102,N20,VIIRS,n,2,264.75,2.2,N,0
21.92414,83.35162,312.65,0.64,0.72,2026-06-01,2102,N20,VIIRS,n,2,288.11,3.43,N,2
22.03986,83.35407,304.88,0.64,0.72,2026-06-01,2102,N20,VIIRS,n,2,288.52,1.47,N,2
22.04069,83.73083,304.1,0.67,0.74,2026-06-01,2102,N20,VIIRS,n,2,284.32,4.25,N,2
22.05043,83.72013,303.35,0.67,0.74,2026-06-01,2102,N20,VIIRS,n,2,284.17,4.15,N,0
22.05858,83.71575,296.98,0.67,0.74,2026-06-01,2102,N20,VIIRS,n,2,279.8,0.44,N,0
22.09647,83.12533,306.34,0.62,0.71,2026-06-01,2102,N20,VIIRS,n,2,287.79,1.89,N,0
22.31395,82.53117,308.87,0.56,0.69,2026-06-01,2102,N20,VIIRS,n,2,289.38,2.02,N,2
22.31754,82.53381,306.93,0.56,0.69,2026-06-01,2102,N20,VIIRS,n,2,289.64,3.56,N,2
22.31885,82.53814,304.7,0.56,0.69,2026-06-01,2102,N20,VIIRS,n,2,289.37,2.74,N,2
22.33427,82.57287,318.91,0.56,0.69,2026-06-01,2102,N20,VIIRS,n,2,289.3,3.2,N,2
22.35476,82.30474,306.29,0.54,0.68,2026-06-01,2102,N20,VIIRS,n,2,288.26,2.24,N,2
22.35485,82.30133,320.39,0.54,0.68,2026-06-01,2102,N20,VIIRS,n,2,287.59,2.56,N,2
22.35596,82.29967,314.78,0.54,0.68,2026-06-01,2102,N20,VIIRS,n,2,288.08,2.24,N,2
22.36094,82.30289,311.32,0.54,0.68,2026-06-01,2102,N20,VIIRS,n,2,288.56,2.56,N,2
23.16404,82.33824,316.85,0.52,0.67,2026-06-01,2102,N20,VIIRS,n,2,290.63,2.13,N,2
23.1653,82.33302,306.22,0.52,0.67,2026-06-01,2102,N20,VIIRS,n,2,289.51,2.13,N,2
23.16885,82.3447,306.35,0.52,0.67,2026-06-01,2102,N20,VIIRS,n,2,290.56,2.78,N,2
23.17006,82.33971,316.43,0.52,0.67,2026-06-01,2102,N20,VIIRS,n,2,290.26,2.13,N,2
23.64807,85.43883,305.77,0.79,0.78,2026-06-01,2102,N20,VIIRS,n,2,287,2.67,N,2
21.74905,83.84425,298.12,0.7,0.75,2026-06-01,2103,N20,VIIRS,n,2,258.94,2.59,N,2
21.78049,83.83235,308.43,0.69,0.75,2026-06-01,2103,N20,VIIRS,n,2,265.41,4.44,N,2
22.00296,82.66927,304.6,0.58,0.7,2026-06-01,2103,N20,VIIRS,n,2,289.28,2.05,N,2
22.78382,86.20509,330.73,0.63,0.72,2026-06-02,635,N20,VIIRS,n,2,289.97,7.82,D,2
23.76423,86.40929,333.54,0.58,0.69,2026-06-02,635,N20,VIIRS,n,2,292.43,8.62,D,2
25.69993,84.90459,340.44,0.64,0.72,2026-06-02,636,N20,VIIRS,n,2,290.48,7.38,D,0
26.42307,87.60207,330.12,0.42,0.61,2026-06-02,636,N20,VIIRS,n,2,297.28,3.6,D,0
20.22788,84.82043,332.66,0.38,0.59,2026-06-02,815,N20,VIIRS,n,2,293.51,4.9,D,0
20.30702,82.00067,338.64,0.5,0.49,2026-06-02,815,N20,VIIRS,n,2,302.75,3.58,D,0
20.49713,82.19376,337.52,0.52,0.5,2026-06-02,815,N20,VIIRS,n,2,303.53,8.37,D,0
20.82415,82.20691,341.63,0.52,0.5,2026-06-02,815,N20,VIIRS,n,2,302.34,10.27,D,0
20.85134,84.29734,335.6,0.36,0.57,2026-06-02,815,N20,VIIRS,n,2,299.78,2.7,D,0
20.96121,86.00921,348.91,0.47,0.64,2026-06-02,815,N20,VIIRS,n,2,292.88,11.96,D,2
20.9627,86.00863,352.31,0.46,0.64,2026-06-02,815,N20,VIIRS,n,2,292.89,10.25,D,2
20.96751,86.01326,330.71,0.47,0.64,2026-06-02,815,N20,VIIRS,n,2,292.2,9.83,D,2
21.01911,82.36229,339.86,0.54,0.51,2026-06-02,815,N20,VIIRS,n,2,297.75,6.6,D,0
21.02157,82.3577,338.27,0.54,0.51,2026-06-02,815,N20,VIIRS,n,2,298.64,3.97,D,0
21.03192,82.63671,330.19,0.56,0.52,2026-06-02,815,N20,VIIRS,n,2,294.85,4.02,D,0
21.05284,82.00603,331.06,0.51,0.49,2026-06-02,815,N20,VIIRS,n,2,296.99,9.01,D,0
21.1237,82.42534,333.35,0.55,0.51,2026-06-02,815,N20,VIIRS,n,2,297.28,3.06,D,0
21.12599,82.423,334.5,0.55,0.51,2026-06-02,815,N20,VIIRS,n,2,297.49,4.83,D,0
21.20835,82.79258,342.77,0.58,0.52,2026-06-02,815,N20,VIIRS,n,2,298.23,5.6,D,0
21.27057,83.92435,330.56,0.34,0.56,2026-06-02,815,N20,VIIRS,n,2,296.51,1.82,D,0
21.32831,82.96573,338.23,0.59,0.53,2026-06-02,815,N20,VIIRS,n,2,300.22,4.44,D,0
21.35322,82.87592,334.89,0.59,0.53,2026-06-02,815,N20,VIIRS,n,2,299.53,2.11,D,0
21.5489,83.93496,336.48,0.35,0.56,2026-06-02,815,N20,VIIRS,n,2,297.49,2.55,D,0
21.59217,83.99845,332.03,0.35,0.57,2026-06-02,815,N20,VIIRS,n,2,296.8,1.36,D,0
21.61098,84.02737,330.88,0.35,0.57,2026-06-02,815,N20,VIIRS,n,2,297.76,2.83,D,0
21.61133,84.03075,343.59,0.35,0.57,2026-06-02,815,N20,VIIRS,n,2,299.36,2.83,D,0
21.61146,84.02929,355.64,0.35,0.57,2026-06-02,815,N20,VIIRS,n,2,298.8,6.59,D,0
21.64797,83.35928,338.78,0.32,0.54,2026-06-02,815,N20,VIIRS,n,2,295.27,3.39,D,0
21.64805,83.35976,340.12,0.32,0.54,2026-06-02,815,N20,VIIRS,n,2,295.47,6.49,D,0
21.64829,83.36237,351.09,0.32,0.54,2026-06-02,815,N20,VIIRS,n,2,295.37,3.39,D,0
21.64836,83.36285,348.69,0.32,0.54,2026-06-02,815,N20,VIIRS,n,2,295.15,3.77,D,0
21.65232,83.40326,340.12,0.32,0.55,2026-06-02,815,N20,VIIRS,n,2,293.88,4.36,D,0
21.65255,83.40269,345.47,0.32,0.55,2026-06-02,815,N20,VIIRS,n,2,294.12,8.45,D,0
21.65364,83.36493,338.67,0.32,0.54,2026-06-02,815,N20,VIIRS,n,2,287.55,2.25,D,0
21.65368,83.36541,331.21,0.32,0.54,2026-06-02,815,N20,VIIRS,n,2,286.42,3.77,D,0
21.66024,83.38036,330.28,0.32,0.55,2026-06-02,815,N20,VIIRS,n,2,291.99,0.8,D,0
21.66031,83.37985,333.73,0.32,0.54,2026-06-02,815,N20,VIIRS,n,2,291.88,3.68,D,0
21.67409,83.3663,337.84,0.32,0.54,2026-06-02,815,N20,VIIRS,n,2,294.85,4.4,D,0
21.67421,83.51127,331.53,0.33,0.55,2026-06-02,815,N20,VIIRS,n,2,292.93,1.64,D,0
21.6744,83.36941,349.82,0.32,0.54,2026-06-02,815,N20,VIIRS,n,2,295.07,4.4,D,0
21.67471,83.37251,338.29,0.32,0.55,2026-06-02,815,N20,VIIRS,n,2,294.8,4.73,D,0
21.67604,84.03954,339.28,0.35,0.57,2026-06-02,815,N20,VIIRS,n,2,299.96,4.55,D,2
21.70853,83.1604,336.93,0.62,0.54,2026-06-02,815,N20,VIIRS,n,2,297.39,3.48,D,0
21.70916,83.16643,337.02,0.62,0.54,2026-06-02,815,N20,VIIRS,n,2,297.17,3.48,D,0
21.71666,83.19001,337.16,0.62,0.54,2026-06-02,815,N20,VIIRS,n,2,299.74,5.44,D,0
21.73673,83.84272,337.62,0.34,0.56,2026-06-02,815,N20,VIIRS,n,2,301.01,4.62,D,2
21.74192,83.84223,340.04,0.34,0.56,2026-06-02,815,N20,VIIRS,n,2,302.01,4.62,D,2
21.74225,83.84561,367,0.34,0.56,2026-06-02,815,N20,VIIRS,h,2,301.28,8.9,D,0
21.74334,84.44972,330.04,0.38,0.58,2026-06-02,815,N20,VIIRS,n,2,295.44,1.13,D,0
21.74434,83.97482,335.12,0.35,0.57,2026-06-02,815,N20,VIIRS,n,2,300.16,3.95,D,0
21.74711,83.84174,343.61,0.34,0.56,2026-06-02,815,N20,VIIRS,n,2,300.99,6.67,D,2
21.74745,83.84513,344.56,0.34,0.56,2026-06-02,815,N20,VIIRS,n,2,300.87,3.98,D,2
21.74956,83.97414,344.92,0.35,0.57,2026-06-02,815,N20,VIIRS,n,2,300.09,7.19,D,0
21.75264,83.84463,332.85,0.34,0.56,2026-06-02,815,N20,VIIRS,n,2,298.44,3.98,D,2
21.75454,84.02544,339.41,0.35,0.57,2026-06-02,815,N20,VIIRS,n,2,299.82,5.51,D,2
21.75783,83.84409,334.17,0.34,0.56,2026-06-02,815,N20,VIIRS,n,2,298.59,3.35,D,2
21.7647,84.0209,330.45,0.35,0.57,2026-06-02,815,N20,VIIRS,n,2,297.93,3.29,D,2
21.7732,84.39021,332.9,0.37,0.58,2026-06-02,815,N20,VIIRS,n,2,295.87,3.02,D,0
21.77721,83.82833,330.35,0.34,0.56,2026-06-02,815,N20,VIIRS,n,2,297.67,4.85,D,2
21.77755,83.83171,367,0.34,0.56,2026-06-02,815,N20,VIIRS,h,2,299.63,4.85,D,2
21.7779,83.83511,334.85,0.34,0.56,2026-06-02,815,N20,VIIRS,n,2,297.81,7.65,D,2
21.79822,83.8803,332.16,0.35,0.56,2026-06-02,815,N20,VIIRS,n,2,300.07,2.76,D,0
21.79856,83.88366,332.35,0.35,0.56,2026-06-02,815,N20,VIIRS,n,2,300.37,2.76,D,0
21.7989,83.887,336.4,0.35,0.56,2026-06-02,815,N20,VIIRS,n,2,300.2,4.73,D,0
21.81245,83.23212,331.94,0.63,0.54,2026-06-02,815,N20,VIIRS,n,2,295.75,2.78,D,0
21.81425,83.20088,340.69,0.62,0.54,2026-06-02,815,N20,VIIRS,n,2,296.58,5.42,D,0
21.82071,83.89449,330.29,0.35,0.56,2026-06-02,815,N20,VIIRS,n,2,298.97,2.02,D,0
21.83133,82.67245,340.84,0.58,0.52,2026-06-02,815,N20,VIIRS,n,2,295.38,6.25,D,0
21.84635,82.67641,344.38,0.58,0.52,2026-06-02,815,N20,VIIRS,n,2,299,9.39,D,0
21.85283,83.32835,330.21,0.32,0.54,2026-06-02,815,N20,VIIRS,n,2,294.08,2.63,D,0
21.86318,82.69731,331.32,0.58,0.52,2026-06-02,815,N20,VIIRS,n,2,296.54,8.32,D,0
21.86378,82.70296,340.11,0.58,0.52,2026-06-02,815,N20,VIIRS,n,2,296.91,2.21,D,0
21.8674,82.69112,347.91,0.58,0.52,2026-06-02,815,N20,VIIRS,n,2,297.63,8.32,D,0
21.895,82.53878,331.36,0.57,0.52,2026-06-02,815,N20,VIIRS,n,2,298.66,6.91,D,0
21.90602,82.73235,342.53,0.58,0.52,2026-06-02,815,N20,VIIRS,n,2,299.81,6.77,D,0
21.90605,82.45966,335.31,0.56,0.52,2026-06-02,815,N20,VIIRS,n,2,300.1,7.58,D,0
21.90965,82.7295,367,0.58,0.52,2026-06-02,815,N20,VIIRS,h,2,301.25,16.38,D,0
21.91024,82.72614,340.08,0.58,0.52,2026-06-02,815,N20,VIIRS,n,2,300,8.49,D,0
21.91085,82.7318,339.26,0.58,0.52,2026-06-02,815,N20,VIIRS,n,2,300.16,6.77,D,0
21.91198,84.16868,330.8,0.36,0.58,2026-06-02,815,N20,VIIRS,n,2,294.51,2.31,D,0
21.91448,82.72893,346.14,0.58,0.52,2026-06-02,815,N20,VIIRS,n,2,300.61,8.74,D,0
21.91568,82.73123,344.41,0.58,0.52,2026-06-02,815,N20,VIIRS,n,2,300.69,11.67,D,0
21.91965,82.63682,333.79,0.58,0.52,2026-06-02,815,N20,VIIRS,n,2,298.59,4.63,D,0
21.92115,83.35098,333.93,0.32,0.55,2026-06-02,815,N20,VIIRS,n,2,295.97,2.27,D,2
21.94453,82.97716,333.6,0.61,0.53,2026-06-02,815,N20,VIIRS,n,2,301.88,5.54,D,0
21.97756,83.05729,344.62,0.61,0.54,2026-06-02,815,N20,VIIRS,n,2,300.46,8.11,D,0
21.97842,82.8726,331.17,0.6,0.53,2026-06-02,815,N20,VIIRS,n,2,299.81,1.67,D,0
21.97877,83.0692,355.75,0.62,0.54,2026-06-02,815,N20,VIIRS,n,2,298.34,8.45,D,0
21.98166,82.03142,330.42,0.53,0.5,2026-06-02,815,N20,VIIRS,n,2,298.3,5.41,D,0
21.98203,82.95509,345.49,0.6,0.53,2026-06-02,815,N20,VIIRS,n,2,301.99,10.69,D,0
21.98263,82.96096,337.69,0.61,0.53,2026-06-02,815,N20,VIIRS,n,2,303.15,9.29,D,0
21.98494,83.08059,331.93,0.62,0.54,2026-06-02,815,N20,VIIRS,n,2,296.51,1.49,D,0
21.98507,82.98454,344.82,0.61,0.53,2026-06-02,815,N20,VIIRS,n,2,301.38,5.7,D,0
21.98873,83.02003,333.46,0.61,0.53,2026-06-02,815,N20,VIIRS,n,2,300.21,3.03,D,0
21.9906,82.98988,338.5,0.61,0.53,2026-06-02,815,N20,VIIRS,n,2,301.56,11.05,D,0
21.9909,82.0303,341.98,0.53,0.5,2026-06-02,815,N20,VIIRS,n,2,298.4,6.73,D,0
22.001,82.62576,333.91,0.58,0.52,2026-06-02,815,N20,VIIRS,n,2,300,2.89,D,0
22.00133,82.62742,336.14,0.58,0.52,2026-06-02,815,N20,VIIRS,n,2,299.65,3.13,D,0
22.04194,83.08508,330.04,0.62,0.54,2026-06-02,815,N20,VIIRS,l,2,302.07,4.9,D,0
22.0641,82.57864,342.23,0.57,0.52,2026-06-02,815,N20,VIIRS,n,2,299.92,11.85,D,0
22.06961,82.36158,334.17,0.55,0.51,2026-06-02,815,N20,VIIRS,n,2,302.39,1.78,D,0
22.07012,82.96741,334.75,0.61,0.53,2026-06-02,815,N20,VIIRS,n,2,300.99,3.52,D,0
22.07117,82.36281,335.84,0.56,0.51,2026-06-02,815,N20,VIIRS,n,2,301.27,2.37,D,0
22.07434,82.36105,332.95,0.55,0.51,2026-06-02,815,N20,VIIRS,n,2,301.43,1.78,D,0
22.13594,82.20887,332.94,0.54,0.51,2026-06-02,815,N20,VIIRS,n,2,302.45,3.06,D,0
22.15351,82.19608,340.99,0.54,0.51,2026-06-02,815,N20,VIIRS,n,2,304.4,4.46,D,0
22.15409,82.20137,338.31,0.54,0.51,2026-06-02,815,N20,VIIRS,n,2,303.72,6.16,D,0
22.15819,82.19551,346.91,0.54,0.51,2026-06-02,815,N20,VIIRS,n,2,305.61,12.2,D,0
22.15877,82.2008,345.27,0.54,0.51,2026-06-02,815,N20,VIIRS,n,2,303.85,11.2,D,0
22.16118,82.19851,342.8,0.54,0.51,2026-06-02,815,N20,VIIRS,n,2,302.97,7.06,D,0
22.1664,82.20325,331.6,0.54,0.51,2026-06-02,815,N20,VIIRS,n,2,300.64,5.67,D,0
22.16871,82.20497,330.72,0.54,0.51,2026-06-02,815,N20,VIIRS,n,2,300.62,4.08,D,0
22.17105,82.22616,331.43,0.55,0.51,2026-06-02,815,N20,VIIRS,n,2,300.83,2.35,D,0
22.17328,82.22391,332.05,0.55,0.51,2026-06-02,815,N20,VIIRS,n,2,300.94,2.52,D,0
22.17604,82.15924,331.77,0.54,0.51,2026-06-02,815,N20,VIIRS,n,2,300.95,2.19,D,0
22.17804,82.16109,342.24,0.54,0.51,2026-06-02,815,N20,VIIRS,n,2,301.35,5.44,D,0
22.17961,82.14812,332.35,0.54,0.51,2026-06-02,815,N20,VIIRS,n,2,300.69,3.35,D,0
22.18071,82.15866,333,0.54,0.51,2026-06-02,815,N20,VIIRS,n,2,300.24,2.19,D,0
22.18405,82.47647,332.16,0.57,0.52,2026-06-02,815,N20,VIIRS,n,2,301.31,5.52,D,0
22.18873,82.46857,335.13,0.57,0.52,2026-06-02,815,N20,VIIRS,n,2,302.99,6.28,D,0
22.1966,82.13012,343.59,0.54,0.51,2026-06-02,815,N20,VIIRS,n,2,300.96,4.11,D,0
22.33016,82.57346,332.44,0.58,0.52,2026-06-02,815,N20,VIIRS,n,2,296.85,5.84,D,2
22.35495,82.30235,341.26,0.55,0.51,2026-06-02,815,N20,VIIRS,n,2,301,9.26,D,2
22.67839,85.25414,337.92,0.43,0.62,2026-06-02,815,N20,VIIRS,n,2,287.81,3.88,D,0
23.70904,86.44978,330.12,0.53,0.67,2026-06-02,816,N20,VIIRS,n,2,295.84,8.95,D,2
23.7109,86.45289,331.26,0.53,0.67,2026-06-02,816,N20,VIIRS,n,2,294.77,6.87,D,2
23.73456,86.43505,335.96,0.53,0.67,2026-06-02,816,N20,VIIRS,n,2,296.99,7.49,D,2
23.76191,86.40263,332.67,0.53,0.67,2026-06-02,816,N20,VIIRS,n,2,296.03,7.13,D,2
24.71583,83.33075,367,0.34,0.56,2026-06-02,816,N20,VIIRS,h,2,297.5,7.52,D,0
25.24105,83.32645,347.48,0.35,0.57,2026-06-02,816,N20,VIIRS,n,2,297.29,4.03,D,0
26.41181,82.99935,331.74,0.34,0.56,2026-06-02,816,N20,VIIRS,n,2,298.79,1.69,D,0
26.93387,87.46661,330.19,0.66,0.73,2026-06-02,816,N20,VIIRS,n,2,294,3.97,D,0
26.6837,82.63685,342.96,0.33,0.55,2026-06-02,817,N20,VIIRS,n,2,302.77,3.39,D,0
26.68537,82.63711,342.74,0.33,0.55,2026-06-02,817,N20,VIIRS,n,2,302.45,2.86,D,0
26.93573,87.46488,331.7,0.66,0.73,2026-06-02,817,N20,VIIRS,n,2,294.01,5.12,D,0
25.03361,87.37507,302.55,0.6,0.7,2026-06-02,1902,N20,VIIRS,n,2,285.36,1.53,N,2
25.03386,87.37339,302.18,0.6,0.7,2026-06-02,1902,N20,VIIRS,n,2,285.05,1.87,N,2
20.9516,86.04941,304.87,0.66,0.73,2026-06-02,1903,N20,VIIRS,n,2,287.61,1.75,N,2
20.96184,86.00515,328.7,0.66,0.73,2026-06-02,1903,N20,VIIRS,n,2,287.37,4.24,N,2
20.96764,86.01849,303.24,0.66,0.73,2026-06-02,1903,N20,VIIRS,n,2,287.62,2.99,N,2
20.96864,86.00564,308.12,0.66,0.73,2026-06-02,1903,N20,VIIRS,n,2,287.89,4.08,N,2
22.05609,88.12501,315.35,0.5,0.66,2026-06-02,1903,N20,VIIRS,n,2,289.48,3.45,N,2
22.36634,87.29928,309.78,0.57,0.69,2026-06-02,1903,N20,VIIRS,n,2,290.43,2.53,N,2
22.36907,87.01972,303.54,0.59,0.7,2026-06-02,1903,N20,VIIRS,n,2,289.8,1.18,N,2
22.37598,87.28107,308.26,0.57,0.69,2026-06-02,1903,N20,VIIRS,n,2,290.31,1.61,N,2
22.3764,87.27548,312.19,0.57,0.69,2026-06-02,1903,N20,VIIRS,n,2,290.16,1.61,N,2
22.38092,87.27827,323.74,0.57,0.69,2026-06-02,1903,N20,VIIRS,n,2,290.77,4.35,N,2
22.3828,87.27613,305.62,0.57,0.69,2026-06-02,1903,N20,VIIRS,n,2,289.82,1.61,N,2
23.55795,87.23866,309.46,0.59,0.7,2026-06-02,1903,N20,VIIRS,n,2,289.84,2.24,N,2
23.56282,87.08271,297.52,0.6,0.71,2026-06-02,1903,N20,VIIRS,n,2,274.49,1.27,N,2
23.73589,86.43191,303.04,0.66,0.73,2026-06-02,1903,N20,VIIRS,n,2,276.72,3.35,N,2
23.73772,86.43139,304.42,0.66,0.73,2026-06-02,1903,N20,VIIRS,n,2,275.49,3.5,N,2
23.76712,86.4009,310.34,0.67,0.73,2026-06-02,1903,N20,VIIRS,n,2,282.04,6.82,N,2
23.78161,86.38919,313.38,0.67,0.74,2026-06-02,1903,N20,VIIRS,n,2,279.86,5.92,N,2
22.05469,88.12193,315.08,0.64,0.72,2026-06-02,2043,N20,VIIRS,n,2,288.35,4.6,N,2
22.05488,88.12589,318.74,0.64,0.72,2026-06-02,2043,N20,VIIRS,n,2,288.67,4.24,N,2
22.3631,87.30213,304.15,0.56,0.69,2026-06-02,2043,N20,VIIRS,n,2,287.46,2.41,N,2
22.36795,87.29958,307.99,0.56,0.69,2026-06-02,2043,N20,VIIRS,n,2,287.19,1.68,N,2
22.37924,87.28027,319.22,0.56,0.69,2026-06-02,2043,N20,VIIRS,n,2,287.24,3.66,N,2
22.38165,87.27923,314.75,0.56,0.69,2026-06-02,2043,N20,VIIRS,n,2,286.92,3.39,N,2
23.61371,86.78719,307.19,0.49,0.65,2026-06-02,2043,N20,VIIRS,n,2,288.74,2.24,N,2
23.62833,85.67686,306.9,0.42,0.61,2026-06-02,2043,N20,VIIRS,n,2,287.53,1.07,N,0
23.66558,87.1571,299.39,0.51,0.66,2026-06-02,2043,N20,VIIRS,n,2,276.09,1.8,N,2
23.66991,86.09216,306.9,0.44,0.62,2026-06-02,2043,N20,VIIRS,n,2,287.68,1.5,N,2
23.67553,86.40118,310.19,0.46,0.64,2026-06-02,2043,N20,VIIRS,n,2,288.92,1.91,N,2
23.67577,86.4016,307.1,0.46,0.64,2026-06-02,2043,N20,VIIRS,n,2,288.78,2.91,N,2
23.67656,86.39676,311.39,0.46,0.64,2026-06-02,2043,N20,VIIRS,n,2,289.26,1.91,N,2
23.67683,86.3972,314.6,0.46,0.63,2026-06-02,2043,N20,VIIRS,n,2,288.85,2.24,N,2
23.67746,86.08537,308.54,0.44,0.62,2026-06-02,2043,N20,VIIRS,n,2,288.45,2.04,N,2
23.67788,86.39284,305.36,0.46,0.63,2026-06-02,2043,N20,VIIRS,n,2,288.12,2.24,N,2
23.68041,86.07285,305.54,0.44,0.62,2026-06-02,2043,N20,VIIRS,n,2,288.06,0.97,N,0
23.68228,86.3982,307.44,0.46,0.64,2026-06-02,2043,N20,VIIRS,n,2,288.41,2.75,N,2
23.68329,86.39386,317.03,0.46,0.63,2026-06-02,2043,N20,VIIRS,n,2,288.52,2.38,N,2
23.68359,86.39426,317.54,0.46,0.63,2026-06-02,2043,N20,VIIRS,n,2,288.69,3.37,N,2
23.6846,86.39007,307.32,0.46,0.63,2026-06-02,2043,N20,VIIRS,n,2,287.95,2.91,N,2
23.6868,87.12163,302.19,0.51,0.66,2026-06-02,2043,N20,VIIRS,n,2,279.91,1.57,N,2
23.68998,86.3911,304.4,0.46,0.63,2026-06-02,2043,N20,VIIRS,n,2,288.42,2.38,N,2
23.69274,87.12324,306.99,0.51,0.66,2026-06-02,2043,N20,VIIRS,n,2,280.28,1.83,N,2
23.71305,86.44886,314.18,0.46,0.64,2026-06-02,2043,N20,VIIRS,n,2,287.67,3.33,N,2
23.73534,86.43159,307.73,0.46,0.64,2026-06-02,2043,N20,VIIRS,n,2,287.02,2.84,N,2
23.74104,86.43314,312.74,0.46,0.64,2026-06-02,2043,N20,VIIRS,n,2,287.69,2.84,N,2
23.75542,85.85287,304.23,0.42,0.61,2026-06-02,2043,N20,VIIRS,n,2,287.85,1.18,N,2
23.76066,86.40121,316.87,0.46,0.63,2026-06-02,2043,N20,VIIRS,n,2,285.34,5.28,N,2
23.76635,86.40277,309.41,0.46,0.63,2026-06-02,2043,N20,VIIRS,n,2,280.41,3.3,N,2
23.76737,86.40227,304.63,0.46,0.63,2026-06-02,2043,N20,VIIRS,n,2,278.88,2.49,N,2
23.77551,86.36364,300.15,0.46,0.63,2026-06-02,2043,N20,VIIRS,n,2,278.95,1.69,N,2
23.77597,86.20807,306.42,0.45,0.63,2026-06-02,2043,N20,VIIRS,n,2,287.68,3.59,N,2
23.77678,86.36326,299.05,0.45,0.63,2026-06-02,2043,N20,VIIRS,n,2,277.75,1.66,N,2
23.78038,86.37337,301,0.46,0.63,2026-06-02,2043,N20,VIIRS,n,2,279.01,1.65,N,2
23.78093,86.34605,306,0.45,0.63,2026-06-02,2043,N20,VIIRS,n,2,287.27,2.39,N,2
23.78162,86.20946,340.51,0.45,0.63,2026-06-02,2043,N20,VIIRS,n,2,288.42,3.59,N,2
23.79654,86.351,310.23,0.45,0.63,2026-06-02,2043,N20,VIIRS,n,2,287.27,3.5,N,2
23.79793,86.3506,308.46,0.45,0.63,2026-06-02,2043,N20,VIIRS,n,2,286.69,4.14,N,2
23.80161,86.3292,307.48,0.45,0.63,2026-06-02,2043,N20,VIIRS,n,2,287.05,2.67,N,2
23.80314,86.32888,306.57,0.45,0.63,2026-06-02,2043,N20,VIIRS,n,2,284.48,2.64,N,2
23.80726,86.33079,300.61,0.45,0.63,2026-06-02,2043,N20,VIIRS,n,2,281.21,1.55,N,2
24.16247,82.66824,304.56,0.53,0.5,2026-06-02,2043,N20,VIIRS,n,2,291.57,1.14,N,2
24.16647,82.62602,304.72,0.52,0.5,2026-06-02,2043,N20,VIIRS,n,2,291.93,1.89,N,2
24.18022,82.65118,307,0.52,0.5,2026-06-02,2043,N20,VIIRS,n,2,291.77,1.3,N,0
24.18146,82.64883,306.09,0.52,0.5,2026-06-02,2043,N20,VIIRS,n,2,291.25,1.44,N,0
24.20111,82.71291,304.85,0.53,0.5,2026-06-02,2043,N20,VIIRS,n,2,291.71,1.73,N,0
24.20672,82.70886,307.84,0.53,0.5,2026-06-02,2043,N20,VIIRS,n,2,291.95,2.12,N,2
25.03206,87.37557,305.76,0.49,0.65,2026-06-02,2043,N20,VIIRS,n,2,290.07,2.16,N,2
20.759,85.29752,314.07,0.45,0.63,2026-06-02,2044,N20,VIIRS,n,2,281.01,1.72,N,2
20.76367,85.29723,304.43,0.45,0.63,2026-06-02,2044,N20,VIIRS,n,2,281.18,1.48,N,2
20.78462,85.2642,302.23,0.45,0.63,2026-06-02,2044,N20,VIIRS,n,2,279.12,1.29,N,2
20.78559,85.25996,302.5,0.45,0.63,2026-06-02,2044,N20,VIIRS,n,2,278.72,1.29,N,2
20.7932,85.25285,312.21,0.45,0.63,2026-06-02,2044,N20,VIIRS,n,2,278.65,2.34,N,2
20.80447,85.25586,298.94,0.45,0.63,2026-06-02,2044,N20,VIIRS,n,2,275.89,0.7,N,2
20.8101,85.25742,302.23,0.45,0.63,2026-06-02,2044,N20,VIIRS,n,2,275.59,0.52,N,2
20.86444,84.99104,303.02,0.43,0.62,2026-06-02,2044,N20,VIIRS,n,2,281.49,1.2,N,2
20.88935,84.98477,304.63,0.43,0.62,2026-06-02,2044,N20,VIIRS,n,2,280.06,0.92,N,2
20.89026,84.9807,305.21,0.43,0.62,2026-06-02,2044,N20,VIIRS,n,2,280.32,0.92,N,2
20.95209,85.06,302.04,0.43,0.62,2026-06-02,2044,N20,VIIRS,n,2,276.67,0.59,N,0
20.95659,85.01416,301.1,0.43,0.62,2026-06-02,2044,N20,VIIRS,n,2,276.32,1.22,N,2
20.9575,85.01017,307.77,0.43,0.62,2026-06-02,2044,N20,VIIRS,n,2,276.36,1.78,N,2
20.96155,85.17522,301.93,0.44,0.62,2026-06-02,2044,N20,VIIRS,n,2,279.14,1.9,N,2
20.96247,85.17113,309.65,0.44,0.62,2026-06-02,2044,N20,VIIRS,n,2,279.6,1.9,N,2
20.96339,85.16703,308.32,0.44,0.62,2026-06-02,2044,N20,VIIRS,n,2,280,1.94,N,2
20.9643,85.16298,303.41,0.44,0.62,2026-06-02,2044,N20,VIIRS,n,2,280.35,1.94,N,2
20.96434,85.18918,316.93,0.44,0.62,2026-06-02,2044,N20,VIIRS,n,2,280.15,3.68,N,2
20.96529,85.18498,320.25,0.44,0.62,2026-06-02,2044,N20,VIIRS,n,2,279.15,2.59,N,2
20.96602,85.07658,304.53,0.43,0.62,2026-06-02,2044,N20,VIIRS,n,2,276.6,0.81,N,0
20.96614,85.1548,307.05,0.44,0.62,2026-06-02,2044,N20,VIIRS,n,2,280.55,4.78,N,2
20.96622,85.18082,304.95,0.44,0.62,2026-06-02,2044,N20,VIIRS,n,2,278.77,2.59,N,2
20.96676,85.02118,297.78,0.43,0.62,2026-06-02,2044,N20,VIIRS,n,2,274.83,0.89,N,2
20.96707,85.15068,309.99,0.44,0.62,2026-06-02,2044,N20,VIIRS,n,2,281.01,2.77,N,2
20.96714,85.17673,305.93,0.44,0.62,2026-06-02,2044,N20,VIIRS,n,2,279.26,1.9,N,2
20.96806,85.17263,332.02,0.44,0.62,2026-06-02,2044,N20,VIIRS,n,2,280.1,1.9,N,2
20.96897,85.16859,311.88,0.44,0.62,2026-06-02,2044,N20,VIIRS,n,2,280.21,1.94,N,2
20.97262,85.12597,306.8,0.44,0.62,2026-06-02,2044,N20,VIIRS,n,2,281.81,1.9,N,2
20.97264,85.1522,327.26,0.44,0.62,2026-06-02,2044,N20,VIIRS,n,2,281.89,2.77,N,2
20.97274,85.17821,304.77,0.44,0.62,2026-06-02,2044,N20,VIIRS,n,2,278.2,1.94,N,2
20.97365,85.17415,320.54,0.44,0.62,2026-06-02,2044,N20,VIIRS,n,2,279.56,1.94,N,2
20.97455,85.17011,304.42,0.44,0.62,2026-06-02,2044,N20,VIIRS,n,2,280.11,1.46,N,2
20.97633,85.13577,307.37,0.44,0.62,2026-06-02,2044,N20,VIIRS,n,2,282.51,1.65,N,2
20.97725,85.13166,308.82,0.44,0.62,2026-06-02,2044,N20,VIIRS,n,2,282.41,1.65,N,2
20.98015,85.1716,303.04,0.44,0.62,2026-06-02,2044,N20,VIIRS,n,2,280.75,1.46,N,2
20.98191,85.13725,309.08,0.44,0.62,2026-06-02,2044,N20,VIIRS,n,2,281.8,2.45,N,2
20.98284,85.13314,328.79,0.44,0.62,2026-06-02,2044,N20,VIIRS,n,2,282.03,2.45,N,2
21.0758,85.04907,304.28,0.43,0.62,2026-06-02,2044,N20,VIIRS,n,2,281.72,1.51,N,0
21.07759,85.04118,304.36,0.43,0.62,2026-06-02,2044,N20,VIIRS,n,2,282.51,2.38,N,2
21.0794,85.03315,303.42,0.43,0.62,2026-06-02,2044,N20,VIIRS,n,2,282.69,1.37,N,2
21.67183,84.04076,307.49,0.36,0.57,2026-06-02,2044,N20,VIIRS,n,2,290.51,1.81,N,2
21.67772,84.03873,324.64,0.36,0.57,2026-06-02,2044,N20,VIIRS,n,2,291.38,1.81,N,2
21.68327,84.04111,307.74,0.36,0.57,2026-06-02,2044,N20,VIIRS,n,2,290.45,1.29,N,2
21.7381,83.84302,313.53,0.35,0.57,2026-06-02,2044,N20,VIIRS,n,2,289.41,3.72,N,2
21.73883,83.83972,306.59,0.35,0.57,2026-06-02,2044,N20,VIIRS,n,2,289.26,2.85,N,0
21.7407,83.84612,309.85,0.35,0.57,2026-06-02,2044,N20,VIIRS,n,2,289.57,3.25,N,2
21.74141,83.84279,342.05,0.35,0.57,2026-06-02,2044,N20,VIIRS,n,2,291.01,3.25,N,2
21.74318,83.84439,344.61,0.35,0.57,2026-06-02,2044,N20,VIIRS,n,2,290.91,3.72,N,2
21.74391,83.84106,318.49,0.35,0.57,2026-06-02,2044,N20,VIIRS,n,2,289.48,2.85,N,2
21.74684,83.9749,319.37,0.36,0.57,2026-06-02,2044,N20,VIIRS,n,2,290.3,1.65,N,0
21.74703,83.81644,307.89,0.35,0.57,2026-06-02,2044,N20,VIIRS,n,2,290.15,1.97,N,0
21.74759,83.9715,309.67,0.36,0.57,2026-06-02,2044,N20,VIIRS,n,2,289.82,1.65,N,0
21.74826,83.84573,323.24,0.35,0.57,2026-06-02,2044,N20,VIIRS,n,2,290.58,3.9,N,0
21.74899,83.84241,336.13,0.35,0.57,2026-06-02,2044,N20,VIIRS,n,2,290.36,2.48,N,2
21.75199,83.97613,314.18,0.36,0.57,2026-06-02,2044,N20,VIIRS,n,2,290.55,1.31,N,0
21.75274,83.97269,306.62,0.36,0.57,2026-06-02,2044,N20,VIIRS,n,2,289.75,1.31,N,0
21.75406,83.84377,314.61,0.35,0.57,2026-06-02,2044,N20,VIIRS,n,2,289.87,2.48,N,2
21.7548,83.84044,310.07,0.35,0.57,2026-06-02,2044,N20,VIIRS,n,2,289.48,2.48,N,2
21.75784,84.02382,318.14,0.36,0.57,2026-06-02,2044,N20,VIIRS,n,2,290.84,3.14,N,2
21.75915,83.84505,314.49,0.35,0.57,2026-06-02,2044,N20,VIIRS,n,2,290.14,2.66,N,2
21.76299,84.0251,307.14,0.36,0.57,2026-06-02,2044,N20,VIIRS,n,2,290.07,1.76,N,2
21.76352,83.84968,307.22,0.35,0.57,2026-06-02,2044,N20,VIIRS,n,2,288.87,1.62,N,0
21.76373,84.02173,309.73,0.36,0.57,2026-06-02,2044,N20,VIIRS,n,2,290.38,1.44,N,2
21.76446,84.01839,308.92,0.36,0.57,2026-06-02,2044,N20,VIIRS,n,2,290.16,1.44,N,2
21.76961,84.01968,315.78,0.36,0.57,2026-06-02,2044,N20,VIIRS,n,2,291.01,1.44,N,2
21.7766,83.839,308,0.35,0.57,2026-06-02,2044,N20,VIIRS,n,2,289.97,1.28,N,0
21.77806,83.83232,306.08,0.35,0.57,2026-06-02,2044,N20,VIIRS,n,2,289.24,2.84,N,2
21.77878,83.82898,326.82,0.35,0.57,2026-06-02,2044,N20,VIIRS,n,2,289.62,3.66,N,2
21.78314,83.83361,344.02,0.35,0.57,2026-06-02,2044,N20,VIIRS,n,2,290.44,7.18,N,2
21.78387,83.83026,335.2,0.35,0.57,2026-06-02,2044,N20,VIIRS,n,2,289.2,6.08,N,2
21.79859,83.88614,328.5,0.35,0.57,2026-06-02,2044,N20,VIIRS,n,2,289.71,3.19,N,0
21.7993,83.88284,307.69,0.35,0.57,2026-06-02,2044,N20,VIIRS,n,2,289.79,1.58,N,0
21.80002,83.87952,312.95,0.35,0.57,2026-06-02,2044,N20,VIIRS,n,2,288.88,1.58,N,0
21.80119,82.04179,307.66,0.53,0.5,2026-06-02,2044,N20,VIIRS,n,2,293.5,2.24,N,2
21.80513,83.88077,305.48,0.35,0.57,2026-06-02,2044,N20,VIIRS,n,2,288.93,1.86,N,0
21.82347,83.89549,316.09,0.35,0.57,2026-06-02,2044,N20,VIIRS,n,2,290.85,2.47,N,0
21.82396,83.99812,308.76,0.36,0.57,2026-06-02,2044,N20,VIIRS,n,2,288.75,0.87,N,2
21.82419,83.89964,312.32,0.35,0.57,2026-06-02,2044,N20,VIIRS,n,2,290.91,2.22,N,0
21.82494,83.89626,308.61,0.35,0.57,2026-06-02,2044,N20,VIIRS,n,2,290.8,2.11,N,0
21.82783,83.90028,311.22,0.35,0.57,2026-06-02,2044,N20,VIIRS,n,2,290.51,2.88,N,0
21.87724,83.49656,309.6,0.33,0.55,2026-06-02,2044,N20,VIIRS,n,2,289.26,1.22,N,2
21.88018,83.55637,310.4,0.33,0.55,2026-06-02,2044,N20,VIIRS,n,2,290.4,0.96,N,2
21.91873,83.35109,312.73,0.32,0.55,2026-06-02,2044,N20,VIIRS,n,2,290.19,1.91,N,2
21.92366,83.35229,319.86,0.32,0.55,2026-06-02,2044,N20,VIIRS,n,2,291.19,1.91,N,2
21.92989,83.34739,305.51,0.32,0.55,2026-06-02,2044,N20,VIIRS,n,2,290.18,1.18,N,2
21.95817,83.80145,308.57,0.34,0.56,2026-06-02,2044,N20,VIIRS,n,2,289.58,1,N,0
21.98501,83.23268,306.31,0.63,0.54,2026-06-02,2044,N20,VIIRS,n,2,290.14,1.86,N,2
21.98609,83.23386,305.62,0.63,0.54,2026-06-02,2044,N20,VIIRS,n,2,290.21,2.42,N,2
22.00251,82.67081,309.29,0.58,0.52,2026-06-02,2044,N20,VIIRS,n,2,292.26,2.49,N,2
22.00723,82.67191,307.17,0.58,0.52,2026-06-02,2044,N20,VIIRS,n,2,291.77,2.49,N,2
22.01959,83.75324,310.69,0.34,0.56,2026-06-02,2044,N20,VIIRS,n,2,290.45,1.47,N,0
22.02996,83.3662,307.19,0.32,0.55,2026-06-02,2044,N20,VIIRS,n,2,290.3,1.08,N,2
22.03814,83.35204,315.86,0.32,0.55,2026-06-02,2044,N20,VIIRS,n,2,290.61,2.03,N,2
22.03957,83.7346,305.85,0.34,0.56,2026-06-02,2044,N20,VIIRS,n,2,290.18,2.08,N,2
22.04025,83.73141,317.45,0.34,0.56,2026-06-02,2044,N20,VIIRS,n,2,290.78,2.78,N,2
22.04095,83.72821,339.89,0.34,0.56,2026-06-02,2044,N20,VIIRS,n,2,290.93,2.78,N,2
22.05168,83.72761,306.54,0.34,0.56,2026-06-02,2044,N20,VIIRS,n,2,289.75,2.24,N,0
22.05306,83.72122,321.71,0.34,0.56,2026-06-02,2044,N20,VIIRS,n,2,289.94,1.72,N,0
22.05375,83.718,320.06,0.34,0.56,2026-06-02,2044,N20,VIIRS,n,2,290.02,1.72,N,0
22.06222,83.70326,304.31,0.34,0.56,2026-06-02,2044,N20,VIIRS,n,2,289.23,0.93,N,2
22.1062,83.12643,308.72,0.62,0.54,2026-06-02,2044,N20,VIIRS,n,2,290.52,1.66,N,0
22.15707,82.09484,305.04,0.53,0.5,2026-06-02,2044,N20,VIIRS,n,2,293.03,1.25,N,0
22.21651,84.84176,306.37,0.39,0.6,2026-06-02,2044,N20,VIIRS,n,2,289.02,1.36,N,0
22.21889,84.75594,306.07,0.39,0.59,2026-06-02,2044,N20,VIIRS,n,2,289.91,1.16,N,2
22.31432,82.53333,308.84,0.56,0.52,2026-06-02,2044,N20,VIIRS,n,2,292.6,2.97,N,2
22.31897,82.53442,305.05,0.56,0.52,2026-06-02,2044,N20,VIIRS,n,2,292.16,1.88,N,2
22.33091,82.57127,315.51,0.56,0.52,2026-06-02,2044,N20,VIIRS,n,2,291.84,1.65,N,0
22.33222,82.57325,325.15,0.56,0.52,2026-06-02,2044,N20,VIIRS,n,2,292.2,3.91,N,2
22.33556,82.57244,312.06,0.56,0.52,2026-06-02,2044,N20,VIIRS,n,2,291.65,1.65,N,2
22.3573,82.30175,331.63,0.54,0.51,2026-06-02,2044,N20,VIIRS,n,2,294.06,4.97,N,2
23.16417,82.33824,326.96,0.52,0.5,2026-06-02,2044,N20,VIIRS,n,2,293.27,4.68,N,2
23.16764,82.34428,317.95,0.53,0.5,2026-06-02,2044,N20,VIIRS,n,2,292.84,2.48,N,2
23.1687,82.33923,317.97,0.52,0.5,2026-06-02,2044,N20,VIIRS,n,2,292.5,2.69,N,2
20.29745,82.80689,342.14,0.45,0.39,2026-06-03,756,N20,VIIRS,n,2,309.01,5.68,D,0
20.36939,83.82851,333.4,0.5,0.41,2026-06-03,756,N20,VIIRS,n,2,299.58,1.79,D,0
20.6025,82.01038,336.45,0.42,0.38,2026-06-03,756,N20,VIIRS,n,2,305.63,6.55,D,0
20.77981,84.02291,336.07,0.52,0.42,2026-06-03,756,N20,VIIRS,n,2,305.12,3.26,D,0
20.79376,85.25408,346.11,0.41,0.45,2026-06-03,756,N20,VIIRS,n,2,299.52,9.04,D,2
20.79935,84.17447,336.57,0.53,0.42,2026-06-03,756,N20,VIIRS,n,2,304.82,5.4,D,0
20.8066,85.25644,331.18,0.41,0.45,2026-06-03,756,N20,VIIRS,n,2,300.13,1.81,D,2
20.84686,82.00659,344.41,0.42,0.38,2026-06-03,756,N20,VIIRS,n,2,303.16,8.83,D,0
20.865,84.98794,335.48,0.4,0.44,2026-06-03,756,N20,VIIRS,n,2,302.69,4.43,D,2
20.86547,84.99178,334.88,0.4,0.44,2026-06-03,756,N20,VIIRS,n,2,300.57,4.55,D,2
20.90289,82.14066,338,0.43,0.38,2026-06-03,756,N20,VIIRS,n,2,299.65,7.31,D,0
20.96313,85.18686,349.05,0.41,0.45,2026-06-03,756,N20,VIIRS,n,2,302.23,9.8,D,2
20.96361,85.19088,334.68,0.41,0.45,2026-06-03,756,N20,VIIRS,n,2,297.6,3.63,D,2
20.9642,86.00878,343.6,0.46,0.47,2026-06-03,756,N20,VIIRS,n,2,299.29,4.86,D,2
20.96471,86.01321,342.75,0.46,0.47,2026-06-03,756,N20,VIIRS,n,2,297.23,4.86,D,2
20.96492,85.16674,341.49,0.41,0.45,2026-06-03,756,N20,VIIRS,n,2,301.96,12.42,D,2
20.96764,85.15452,346.4,0.41,0.45,2026-06-03,756,N20,VIIRS,n,2,303.18,7.99,D,2
20.96847,85.12659,334.08,0.4,0.45,2026-06-03,756,N20,VIIRS,n,2,303.73,4.65,D,0
20.96905,86.01266,336.4,0.46,0.47,2026-06-03,756,N20,VIIRS,n,2,297.42,5.83,D,2
20.96996,85.17403,338.65,0.41,0.45,2026-06-03,756,N20,VIIRS,n,2,299.47,4.14,D,2
20.97042,85.17793,341.88,0.41,0.45,2026-06-03,756,N20,VIIRS,n,2,300.55,4.14,D,2
20.97174,85.15399,351.05,0.41,0.45,2026-06-03,756,N20,VIIRS,n,2,302.27,7.99,D,2
20.97406,85.1735,338.69,0.41,0.45,2026-06-03,756,N20,VIIRS,n,2,300.36,4.14,D,2
20.9776,85.13339,347.81,0.4,0.45,2026-06-03,756,N20,VIIRS,n,2,304.37,6.81,D,2
20.97807,85.13729,342.98,0.4,0.45,2026-06-03,756,N20,VIIRS,n,2,302.91,6.81,D,2
20.98402,82.18703,346.88,0.43,0.38,2026-06-03,756,N20,VIIRS,n,2,295.39,4.98,D,0
21.05296,82.08364,345.31,0.43,0.38,2026-06-03,756,N20,VIIRS,n,2,305.42,9.17,D,0
21.11833,83.87252,336.14,0.52,0.41,2026-06-03,756,N20,VIIRS,n,2,301.73,5.02,D,0
21.16017,83.12038,335.06,0.48,0.4,2026-06-03,756,N20,VIIRS,l,2,305.58,4.58,D,0
21.16959,82.91222,337.94,0.46,0.39,2026-06-03,756,N20,VIIRS,n,2,304.24,3.27,D,0
21.18764,82.70349,340.38,0.46,0.39,2026-06-03,756,N20,VIIRS,n,2,303.69,6.32,D,0
21.22483,82.60035,337.42,0.45,0.39,2026-06-03,756,N20,VIIRS,n,2,303.27,1.96,D,0
21.22631,82.05396,342.42,0.43,0.38,2026-06-03,756,N20,VIIRS,n,2,304.37,12.69,D,0
21.23548,82.62531,338.38,0.45,0.39,2026-06-03,756,N20,VIIRS,n,2,305.53,3.69,D,0
21.26194,82.93181,345.98,0.47,0.39,2026-06-03,756,N20,VIIRS,n,2,304.99,4.27,D,0
21.28771,82.53435,335.38,0.45,0.39,2026-06-03,756,N20,VIIRS,n,2,303.6,4.02,D,0
21.28969,82.89109,339.18,0.46,0.39,2026-06-03,756,N20,VIIRS,n,2,305.15,5.37,D,0
21.29089,82.95496,335.25,0.47,0.4,2026-06-03,756,N20,VIIRS,n,2,305.2,2.87,D,0
21.29452,82.95442,340.81,0.47,0.4,2026-06-03,756,N20,VIIRS,n,2,304.5,2.87,D,0
21.33179,83.94032,331.7,0.52,0.42,2026-06-03,756,N20,VIIRS,l,2,303.6,4.5,D,0
21.33421,83.93763,332.54,0.52,0.42,2026-06-03,756,N20,VIIRS,l,2,304.52,5.71,D,0
21.33483,83.94268,334.08,0.53,0.42,2026-06-03,756,N20,VIIRS,l,2,304.17,4.54,D,0
21.33562,83.93977,336.97,0.52,0.42,2026-06-03,756,N20,VIIRS,n,2,305.31,5.1,D,0
21.37723,83.54946,337.18,0.5,0.41,2026-06-03,756,N20,VIIRS,n,2,302.45,6.04,D,0
21.4239,84.1226,336.03,0.54,0.42,2026-06-03,756,N20,VIIRS,n,2,304.51,2.1,D,0
21.45714,82.96986,347.19,0.47,0.4,2026-06-03,756,N20,VIIRS,n,2,304.91,7.54,D,0
21.51443,84.01792,333.83,0.53,0.42,2026-06-03,756,N20,VIIRS,n,2,302.92,2.62,D,0
21.59559,84.1836,330.42,0.55,0.42,2026-06-03,756,N20,VIIRS,l,2,303.64,3.76,D,0
21.62237,83.32475,339.22,0.49,0.4,2026-06-03,756,N20,VIIRS,n,2,303.33,3.74,D,0
21.62367,83.27641,340.31,0.49,0.4,2026-06-03,756,N20,VIIRS,n,2,304.89,6.19,D,0
21.63168,83.28006,349.48,0.49,0.4,2026-06-03,756,N20,VIIRS,n,2,307.35,10.44,D,0
21.6323,83.28477,351.2,0.49,0.4,2026-06-03,756,N20,VIIRS,n,2,307.15,10.44,D,0
21.63539,83.27953,344.47,0.49,0.4,2026-06-03,756,N20,VIIRS,n,2,308.51,4.43,D,0
21.636,83.28424,340.36,0.49,0.4,2026-06-03,756,N20,VIIRS,n,2,307.49,4.43,D,0
21.64146,83.44352,337.64,0.5,0.41,2026-06-03,756,N20,VIIRS,n,2,301.55,5.24,D,0
21.64519,83.44298,354.63,0.5,0.41,2026-06-03,756,N20,VIIRS,n,2,305.75,5.24,D,0
21.64524,83.35528,346.93,0.49,0.41,2026-06-03,756,N20,VIIRS,n,2,305.29,10.88,D,0
21.64581,83.44779,336.14,0.5,0.41,2026-06-03,756,N20,VIIRS,n,2,294.39,5.24,D,0
21.64649,83.30676,336.68,0.49,0.4,2026-06-03,756,N20,VIIRS,n,2,305.67,4.16,D,0
21.64711,83.31152,338.36,0.49,0.4,2026-06-03,756,N20,VIIRS,n,2,305.31,4.16,D,0
21.64834,83.34999,342.99,0.49,0.41,2026-06-03,756,N20,VIIRS,n,2,304.6,3.66,D,0
21.64955,83.44727,337.53,0.5,0.41,2026-06-03,756,N20,VIIRS,n,2,304.39,5.54,D,0
21.6502,83.30624,344.89,0.49,0.4,2026-06-03,756,N20,VIIRS,n,2,305.64,4.16,D,0
21.65082,83.31097,339.84,0.49,0.4,2026-06-03,756,N20,VIIRS,n,2,305.94,4.16,D,0
21.65144,83.31571,337.46,0.49,0.4,2026-06-03,756,N20,VIIRS,n,2,305.92,4.61,D,0
21.65205,83.37856,343.57,0.49,0.41,2026-06-03,756,N20,VIIRS,n,2,307.89,12.2,D,0
21.65206,83.34946,347.35,0.49,0.41,2026-06-03,756,N20,VIIRS,n,2,306.43,8.49,D,0
21.65268,83.38334,347.21,0.5,0.41,2026-06-03,756,N20,VIIRS,n,2,303.71,9.27,D,0
21.65453,83.31045,342.87,0.49,0.4,2026-06-03,756,N20,VIIRS,n,2,308.6,9.68,D,0
21.65515,83.31518,349.76,0.49,0.4,2026-06-03,756,N20,VIIRS,n,2,309.55,9.33,D,0
21.65701,83.32939,348.11,0.49,0.4,2026-06-03,756,N20,VIIRS,n,2,306.68,6.9,D,0
21.65823,83.3099,348.08,0.49,0.4,2026-06-03,756,N20,VIIRS,n,2,309.79,9.68,D,0
21.65948,83.31937,345.1,0.49,0.4,2026-06-03,756,N20,VIIRS,n,2,308.11,9.33,D,0
21.6601,83.32412,342.17,0.49,0.4,2026-06-03,756,N20,VIIRS,n,2,307.02,6.9,D,0
21.66196,83.33835,343.88,0.49,0.4,2026-06-03,756,N20,VIIRS,n,2,306.73,6.96,D,0
21.66381,83.32358,337.78,0.49,0.4,2026-06-03,756,N20,VIIRS,l,2,308.04,4.3,D,0
21.66418,83.86697,331.31,0.52,0.42,2026-06-03,756,N20,VIIRS,l,2,305.18,2.28,D,0
21.67447,83.76307,330.25,0.52,0.41,2026-06-03,756,N20,VIIRS,l,2,303.42,3.58,D,0
21.68254,83.43755,334.45,0.5,0.41,2026-06-03,756,N20,VIIRS,l,2,305.47,4.46,D,0
21.68627,83.437,336.3,0.5,0.41,2026-06-03,756,N20,VIIRS,n,2,305.62,3.28,D,0
21.70632,82.96778,341.48,0.47,0.4,2026-06-03,756,N20,VIIRS,n,2,307.56,7.84,D,0
21.71202,83.51694,346,0.5,0.41,2026-06-03,756,N20,VIIRS,n,2,305.02,13.34,D,0
21.71315,83.51835,348.67,0.5,0.41,2026-06-03,756,N20,VIIRS,n,2,305.25,15.88,D,0
21.716,83.01297,345.76,0.48,0.4,2026-06-03,756,N20,VIIRS,n,2,307.22,5.97,D,0
21.71604,85.15771,349.74,0.42,0.45,2026-06-03,756,N20,VIIRS,n,2,301.31,10.57,D,0
21.71629,82.45101,338.9,0.45,0.39,2026-06-03,756,N20,VIIRS,n,2,303.46,5.42,D,0
21.71661,83.01756,340.67,0.48,0.4,2026-06-03,756,N20,VIIRS,n,2,305.56,5.97,D,0
21.72627,82.80463,344.29,0.47,0.39,2026-06-03,756,N20,VIIRS,n,2,307.25,8.63,D,0
21.72812,83.16205,337.45,0.48,0.4,2026-06-03,756,N20,VIIRS,n,2,304.49,8.58,D,0
21.72932,82.80751,336.98,0.47,0.39,2026-06-03,756,N20,VIIRS,n,2,304.95,6.88,D,0
21.73417,83.26635,342.56,0.49,0.4,2026-06-03,756,N20,VIIRS,n,2,305.84,4.1,D,0
21.73871,83.84069,337.73,0.52,0.42,2026-06-03,756,N20,VIIRS,n,2,306.87,8.73,D,0
21.7432,83.84526,348.42,0.52,0.42,2026-06-03,756,N20,VIIRS,n,2,307.69,8.73,D,2
21.74554,83.84171,340.76,0.52,0.42,2026-06-03,756,N20,VIIRS,n,2,308.39,7.7,D,2
21.74702,83.84474,348.29,0.52,0.42,2026-06-03,756,N20,VIIRS,n,2,308.76,7.55,D,2
21.74803,83.97433,344.68,0.53,0.42,2026-06-03,756,N20,VIIRS,n,2,307.49,10.26,D,0
21.74936,83.84119,341.9,0.52,0.42,2026-06-03,756,N20,VIIRS,n,2,306.45,7.7,D,2
21.75085,83.84422,341.55,0.52,0.42,2026-06-03,756,N20,VIIRS,n,2,307.06,7.55,D,2
21.75108,82.76886,339.21,0.46,0.39,2026-06-03,756,N20,VIIRS,n,2,304.36,10.99,D,0
21.7546,84.02591,341.62,0.54,0.42,2026-06-03,756,N20,VIIRS,n,2,306.3,6.62,D,2
21.75468,83.84369,336.32,0.52,0.42,2026-06-03,756,N20,VIIRS,l,2,306.44,4.18,D,2
21.7585,83.84315,334.79,0.52,0.42,2026-06-03,756,N20,VIIRS,l,2,306.74,4.18,D,2
21.76555,82.965,337.36,0.47,0.4,2026-06-03,756,N20,VIIRS,n,2,305.77,6.51,D,0
21.77242,85.24261,330.9,0.42,0.45,2026-06-03,756,N20,VIIRS,n,2,299.86,3.44,D,0
21.77932,83.83175,347.88,0.52,0.42,2026-06-03,756,N20,VIIRS,n,2,304.33,11.38,D,2
21.78431,82.65942,337.92,0.46,0.39,2026-06-03,756,N20,VIIRS,n,2,304.57,5.34,D,0
21.78731,82.65446,337.5,0.46,0.39,2026-06-03,756,N20,VIIRS,n,2,304.12,5.34,D,0
21.79327,82.67159,343.66,0.46,0.39,2026-06-03,756,N20,VIIRS,n,2,305.78,7.1,D,0
21.79451,82.62634,339.54,0.46,0.39,2026-06-03,756,N20,VIIRS,n,2,305.78,4.42,D,0
21.7951,82.63074,341.95,0.46,0.39,2026-06-03,756,N20,VIIRS,n,2,305.99,4.42,D,0
21.79716,83.88092,337.83,0.53,0.42,2026-06-03,756,N20,VIIRS,n,2,307.46,5.78,D,0
21.7978,83.88601,342.12,0.53,0.42,2026-06-03,756,N20,VIIRS,n,2,308.17,11.96,D,0
21.79869,82.63021,350.64,0.46,0.39,2026-06-03,756,N20,VIIRS,n,2,306.59,4.42,D,0
21.79926,82.68882,345.11,0.46,0.39,2026-06-03,756,N20,VIIRS,n,2,305.6,4.3,D,0
21.79928,82.63461,338.73,0.46,0.39,2026-06-03,756,N20,VIIRS,n,2,305.57,5.86,D,0
21.79986,82.69327,343.2,0.46,0.39,2026-06-03,756,N20,VIIRS,n,2,304.17,4.3,D,0
21.80106,82.67494,344.7,0.46,0.39,2026-06-03,756,N20,VIIRS,n,2,304.94,7.63,D,0
21.80228,82.62967,344.1,0.46,0.39,2026-06-03,756,N20,VIIRS,n,2,305.12,5.07,D,0
21.80346,82.69273,343.17,0.46,0.39,2026-06-03,756,N20,VIIRS,n,2,304.69,5.99,D,0
21.80526,82.65172,346.46,0.46,0.39,2026-06-03,756,N20,VIIRS,n,2,307.14,16.76,D,0
21.80587,82.62912,341.57,0.46,0.39,2026-06-03,756,N20,VIIRS,n,2,305.55,5.07,D,0
21.80646,82.63353,348.21,0.46,0.39,2026-06-03,756,N20,VIIRS,n,2,304.88,9.44,D,0
21.80802,82.6303,343.88,0.46,0.39,2026-06-03,756,N20,VIIRS,n,2,303.26,6.79,D,0
21.80825,82.64677,338.68,0.46,0.39,2026-06-03,756,N20,VIIRS,n,2,304.06,7.3,D,0
21.80975,82.64355,348.49,0.46,0.39,2026-06-03,756,N20,VIIRS,n,2,304.29,10.26,D,0
21.81125,82.64182,341.26,0.46,0.39,2026-06-03,756,N20,VIIRS,n,2,304.9,5.42,D,0
21.81185,82.64623,351.12,0.46,0.39,2026-06-03,756,N20,VIIRS,n,2,303.92,5.42,D,0
21.81245,82.65065,343.53,0.46,0.39,2026-06-03,756,N20,VIIRS,n,2,303.02,9.72,D,0
21.81364,82.65949,349.44,0.46,0.39,2026-06-03,756,N20,VIIRS,n,2,307.58,6.24,D,0
21.81392,82.64744,352.98,0.46,0.39,2026-06-03,756,N20,VIIRS,n,2,304.72,10.26,D,0
21.81425,82.66392,338.32,0.46,0.39,2026-06-03,756,N20,VIIRS,n,2,305.19,6.24,D,0
21.81544,82.64569,342.18,0.46,0.39,2026-06-03,756,N20,VIIRS,n,2,302.66,5.42,D,0
21.81565,82.66072,355.85,0.46,0.39,2026-06-03,756,N20,VIIRS,n,2,305.33,12.07,D,0
21.81796,82.67847,339.11,0.46,0.39,2026-06-03,756,N20,VIIRS,n,2,304.84,6.42,D,0
21.81964,82.67667,342.27,0.46,0.39,2026-06-03,756,N20,VIIRS,n,2,303.81,7.02,D,0
21.82085,82.96134,343.25,0.47,0.4,2026-06-03,756,N20,VIIRS,n,2,304.57,6.73,D,0
21.824,82.66849,348.94,0.46,0.39,2026-06-03,756,N20,VIIRS,n,2,305.15,5.09,D,0
21.84616,82.66967,343.43,0.46,0.39,2026-06-03,756,N20,VIIRS,n,2,304.72,8.26,D,0
21.84675,82.67412,346.73,0.46,0.39,2026-06-03,756,N20,VIIRS,n,2,305.33,11.17,D,0
21.85336,82.66859,336.84,0.46,0.39,2026-06-03,756,N20,VIIRS,n,2,300.73,5.97,D,0
21.85747,82.69978,338.77,0.46,0.39,2026-06-03,756,N20,VIIRS,n,2,304.92,7.33,D,0
21.85754,82.6725,339.93,0.46,0.39,2026-06-03,756,N20,VIIRS,n,2,302.62,4.12,D,0
21.85806,82.70424,352.87,0.46,0.39,2026-06-03,756,N20,VIIRS,n,2,305.44,7.33,D,0
21.86107,82.69923,342.45,0.46,0.39,2026-06-03,756,N20,VIIRS,n,2,303.81,8.22,D,0
21.86544,82.62151,334.4,0.46,0.39,2026-06-03,756,N20,VIIRS,n,2,302.49,4,D,0
21.86592,82.68031,345.31,0.46,0.39,2026-06-03,756,N20,VIIRS,n,2,301.21,6.05,D,0
21.86603,82.62594,338.92,0.46,0.39,2026-06-03,756,N20,VIIRS,n,2,301.27,8.85,D,0
21.86662,82.63037,348.08,0.46,0.39,2026-06-03,756,N20,VIIRS,n,2,304.14,8.85,D,0
21.86844,82.61655,339.44,0.46,0.39,2026-06-03,756,N20,VIIRS,n,2,304.56,4,D,0
21.86876,82.40247,335.42,0.45,0.39,2026-06-03,756,N20,VIIRS,n,2,303.35,2.77,D,0
21.86893,82.67532,354.24,0.46,0.39,2026-06-03,756,N20,VIIRS,n,2,304.33,11.53,D,0
21.86903,82.62097,343.14,0.46,0.39,2026-06-03,756,N20,VIIRS,n,2,302.64,4,D,0
21.86962,82.6254,345.62,0.46,0.39,2026-06-03,756,N20,VIIRS,n,2,302.74,8.85,D,0
21.87021,82.62982,339.26,0.46,0.39,2026-06-03,756,N20,VIIRS,n,2,301.35,8.85,D,0
21.87188,82.6976,353.31,0.46,0.39,2026-06-03,756,N20,VIIRS,n,2,303.86,9.11,D,0
21.87203,82.616,344.18,0.46,0.39,2026-06-03,756,N20,VIIRS,n,2,304.18,9,D,0
21.8755,83.49654,334.29,0.5,0.41,2026-06-03,756,N20,VIIRS,l,2,305.45,2.6,D,2
21.87571,82.56158,338.67,0.46,0.39,2026-06-03,756,N20,VIIRS,n,2,298.41,1.92,D,0
21.87626,82.59288,340.34,0.46,0.39,2026-06-03,756,N20,VIIRS,n,2,305.71,4.63,D,0
21.87913,82.66922,337.34,0.46,0.39,2026-06-03,756,N20,VIIRS,n,2,300.58,4.25,D,0
21.87925,82.58794,337,0.46,0.39,2026-06-03,756,N20,VIIRS,n,2,306.81,4.63,D,0
21.87929,82.56104,351.38,0.46,0.39,2026-06-03,756,N20,VIIRS,n,2,306.5,8.69,D,0
21.87941,82.40083,344.1,0.45,0.39,2026-06-03,756,N20,VIIRS,n,2,304.17,5.86,D,0
21.88043,82.59674,349.4,0.46,0.39,2026-06-03,756,N20,VIIRS,n,2,305.53,15.04,D,0
21.88688,82.69988,340.34,0.46,0.39,2026-06-03,756,N20,VIIRS,n,2,303.85,3.92,D,0
21.88811,82.6815,333.85,0.46,0.39,2026-06-03,756,N20,VIIRS,n,2,301.06,3.36,D,0
21.88828,82.43924,338.13,0.45,0.39,2026-06-03,756,N20,VIIRS,n,2,303.3,2.52,D,0
21.8887,82.68595,332.9,0.46,0.39,2026-06-03,756,N20,VIIRS,n,2,296.9,5.52,D,0
21.89111,82.67649,339.14,0.46,0.39,2026-06-03,756,N20,VIIRS,n,2,305.14,3.36,D,0
21.89171,82.68095,335.66,0.46,0.39,2026-06-03,756,N20,VIIRS,n,2,303.43,3.36,D,0
21.8923,82.68541,348.88,0.46,0.39,2026-06-03,756,N20,VIIRS,n,2,303.49,5.52,D,0
21.89461,82.43922,340.23,0.45,0.39,2026-06-03,756,N20,VIIRS,n,2,304.84,5.03,D,0
21.89531,82.6804,336.6,0.46,0.39,2026-06-03,756,N20,VIIRS,n,2,302.78,3.03,D,0
21.8954,82.43815,341.5,0.45,0.39,2026-06-03,756,N20,VIIRS,n,2,304.81,3.7,D,0
21.89645,82.42565,337.46,0.45,0.39,2026-06-03,756,N20,VIIRS,n,2,304.69,3.29,D,0
21.897,82.13285,341.98,0.44,0.38,2026-06-03,756,N20,VIIRS,n,2,307.99,11.81,D,0
21.8971,82.69379,333.46,0.46,0.39,2026-06-03,756,N20,VIIRS,n,2,298.44,0.82,D,0
21.89956,82.5759,339.66,0.46,0.39,2026-06-03,756,N20,VIIRS,n,2,304.98,7.96,D,0
21.90016,82.58029,351.13,0.46,0.39,2026-06-03,756,N20,VIIRS,n,2,308.98,7.96,D,0
21.90613,82.54351,337.46,0.46,0.39,2026-06-03,756,N20,VIIRS,n,2,303.37,4.7,D,0
21.9077,82.42836,336.44,0.45,0.39,2026-06-03,756,N20,VIIRS,n,2,304.41,3.83,D,0
21.91151,82.66431,342.55,0.46,0.39,2026-06-03,756,N20,VIIRS,n,2,304.08,4.34,D,0
21.91184,82.43216,341.71,0.45,0.39,2026-06-03,756,N20,VIIRS,n,2,302.83,4.08,D,0
21.91252,82.40993,336.09,0.45,0.39,2026-06-03,756,N20,VIIRS,n,2,303.57,3.65,D,0
21.91665,82.41371,339.66,0.45,0.39,2026-06-03,756,N20,VIIRS,n,2,304.45,3.75,D,0
21.91871,82.69052,350.68,0.46,0.39,2026-06-03,756,N20,VIIRS,n,2,305.03,8.55,D,0
21.91902,83.34972,333.94,0.5,0.41,2026-06-03,756,N20,VIIRS,n,2,302.47,7.38,D,2
21.91932,82.69498,346.68,0.46,0.39,2026-06-03,756,N20,VIIRS,n,2,303.31,8.55,D,0
21.91932,82.7223,339.14,0.46,0.39,2026-06-03,756,N20,VIIRS,n,2,307.58,4.61,D,0
21.92232,82.68997,337.55,0.46,0.39,2026-06-03,756,N20,VIIRS,n,2,304.84,8.55,D,0
21.92247,82.59599,338.9,0.46,0.39,2026-06-03,756,N20,VIIRS,n,2,305.91,5.15,D,0
21.92275,83.34917,332.2,0.5,0.41,2026-06-03,756,N20,VIIRS,n,2,301.29,5.09,D,2
21.9241,85.22388,330.69,0.42,0.45,2026-06-03,756,N20,VIIRS,l,2,301,2.47,D,2
21.92469,82.02129,340.31,0.43,0.38,2026-06-03,756,N20,VIIRS,n,2,309.7,7.65,D,0
21.92574,85.22344,330.81,0.42,0.45,2026-06-03,756,N20,VIIRS,l,2,301.27,5.14,D,2
21.92703,82.01238,343.1,0.43,0.38,2026-06-03,756,N20,VIIRS,n,2,309.2,7.14,D,0
21.92938,82.00349,340.77,0.43,0.38,2026-06-03,756,N20,VIIRS,n,2,308.93,6.53,D,0
21.93497,82.60759,349.2,0.46,0.39,2026-06-03,756,N20,VIIRS,n,2,305.72,6.11,D,0
21.93617,82.42398,337.31,0.45,0.39,2026-06-03,756,N20,VIIRS,n,2,305.56,4.34,D,0
21.93748,82.37956,341.27,0.45,0.39,2026-06-03,756,N20,VIIRS,n,2,303.91,6.5,D,0
21.94075,82.4856,341.06,0.45,0.39,2026-06-03,756,N20,VIIRS,n,2,303.17,4.09,D,0
21.94166,82.57504,337.17,0.46,0.39,2026-06-03,756,N20,VIIRS,n,2,303.4,2.47,D,0
21.94232,82.9218,336.95,0.47,0.4,2026-06-03,756,N20,VIIRS,n,2,306.87,3.07,D,0
21.94525,82.57451,344.03,0.46,0.39,2026-06-03,756,N20,VIIRS,n,2,305.94,7.05,D,0
21.94537,82.94468,339.95,0.47,0.4,2026-06-03,756,N20,VIIRS,n,2,306.47,6.51,D,0
21.94625,82.0222,339.92,0.43,0.38,2026-06-03,756,N20,VIIRS,n,2,308.32,8.08,D,0
21.94696,82.01889,345.19,0.43,0.38,2026-06-03,756,N20,VIIRS,n,2,308.61,8.71,D,0
21.95085,82.95786,346.34,0.48,0.4,2026-06-03,756,N20,VIIRS,n,2,305.43,5.84,D,0
21.953,82.57783,339.78,0.46,0.39,2026-06-03,756,N20,VIIRS,n,2,305.09,4.84,D,0
21.9545,82.95732,349.15,0.48,0.4,2026-06-03,756,N20,VIIRS,n,2,305.71,12.37,D,0
21.95511,82.96191,341.79,0.48,0.4,2026-06-03,756,N20,VIIRS,n,2,306.3,7.25,D,0
21.95607,82.54589,332.75,0.46,0.39,2026-06-03,756,N20,VIIRS,n,2,301.14,1.25,D,0
21.95834,82.5905,337.94,0.46,0.39,2026-06-03,756,N20,VIIRS,n,2,303.86,2.58,D,0
21.96251,82.59437,340.58,0.46,0.39,2026-06-03,756,N20,VIIRS,n,2,305.49,3.74,D,0
21.96669,82.59824,336.6,0.46,0.39,2026-06-03,756,N20,VIIRS,n,2,305.47,3.74,D,0
21.96744,82.94282,351.26,0.48,0.4,2026-06-03,756,N20,VIIRS,n,2,306.17,7.38,D,0
21.97468,82.46703,331.47,0.45,0.39,2026-06-03,756,N20,VIIRS,l,2,302.21,1.49,D,0
21.97659,82.72855,338.15,0.46,0.39,2026-06-03,756,N20,VIIRS,n,2,304.99,5.79,D,0
21.98264,82.94521,348.29,0.48,0.4,2026-06-03,756,N20,VIIRS,n,2,304.36,8.89,D,0
21.98771,82.02965,337.84,0.43,0.38,2026-06-03,756,N20,VIIRS,n,2,307.66,8.1,D,0
21.98839,82.38064,348.3,0.45,0.39,2026-06-03,756,N20,VIIRS,n,2,301.78,9.37,D,0
21.99291,82.04168,346.93,0.44,0.38,2026-06-03,756,N20,VIIRS,n,2,307.98,17.3,D,0
21.99483,82.56246,338.07,0.46,0.39,2026-06-03,756,N20,VIIRS,n,2,303.05,4.77,D,0
22.00436,82.63331,335,0.46,0.39,2026-06-03,756,N20,VIIRS,n,2,302.47,4.16,D,0
22.00736,82.62832,332.33,0.46,0.39,2026-06-03,756,N20,VIIRS,l,2,302.6,1.31,D,0
22.00835,82.15564,339.16,0.44,0.38,2026-06-03,756,N20,VIIRS,n,2,309.01,6.13,D,0
22.01031,82.7052,337.54,0.46,0.39,2026-06-03,756,N20,VIIRS,n,2,303.13,2.76,D,0
22.01091,82.70968,338.25,0.46,0.39,2026-06-03,756,N20,VIIRS,n,2,303.68,2.76,D,0
22.0145,82.04262,338.11,0.44,0.38,2026-06-03,756,N20,VIIRS,n,2,306.09,5.75,D,0
22.02752,82.57251,336.58,0.46,0.39,2026-06-03,756,N20,VIIRS,n,2,303.41,2.66,D,0
22.02855,82.01473,346.04,0.43,0.38,2026-06-03,756,N20,VIIRS,n,2,303.55,7.77,D,0
22.03685,83.73285,337.43,0.52,0.42,2026-06-03,756,N20,VIIRS,n,2,304.33,4.4,D,2
22.04002,83.72728,341.88,0.52,0.42,2026-06-03,756,N20,VIIRS,n,2,309.8,13.97,D,2
22.04067,83.73233,339.87,0.52,0.42,2026-06-03,756,N20,VIIRS,l,2,310.07,15.27,D,2
22.04346,83.03964,337.23,0.48,0.4,2026-06-03,756,N20,VIIRS,n,2,304.27,5.36,D,0
22.04468,83.04894,341.38,0.48,0.4,2026-06-03,756,N20,VIIRS,n,2,304.19,4.39,D,0
22.05082,83.72064,343.45,0.52,0.42,2026-06-03,756,N20,VIIRS,n,2,308.17,9.99,D,0
22.05326,83.02875,335.15,0.48,0.4,2026-06-03,756,N20,VIIRS,n,2,302.43,5.38,D,0
22.05337,83.71745,341.36,0.52,0.42,2026-06-03,756,N20,VIIRS,n,2,308.49,8.74,D,0
22.05463,83.72013,335.78,0.52,0.42,2026-06-03,756,N20,VIIRS,l,2,306.2,6.55,D,0
22.06581,82.55766,335.44,0.46,0.39,2026-06-03,756,N20,VIIRS,n,2,304.13,2.54,D,0
22.12549,82.08988,339.14,0.44,0.38,2026-06-03,756,N20,VIIRS,n,2,307.68,6.45,D,0
22.14218,82.23962,339.46,0.44,0.39,2026-06-03,756,N20,VIIRS,n,2,308.57,4.9,D,0
22.14514,82.23478,344.18,0.44,0.39,2026-06-03,756,N20,VIIRS,n,2,309.01,3.91,D,0
22.14809,82.22994,336.9,0.44,0.39,2026-06-03,756,N20,VIIRS,l,2,308.46,3.91,D,0
22.15807,82.25032,341.22,0.45,0.39,2026-06-03,756,N20,VIIRS,n,2,306.2,3.94,D,0
22.16103,82.24548,340.37,0.44,0.39,2026-06-03,756,N20,VIIRS,n,2,306.57,4.2,D,0
22.16161,82.24977,342.3,0.45,0.39,2026-06-03,756,N20,VIIRS,n,2,306.03,4.2,D,0
22.16174,82.14492,340.93,0.44,0.38,2026-06-03,756,N20,VIIRS,n,2,307.47,4.34,D,0
22.16463,82.19241,344.81,0.44,0.39,2026-06-03,756,N20,VIIRS,n,2,307.98,6.86,D,0
22.16465,82.16623,344.66,0.44,0.38,2026-06-03,756,N20,VIIRS,n,2,307.03,9.42,D,0
22.16818,82.16568,349.43,0.44,0.38,2026-06-03,756,N20,VIIRS,n,2,308.6,9.42,D,0
22.16877,82.16995,349.51,0.44,0.38,2026-06-03,756,N20,VIIRS,n,2,306.75,9.42,D,0
22.16933,82.20042,339.77,0.44,0.39,2026-06-03,756,N20,VIIRS,l,2,310.06,7.32,D,0
22.16935,82.17422,337.76,0.44,0.39,2026-06-03,756,N20,VIIRS,n,2,305.41,3.04,D,0
22.17047,82.23524,341.97,0.44,0.39,2026-06-03,756,N20,VIIRS,n,2,307.91,5.39,D,0
22.17052,82.18276,346.94,0.44,0.39,2026-06-03,756,N20,VIIRS,n,2,307.15,11.32,D,0
22.17105,82.23953,339.48,0.44,0.39,2026-06-03,756,N20,VIIRS,n,2,306.9,5.39,D,0
22.17416,82.98404,339.37,0.48,0.4,2026-06-03,756,N20,VIIRS,n,2,301.16,14.83,D,0
22.17459,82.23899,335.61,0.44,0.39,2026-06-03,756,N20,VIIRS,l,2,307,4.75,D,0
22.17813,82.23844,343,0.44,0.39,2026-06-03,756,N20,VIIRS,n,2,307.72,4.75,D,0
22.17816,82.18596,340.96,0.44,0.39,2026-06-03,756,N20,VIIRS,n,2,308.05,3.75,D,0
22.18167,82.2379,339.68,0.44,0.39,2026-06-03,756,N20,VIIRS,n,2,306.85,4.43,D,0
22.18228,82.18969,338.13,0.44,0.39,2026-06-03,756,N20,VIIRS,l,2,308.65,3.97,D,0
22.18258,82.1909,341.81,0.44,0.39,2026-06-03,756,N20,VIIRS,n,2,307.61,2.71,D,0
22.18667,82.19463,335.61,0.44,0.39,2026-06-03,756,N20,VIIRS,l,2,306.81,2.71,D,0
22.18698,82.22395,339,0.44,0.39,2026-06-03,756,N20,VIIRS,n,2,306.66,4.83,D,0
22.18699,82.1977,334.3,0.44,0.39,2026-06-03,756,N20,VIIRS,l,2,305.43,1.44,D,0
22.18711,82.2252,339.44,0.44,0.39,2026-06-03,756,N20,VIIRS,n,2,307.22,5.46,D,0
22.18964,82.1898,344.02,0.44,0.39,2026-06-03,756,N20,VIIRS,n,2,308.39,6.75,D,0
22.19287,82.24055,336.17,0.44,0.39,2026-06-03,756,N20,VIIRS,n,2,306.15,5.01,D,0
22.19488,82.20213,339.91,0.44,0.39,2026-06-03,756,N20,VIIRS,n,2,308.28,4.69,D,0
22.19658,82.21499,347.19,0.44,0.39,2026-06-03,756,N20,VIIRS,n,2,307.01,7.47,D,0
22.19841,82.20158,350.12,0.44,0.39,2026-06-03,756,N20,VIIRS,n,2,308.13,6.3,D,0
22.19894,82.9481,332.67,0.48,0.4,2026-06-03,756,N20,VIIRS,n,2,302.11,2.71,D,0
22.20194,82.20102,346.5,0.44,0.39,2026-06-03,756,N20,VIIRS,n,2,307.75,6.3,D,0
22.20651,84.55244,330.06,0.39,0.44,2026-06-03,756,N20,VIIRS,l,2,303.41,1.37,D,2
22.21853,84.75634,331.49,0.4,0.44,2026-06-03,756,N20,VIIRS,l,2,305.84,6.43,D,2
22.2408,82.195,348.4,0.44,0.39,2026-06-03,756,N20,VIIRS,n,2,308.94,12.8,D,0
22.24138,82.1993,339.41,0.44,0.39,2026-06-03,756,N20,VIIRS,n,2,306.58,4.05,D,0
22.24492,82.19875,336.41,0.44,0.39,2026-06-03,756,N20,VIIRS,l,2,306.54,4.05,D,0
22.25019,82.21107,348.55,0.44,0.39,2026-06-03,756,N20,VIIRS,n,2,308.62,8.09,D,0
22.3318,82.57362,342.05,0.46,0.39,2026-06-03,756,N20,VIIRS,n,2,304.75,3.94,D,2
22.37615,87.2813,335.13,0.57,0.52,2026-06-03,756,N20,VIIRS,n,2,296.53,8.64,D,2
22.37632,87.283,332.56,0.57,0.52,2026-06-03,756,N20,VIIRS,n,2,296.22,7.1,D,2
22.40883,83.18265,333.44,0.49,0.41,2026-06-03,756,N20,VIIRS,l,2,304,1.4,D,0
22.78688,86.20805,338.63,0.5,0.49,2026-06-03,756,N20,VIIRS,n,2,299.68,8.36,D,2
22.35591,82.3014,341.41,0.45,0.39,2026-06-03,757,N20,VIIRS,l,2,311.97,6.8,D,2
22.74385,85.39722,339.34,0.44,0.46,2026-06-03,757,N20,VIIRS,n,2,297.01,4.32,D,0
22.78419,86.20514,338.82,0.5,0.49,2026-06-03,757,N20,VIIRS,n,2,300.34,10.59,D,2
22.79821,86.2085,342.08,0.5,0.49,2026-06-03,757,N20,VIIRS,n,2,296.01,16.18,D,2
23.06371,83.04939,332.8,0.49,0.41,2026-06-03,757,N20,VIIRS,l,2,304.73,3.25,D,0
23.62374,85.67465,332.14,0.47,0.48,2026-06-03,757,N20,VIIRS,n,2,298.6,2.14,D,0
23.64619,85.44097,333.41,0.46,0.47,2026-06-03,757,N20,VIIRS,n,2,302.95,8.76,D,2
23.68245,86.39558,334.64,0.52,0.5,2026-06-03,757,N20,VIIRS,n,2,297.69,11.11,D,2
23.69681,85.28741,332.39,0.45,0.47,2026-06-03,757,N20,VIIRS,l,2,304.29,3.99,D,2
23.71142,86.44949,334.55,0.53,0.5,2026-06-03,757,N20,VIIRS,n,2,299.63,8.51,D,2
23.73804,86.43571,340.37,0.53,0.5,2026-06-03,757,N20,VIIRS,n,2,299.3,7.81,D,2
23.75765,86.40496,331.01,0.53,0.5,2026-06-03,757,N20,VIIRS,n,2,297.27,5.43,D,2
23.75776,86.40182,334.3,0.52,0.5,2026-06-03,757,N20,VIIRS,n,2,298.21,6.89,D,2
23.76226,86.40436,337.27,0.53,0.5,2026-06-03,757,N20,VIIRS,n,2,297.98,5.43,D,2
23.76291,86.40631,332.84,0.53,0.5,2026-06-03,757,N20,VIIRS,n,2,297.78,4.69,D,2
23.7794,86.21098,347.36,0.51,0.49,2026-06-03,757,N20,VIIRS,n,2,299.67,10.35,D,2
23.78223,85.57681,332.76,0.47,0.47,2026-06-03,757,N20,VIIRS,l,2,302.82,7.36,D,0
23.78833,85.55265,331.24,0.47,0.47,2026-06-03,757,N20,VIIRS,l,2,301.6,6.96,D,2
23.80136,86.33178,333.89,0.52,0.5,2026-06-03,757,N20,VIIRS,n,2,297.86,4.86,D,2
23.82989,84.57432,339.28,0.41,0.45,2026-06-03,757,N20,VIIRS,n,2,308.12,6.72,D,0
23.8954,84.50048,332.63,0.4,0.45,2026-06-03,757,N20,VIIRS,l,2,303.44,2.09,D,0
24.94654,82.16933,338.19,0.47,0.4,2026-06-03,757,N20,VIIRS,n,2,306.85,5.64,D,0
24.94723,82.06098,342.23,0.46,0.39,2026-06-03,757,N20,VIIRS,n,2,308.26,4.84,D,0
25.19201,82.48915,335.55,0.49,0.4,2026-06-03,757,N20,VIIRS,n,2,303.93,2.18,D,0
25.24977,86.31787,334.01,0.54,0.51,2026-06-03,757,N20,VIIRS,n,2,297.59,3.78,D,0
26.1035,83.65678,338.33,0.38,0.44,2026-06-03,757,N20,VIIRS,n,2,299.79,3.7,D,0
26.61849,84.44685,335.01,0.43,0.46,2026-06-03,758,N20,VIIRS,n,2,299.71,3.47,D,0
26.65358,84.41578,330.15,0.43,0.46,2026-06-03,758,N20,VIIRS,n,2,298.38,1.76,D,0
26.65379,84.41643,330.75,0.43,0.46,2026-06-03,758,N20,VIIRS,n,2,298.53,0.91,D,0
26.93453,87.46728,345.79,0.33,0.56,2026-06-03,758,N20,VIIRS,n,2,295.81,4.78,D,0
23.56084,87.08324,305.12,0.51,0.5,2026-06-03,2024,N20,VIIRS,n,2,286.04,1.26,N,2
23.64684,85.44061,318.08,0.41,0.45,2026-06-03,2024,N20,VIIRS,n,2,294.07,2.92,N,2
23.64763,85.43665,319.16,0.41,0.45,2026-06-03,2024,N20,VIIRS,n,2,294.24,2.92,N,2
23.66288,85.55197,307.91,0.41,0.45,2026-06-03,2024,N20,VIIRS,n,2,292.34,3.61,N,2
23.66438,87.15811,306.25,0.52,0.5,2026-06-03,2024,N20,VIIRS,n,2,280.43,1.34,N,2
23.66541,87.15318,307.53,0.52,0.5,2026-06-03,2024,N20,VIIRS,n,2,279.67,1.34,N,2
23.6742,86.39812,309.64,0.47,0.47,2026-06-03,2024,N20,VIIRS,n,2,287.14,3.86,N,2
23.67529,86.40099,309.46,0.47,0.47,2026-06-03,2024,N20,VIIRS,n,2,286.34,2.79,N,2
23.67621,86.39651,308.35,0.46,0.47,2026-06-03,2024,N20,VIIRS,n,2,287.38,2.79,N,2
23.67713,86.39207,304.48,0.46,0.47,2026-06-03,2024,N20,VIIRS,n,2,285.48,3.39,N,2
23.6785,86.39907,318.85,0.47,0.47,2026-06-03,2024,N20,VIIRS,n,2,288.03,5.45,N,2
23.67939,86.39461,307.69,0.47,0.47,2026-06-03,2024,N20,VIIRS,n,2,286.28,2.75,N,2
23.68051,86.39745,314.26,0.46,0.47,2026-06-03,2024,N20,VIIRS,n,2,287.73,5.49,N,2
23.68142,86.39302,306.29,0.46,0.47,2026-06-03,2024,N20,VIIRS,n,2,286.84,3.56,N,2
23.68369,86.39557,321.34,0.47,0.47,2026-06-03,2024,N20,VIIRS,n,2,287.71,2.75,N,2
23.68456,86.39119,308.73,0.46,0.47,2026-06-03,2024,N20,VIIRS,n,2,285.84,2.75,N,2
23.68572,86.394,319.4,0.46,0.47,2026-06-03,2024,N20,VIIRS,n,2,288.21,3.56,N,2
23.69024,87.10194,301.98,0.51,0.5,2026-06-03,2024,N20,VIIRS,n,2,280.04,2.49,N,2
23.69059,87.12283,303.7,0.51,0.5,2026-06-03,2024,N20,VIIRS,n,2,280.41,2.03,N,2
23.69265,87.11292,300.66,0.51,0.5,2026-06-03,2024,N20,VIIRS,n,2,279.32,1.85,N,2
23.69471,85.36965,323.29,0.4,0.45,2026-06-03,2024,N20,VIIRS,n,2,294.35,2.84,N,0
23.69507,87.12389,307,0.51,0.5,2026-06-03,2024,N20,VIIRS,n,2,281.35,2.22,N,2
23.69718,85.29337,307.98,0.4,0.44,2026-06-03,2024,N20,VIIRS,n,2,294.44,1.26,N,2
23.69794,85.2895,319.19,0.4,0.44,2026-06-03,2024,N20,VIIRS,n,2,294.79,2.77,N,2
23.71075,85.28829,306.89,0.4,0.44,2026-06-03,2024,N20,VIIRS,n,2,293.38,1.62,N,0
23.71087,86.44679,310.8,0.47,0.48,2026-06-03,2024,N20,VIIRS,n,2,287.65,3.29,N,2
23.71426,86.45227,318.63,0.47,0.48,2026-06-03,2024,N20,VIIRS,n,2,287.08,4.25,N,2
23.72369,85.52384,306.33,0.41,0.45,2026-06-03,2024,N20,VIIRS,n,2,293.61,2.85,N,2
23.73598,86.43392,323.08,0.47,0.47,2026-06-03,2024,N20,VIIRS,n,2,285.89,3.25,N,2
23.73725,85.00578,307.03,0.38,0.44,2026-06-03,2024,N20,VIIRS,n,2,293.63,1.2,N,2
23.73825,85.02166,308.6,0.39,0.44,2026-06-03,2024,N20,VIIRS,n,2,294.15,1.38,N,0
23.74028,86.43491,308.83,0.47,0.47,2026-06-03,2024,N20,VIIRS,n,2,287.59,3.25,N,2
23.74045,85.01043,307.63,0.38,0.44,2026-06-03,2024,N20,VIIRS,n,2,295.16,2.14,N,2
23.74119,85.00669,311.36,0.38,0.44,2026-06-03,2024,N20,VIIRS,n,2,294.65,1.27,N,2
23.74347,85.50629,306.65,0.41,0.45,2026-06-03,2024,N20,VIIRS,n,2,292.99,1.1,N,2
23.76035,86.40215,321.7,0.46,0.47,2026-06-03,2024,N20,VIIRS,n,2,287.99,4.7,N,2
23.76463,86.40315,324.04,0.46,0.47,2026-06-03,2024,N20,VIIRS,n,2,288.53,4.7,N,2
23.76891,86.40417,310.85,0.46,0.47,2026-06-03,2024,N20,VIIRS,n,2,288.08,4.87,N,2
23.77265,86.36314,315.22,0.46,0.47,2026-06-03,2024,N20,VIIRS,n,2,289.78,3.21,N,2
23.78112,85.57338,313.57,0.41,0.45,2026-06-03,2024,N20,VIIRS,n,2,294.94,2.43,N,0
23.78519,85.57428,315.65,0.41,0.45,2026-06-03,2024,N20,VIIRS,n,2,295.29,2.43,N,0
23.78914,85.55425,313.11,0.41,0.45,2026-06-03,2024,N20,VIIRS,n,2,295.24,2.7,N,0
23.79501,86.35315,314.81,0.46,0.47,2026-06-03,2024,N20,VIIRS,n,2,285.82,4.89,N,2
23.79665,86.35487,315.96,0.46,0.47,2026-06-03,2024,N20,VIIRS,n,2,283.47,4.73,N,2
23.80383,86.33203,315.38,0.46,0.47,2026-06-03,2024,N20,VIIRS,n,2,289.56,4.66,N,2
23.80449,85.54104,306.49,0.41,0.45,2026-06-03,2024,N20,VIIRS,n,2,293.47,1.47,N,2
23.80473,86.32765,313.19,0.46,0.47,2026-06-03,2024,N20,VIIRS,n,2,291.29,3.59,N,2
23.80618,86.32932,316.69,0.46,0.47,2026-06-03,2024,N20,VIIRS,n,2,291.18,5.67,N,2
23.80877,84.84866,308.24,0.56,0.43,2026-06-03,2024,N20,VIIRS,n,2,294.41,2.52,N,2
23.82188,85.4955,309.15,0.41,0.45,2026-06-03,2024,N20,VIIRS,n,2,295.29,2.63,N,2
23.82516,85.50037,310.51,0.41,0.45,2026-06-03,2024,N20,VIIRS,n,2,295.78,2.36,N,2
23.82539,84.57429,309.59,0.54,0.42,2026-06-03,2024,N20,VIIRS,n,2,295.16,2.17,N,0
23.82924,84.57513,312.29,0.54,0.42,2026-06-03,2024,N20,VIIRS,n,2,295.21,2.17,N,0
23.92762,85.34253,304.44,0.4,0.44,2026-06-03,2024,N20,VIIRS,n,2,292.21,0.99,N,2
24.44875,83.03988,309.63,0.45,0.39,2026-06-03,2024,N20,VIIRS,n,2,295.15,3.94,N,2
25.03102,87.37585,311.47,0.5,0.49,2026-06-03,2024,N20,VIIRS,n,2,294.42,3.2,N,2
26.76059,83.19949,310.8,0.43,0.38,2026-06-03,2024,N20,VIIRS,n,2,295.25,2.59,N,2
20.80467,85.25639,299.3,0.45,0.47,2026-06-03,2025,N20,VIIRS,n,2,272.63,0.91,N,2
20.80888,85.25735,301.66,0.45,0.47,2026-06-03,2025,N20,VIIRS,n,2,273.58,0.91,N,2
20.92327,82.15839,306.26,0.46,0.39,2026-06-03,2025,N20,VIIRS,n,2,285.08,0.57,N,0
20.96195,85.18892,333.73,0.44,0.46,2026-06-03,2025,N20,VIIRS,n,2,288.23,3.21,N,2
20.96232,85.18808,339.77,0.44,0.46,2026-06-03,2025,N20,VIIRS,n,2,289.51,7.33,N,2
20.96275,85.18472,313.8,0.44,0.46,2026-06-03,2025,N20,VIIRS,n,2,288.13,5.75,N,2
20.96316,85.18387,315.07,0.44,0.46,2026-06-03,2025,N20,VIIRS,n,2,288.86,5.91,N,2
20.96515,85.17223,324.64,0.44,0.46,2026-06-03,2025,N20,VIIRS,n,2,287.73,4.67,N,2
20.96564,85.17145,323.44,0.44,0.46,2026-06-03,2025,N20,VIIRS,n,2,288.02,8.41,N,2
20.96594,85.1681,325.58,0.44,0.46,2026-06-03,2025,N20,VIIRS,n,2,287.08,3.23,N,2
20.96614,85.18987,309.38,0.44,0.46,2026-06-03,2025,N20,VIIRS,n,2,288.87,3.21,N,2
20.96646,85.16731,326.27,0.44,0.46,2026-06-03,2025,N20,VIIRS,n,2,287.32,8.18,N,2
20.96652,85.18896,308.97,0.44,0.46,2026-06-03,2025,N20,VIIRS,n,2,288.64,2.42,N,2
20.96854,85.17732,327.85,0.44,0.46,2026-06-03,2025,N20,VIIRS,n,2,289.13,4.67,N,2
20.969,85.17651,331.32,0.44,0.46,2026-06-03,2025,N20,VIIRS,n,2,289.65,3.96,N,2
20.96921,86.01592,308.83,0.5,0.49,2026-06-03,2025,N20,VIIRS,n,2,267.52,1.5,N,2
20.96932,85.17319,337.95,0.44,0.46,2026-06-03,2025,N20,VIIRS,n,2,289.79,4.67,N,2
20.96982,85.17239,335.2,0.44,0.46,2026-06-03,2025,N20,VIIRS,n,2,289.12,3.96,N,2
20.97012,85.16905,312.42,0.44,0.46,2026-06-03,2025,N20,VIIRS,n,2,287.85,3.23,N,2
20.97014,86.01126,301.83,0.49,0.49,2026-06-03,2025,N20,VIIRS,n,2,271.83,2.06,N,2
20.97063,85.16829,311.97,0.44,0.46,2026-06-03,2025,N20,VIIRS,n,2,287.49,5.29,N,2
20.97318,85.17747,320.28,0.44,0.46,2026-06-03,2025,N20,VIIRS,n,2,289.33,3.96,N,2
20.974,85.17334,317.79,0.44,0.46,2026-06-03,2025,N20,VIIRS,n,2,288.88,3.96,N,2
20.97899,85.17018,315.39,0.44,0.46,2026-06-03,2025,N20,VIIRS,n,2,287.29,4.45,N,2
20.99754,86.01254,304.7,0.49,0.49,2026-06-03,2025,N20,VIIRS,n,2,282.15,2.39,N,2
20.99916,86.02762,306.71,0.5,0.49,2026-06-03,2025,N20,VIIRS,n,2,287.02,1.84,N,2
21.09991,82.02368,316.89,0.45,0.39,2026-06-03,2025,N20,VIIRS,n,2,292.64,1.21,N,0
21.63014,82.11374,309.11,0.45,0.39,2026-06-03,2025,N20,VIIRS,n,2,292.52,1.01,N,2
21.67232,82.08115,314.67,0.44,0.39,2026-06-03,2025,N20,VIIRS,n,2,292.79,6.95,N,2
21.67713,84.03743,304.11,0.55,0.43,2026-06-03,2025,N20,VIIRS,n,2,278.19,0.95,N,2
21.68002,84.04348,301.61,0.55,0.43,2026-06-03,2025,N20,VIIRS,n,2,277.96,1.29,N,2
21.681,84.03827,304.91,0.55,0.43,2026-06-03,2025,N20,VIIRS,n,2,278.4,0.95,N,2
21.7407,83.84657,310.44,0.54,0.42,2026-06-03,2025,N20,VIIRS,n,2,283.52,3.53,N,2
21.74165,83.84143,328.08,0.54,0.42,2026-06-03,2025,N20,VIIRS,n,2,286.24,3.53,N,2
21.74546,83.84229,328.27,0.54,0.42,2026-06-03,2025,N20,VIIRS,n,2,286.3,5.3,N,2
21.74653,83.97277,306,0.54,0.42,2026-06-03,2025,N20,VIIRS,n,2,283.23,1.47,N,0
21.74856,83.97678,322.09,0.55,0.42,2026-06-03,2025,N20,VIIRS,n,2,283.47,3.99,N,0
21.74928,83.84313,334.55,0.54,0.42,2026-06-03,2025,N20,VIIRS,n,2,286.2,5.3,N,2
21.75038,83.97356,317.71,0.54,0.42,2026-06-03,2025,N20,VIIRS,n,2,283.41,2.59,N,0
21.75302,84.02287,310.55,0.55,0.43,2026-06-03,2025,N20,VIIRS,n,2,283.08,1.72,N,2
21.75309,83.84399,315.19,0.54,0.42,2026-06-03,2025,N20,VIIRS,n,2,285.49,2.09,N,2
21.75688,84.02367,310.87,0.55,0.43,2026-06-03,2025,N20,VIIRS,n,2,284.43,1.81,N,2
21.7569,83.84481,310.47,0.54,0.42,2026-06-03,2025,N20,VIIRS,n,2,285.96,2.09,N,2
21.76074,84.02451,304.87,0.55,0.43,2026-06-03,2025,N20,VIIRS,n,2,283.4,1.81,N,2
21.76172,84.0193,329.04,0.55,0.43,2026-06-03,2025,N20,VIIRS,n,2,284.11,4.08,N,2
21.76558,84.02013,309.59,0.55,0.43,2026-06-03,2025,N20,VIIRS,n,2,283.98,1.66,N,2
21.76943,84.02096,305.85,0.55,0.43,2026-06-03,2025,N20,VIIRS,n,2,284.28,1.66,N,2
21.77767,83.82989,310.02,0.53,0.42,2026-06-03,2025,N20,VIIRS,n,2,286,5.05,N,2
21.78051,83.83585,308.03,0.53,0.42,2026-06-03,2025,N20,VIIRS,n,2,286.44,5.7,N,2
21.78148,83.83072,335.45,0.53,0.42,2026-06-03,2025,N20,VIIRS,n,2,287.54,5.05,N,2
21.79858,83.8875,324.81,0.54,0.42,2026-06-03,2025,N20,VIIRS,n,2,286.52,3.43,N,0
21.79954,83.88239,313.16,0.54,0.42,2026-06-03,2025,N20,VIIRS,n,2,286.53,3.43,N,0
21.80719,83.884,306.59,0.54,0.42,2026-06-03,2025,N20,VIIRS,n,2,286.76,1.97,N,0
21.8206,83.89738,308.77,0.54,0.42,2026-06-03,2025,N20,VIIRS,n,2,288.24,2.12,N,0
21.82149,83.99973,306.13,0.55,0.42,2026-06-03,2025,N20,VIIRS,n,2,288.25,2.95,N,2
21.82442,83.89825,308.27,0.54,0.42,2026-06-03,2025,N20,VIIRS,n,2,287.79,2.12,N,0
21.98355,83.23409,308.89,0.49,0.41,2026-06-03,2025,N20,VIIRS,n,2,287.7,4.66,N,2
21.98531,83.23253,310.96,0.49,0.41,2026-06-03,2025,N20,VIIRS,n,2,288,3.42,N,2
22.00379,82.67108,319.62,0.47,0.39,2026-06-03,2025,N20,VIIRS,n,2,294.44,2.81,N,2
22.03819,83.35381,308.41,0.5,0.41,2026-06-03,2025,N20,VIIRS,n,2,286.86,3.68,N,2
22.03868,83.7317,319.33,0.52,0.42,2026-06-03,2025,N20,VIIRS,n,2,288.92,2.66,N,2
22.03962,83.72672,330.35,0.52,0.42,2026-06-03,2025,N20,VIIRS,n,2,288.23,2.66,N,2
22.04152,83.73753,310.26,0.52,0.42,2026-06-03,2025,N20,VIIRS,n,2,289.6,5.3,N,2
22.04245,83.73254,308.36,0.52,0.42,2026-06-03,2025,N20,VIIRS,n,2,288.97,2.66,N,2
22.04339,83.72754,308.93,0.52,0.42,2026-06-03,2025,N20,VIIRS,n,2,287.67,2.66,N,2
22.05093,83.72918,312.22,0.52,0.42,2026-06-03,2025,N20,VIIRS,n,2,287.47,3.27,N,0
22.05186,83.72418,310.26,0.52,0.42,2026-06-03,2025,N20,VIIRS,n,2,287.47,2.79,N,0
22.0528,83.71919,324.72,0.52,0.42,2026-06-03,2025,N20,VIIRS,n,2,288.16,2.79,N,0
22.05382,88.12637,325.33,0.32,0.55,2026-06-03,2025,N20,VIIRS,n,2,292.52,2.25,N,2
22.05448,88.12333,317.19,0.32,0.55,2026-06-03,2025,N20,VIIRS,n,2,291.43,2.25,N,2
22.0669,83.70664,306.57,0.52,0.42,2026-06-03,2025,N20,VIIRS,n,2,287.96,2.45,N,2
22.09482,83.12595,307.13,0.49,0.4,2026-06-03,2025,N20,VIIRS,n,2,290.06,1.01,N,0
22.10663,83.12363,307.2,0.49,0.4,2026-06-03,2025,N20,VIIRS,n,2,290.18,2.57,N,2
22.20732,84.55141,308.65,0.38,0.44,2026-06-03,2025,N20,VIIRS,n,2,285.05,0.92,N,2
22.2178,84.75537,304.08,0.39,0.44,2026-06-03,2025,N20,VIIRS,n,2,281.93,0.81,N,2
22.31407,82.52986,311.61,0.45,0.39,2026-06-03,2025,N20,VIIRS,n,2,295.91,5.69,N,2
22.31638,82.51678,309.74,0.45,0.39,2026-06-03,2025,N20,VIIRS,n,2,296.21,4.48,N,2
22.31685,82.53494,317.19,0.46,0.39,2026-06-03,2025,N20,VIIRS,n,2,296.02,6.3,N,2
22.31856,82.56695,311.77,0.46,0.39,2026-06-03,2025,N20,VIIRS,n,2,295.6,5.31,N,0
22.31963,82.54003,309.21,0.46,0.39,2026-06-03,2025,N20,VIIRS,n,2,295.4,4.2,N,0
22.33118,82.57276,324.15,0.46,0.39,2026-06-03,2025,N20,VIIRS,n,2,295.31,2.35,N,2
22.33276,82.60478,313.18,0.46,0.39,2026-06-03,2025,N20,VIIRS,n,2,294.58,3.7,N,2
22.33473,82.57349,320.71,0.46,0.39,2026-06-03,2025,N20,VIIRS,n,2,294.7,2.35,N,2
22.34103,82.4979,308.52,0.45,0.39,2026-06-03,2025,N20,VIIRS,n,2,294.27,0.87,N,0
22.34146,82.4994,310.42,0.45,0.39,2026-06-03,2025,N20,VIIRS,n,2,294.33,3.38,N,0
22.35774,82.30222,335.63,0.44,0.39,2026-06-03,2025,N20,VIIRS,n,2,297.28,8.61,N,2
22.35983,87.2921,304.97,0.56,0.51,2026-06-03,2025,N20,VIIRS,n,2,284.8,1.44,N,2
22.36373,87.01855,307.81,0.54,0.51,2026-06-03,2025,N20,VIIRS,n,2,290.97,1.64,N,2
22.36801,87.29969,307.49,0.56,0.52,2026-06-03,2025,N20,VIIRS,n,2,285.13,3.46,N,2
22.3683,87.01961,305.63,0.54,0.51,2026-06-03,2025,N20,VIIRS,n,2,290.17,1.64,N,2
22.37707,87.2795,321.8,0.56,0.51,2026-06-03,2025,N20,VIIRS,n,2,286.12,4.14,N,2
22.57202,85.89877,311.24,0.45,0.47,2026-06-03,2025,N20,VIIRS,n,2,293.82,1.28,N,2
22.57376,85.89019,308.11,0.45,0.47,2026-06-03,2025,N20,VIIRS,n,2,294.22,2.67,N,2
22.57379,85.897,314.5,0.45,0.47,2026-06-03,2025,N20,VIIRS,n,2,294.51,1.93,N,2
22.57463,85.8927,310.79,0.45,0.47,2026-06-03,2025,N20,VIIRS,n,2,294.32,1.93,N,2
22.59321,85.90383,306.43,0.45,0.47,2026-06-03,2025,N20,VIIRS,n,2,293.76,1.07,N,2
22.60932,85.9121,305.75,0.45,0.47,2026-06-03,2025,N20,VIIRS,n,2,293.41,0.67,N,0
22.78742,86.20462,325.51,0.47,0.48,2026-06-03,2025,N20,VIIRS,n,2,294.33,3.33,N,2
22.78832,86.20016,317.77,0.47,0.48,2026-06-03,2025,N20,VIIRS,n,2,294.29,5.43,N,2
22.79082,86.21017,308.74,0.47,0.48,2026-06-03,2025,N20,VIIRS,n,2,292.34,3.33,N,2
22.80127,86.0913,311.53,0.46,0.47,2026-06-03,2025,N20,VIIRS,n,2,287.08,1.91,N,2
23.64722,85.44163,309.1,0.41,0.45,2026-06-03,2025,N20,VIIRS,n,2,293.15,2.82,N,2
23.64799,85.43766,322.4,0.41,0.45,2026-06-03,2025,N20,VIIRS,n,2,294.15,2.82,N,2
23.72155,85.01055,311.79,0.39,0.44,2026-06-03,2025,N20,VIIRS,n,2,294.2,1.73,N,2
23.8245,84.57235,308.25,0.55,0.42,2026-06-03,2025,N20,VIIRS,n,2,294.91,1.95,N,0
20.20923,86.49275,335.13,0.41,0.37,2026-06-04,737,N20,VIIRS,n,2,300.87,2.49,D,0
20.30888,86.10867,335.95,0.4,0.37,2026-06-04,737,N20,VIIRS,n,2,302.3,2.26,D,0
20.88754,84.98207,339.43,0.39,0.36,2026-06-04,737,N20,VIIRS,n,2,305.64,6.43,D,2
20.91822,82.17086,353.56,0.42,0.37,2026-06-04,737,N20,VIIRS,n,2,307.56,8.98,D,0
20.92175,82.14973,336.47,0.42,0.37,2026-06-04,737,N20,VIIRS,l,2,302.08,2.34,D,0
20.95028,86.04475,330.89,0.4,0.37,2026-06-04,737,N20,VIIRS,l,2,302.74,3.5,D,2
20.95082,86.04864,344.18,0.4,0.37,2026-06-04,737,N20,VIIRS,n,2,303.54,3.5,D,2
20.96182,85.18609,340.37,0.39,0.36,2026-06-04,737,N20,VIIRS,n,2,302.47,13.49,D,2
20.96222,86.00722,340.13,0.4,0.37,2026-06-04,737,N20,VIIRS,n,2,304.29,5.39,D,2
20.96237,85.18983,351.5,0.39,0.36,2026-06-04,737,N20,VIIRS,n,2,306.88,11.93,D,2
20.96277,86.01109,337.45,0.4,0.37,2026-06-04,737,N20,VIIRS,n,2,304.13,5.28,D,2
20.96349,85.17439,340.22,0.39,0.36,2026-06-04,737,N20,VIIRS,n,2,306.64,12.28,D,2
20.96626,85.17013,339.61,0.39,0.36,2026-06-04,737,N20,VIIRS,n,2,304.53,8.12,D,2
20.96671,86.01442,343.8,0.4,0.37,2026-06-04,737,N20,VIIRS,n,2,304.99,11.83,D,2
20.96681,85.17384,348.08,0.39,0.36,2026-06-04,737,N20,VIIRS,n,2,306.83,5.6,D,2
20.96736,85.17755,341.76,0.39,0.36,2026-06-04,737,N20,VIIRS,n,2,306.69,5.6,D,2
20.96781,86.02216,333.81,0.4,0.37,2026-06-04,737,N20,VIIRS,l,2,304.13,5.67,D,2
20.97012,85.17329,337.39,0.39,0.36,2026-06-04,737,N20,VIIRS,n,2,305.59,5.6,D,2
20.97067,85.17701,350.77,0.39,0.36,2026-06-04,737,N20,VIIRS,n,2,307.87,5.6,D,2
20.97181,86.00172,332.22,0.4,0.37,2026-06-04,737,N20,VIIRS,l,2,304.35,5.03,D,2
20.99038,82.22318,338.25,0.41,0.37,2026-06-04,737,N20,VIIRS,l,2,303.15,4.81,D,0
20.99988,86.02885,336.21,0.4,0.37,2026-06-04,737,N20,VIIRS,n,2,303.87,2.79,D,0
21.07183,84.31322,333.49,0.38,0.36,2026-06-04,737,N20,VIIRS,n,2,302.03,1.7,D,0
21.12815,82.05854,339.27,0.42,0.38,2026-06-04,737,N20,VIIRS,l,2,308.14,6.71,D,0
21.17649,82.074,342.26,0.42,0.37,2026-06-04,737,N20,VIIRS,l,2,307.06,4.13,D,0
21.17739,82.03765,338.38,0.42,0.38,2026-06-04,737,N20,VIIRS,l,2,306.6,6.5,D,0
21.1799,82.07335,336.53,0.42,0.37,2026-06-04,737,N20,VIIRS,l,2,306.23,4.13,D,0
21.18104,82.42169,344.66,0.41,0.37,2026-06-04,737,N20,VIIRS,l,2,304.71,14.98,D,0
21.21099,82.00658,350.82,0.42,0.38,2026-06-04,737,N20,VIIRS,l,2,308.12,14.65,D,0
21.22854,82.39279,331.24,0.41,0.37,2026-06-04,737,N20,VIIRS,n,2,300.98,3.01,D,0
21.24624,82.80133,349.34,0.4,0.37,2026-06-04,737,N20,VIIRS,l,2,302.37,3.14,D,0
21.24685,82.80513,332.93,0.4,0.37,2026-06-04,737,N20,VIIRS,l,2,302.68,3.25,D,0
21.25033,82.3492,337.39,0.41,0.37,2026-06-04,737,N20,VIIRS,n,2,300.99,3.74,D,0
21.2701,83.91972,338.76,0.38,0.36,2026-06-04,737,N20,VIIRS,n,2,304.78,4.7,D,0
21.27339,83.91914,346.61,0.38,0.36,2026-06-04,737,N20,VIIRS,n,2,304.34,5.92,D,0
21.28486,82.84895,336.92,0.4,0.37,2026-06-04,737,N20,VIIRS,l,2,300.93,5.77,D,0
21.29791,82.86607,334.04,0.4,0.37,2026-06-04,737,N20,VIIRS,l,2,301.97,2.28,D,0
21.32353,82.11277,341.51,0.42,0.37,2026-06-04,737,N20,VIIRS,l,2,308.94,9.67,D,0
21.33103,82.86429,335.82,0.4,0.37,2026-06-04,737,N20,VIIRS,l,2,302.98,3.38,D,0
21.34165,82.86624,338.74,0.4,0.37,2026-06-04,737,N20,VIIRS,n,2,303.69,3.94,D,0
21.41338,83.03564,341.91,0.39,0.36,2026-06-04,737,N20,VIIRS,l,2,307.35,7.72,D,0
21.41398,83.0394,349.61,0.39,0.36,2026-06-04,737,N20,VIIRS,l,2,307.79,21.34,D,0
21.42965,82.6737,330.48,0.4,0.37,2026-06-04,737,N20,VIIRS,l,2,301.83,8.16,D,0
21.43027,82.67751,335.21,0.4,0.37,2026-06-04,737,N20,VIIRS,l,2,302.96,7.28,D,0
21.46015,82.96893,335.26,0.39,0.37,2026-06-04,737,N20,VIIRS,l,2,303.05,3.52,D,0
21.48263,84.06714,335.03,0.38,0.36,2026-06-04,737,N20,VIIRS,n,2,303.52,1.12,D,0
21.48674,84.13815,338.9,0.38,0.36,2026-06-04,737,N20,VIIRS,n,2,306.08,3.87,D,0
21.48829,85.37769,330.48,0.39,0.36,2026-06-04,737,N20,VIIRS,l,2,302.35,2.29,D,0
21.51842,85.32659,333.02,0.39,0.36,2026-06-04,737,N20,VIIRS,n,2,301.14,1.54,D,0
21.53506,85.32368,332.9,0.39,0.36,2026-06-04,737,N20,VIIRS,n,2,301.52,3.52,D,0
21.5356,85.3274,334.91,0.39,0.36,2026-06-04,737,N20,VIIRS,n,2,300.89,3.52,D,0
21.55795,84.06914,331.63,0.38,0.36,2026-06-04,737,N20,VIIRS,l,2,304.98,2.18,D,0
21.61189,83.88926,347.4,0.38,0.36,2026-06-04,737,N20,VIIRS,n,2,303.75,6.44,D,0
21.64633,83.41153,340.44,0.39,0.36,2026-06-04,737,N20,VIIRS,l,2,307.69,8.08,D,0
21.64963,83.41094,346.81,0.39,0.36,2026-06-04,737,N20,VIIRS,l,2,307.09,11.92,D,0
21.65683,83.41347,348.12,0.39,0.36,2026-06-04,737,N20,VIIRS,n,2,307.91,10.23,D,0
21.66253,83.91061,339.69,0.38,0.36,2026-06-04,737,N20,VIIRS,n,2,304.5,2.44,D,0
21.66674,83.41167,345.59,0.39,0.36,2026-06-04,737,N20,VIIRS,l,2,304.2,8.75,D,0
21.67904,84.04008,343.1,0.38,0.36,2026-06-04,737,N20,VIIRS,n,2,308.18,4.8,D,2
21.69018,83.8446,337.23,0.38,0.36,2026-06-04,737,N20,VIIRS,n,2,304.19,4.19,D,0
21.6986,83.99125,334.6,0.38,0.36,2026-06-04,737,N20,VIIRS,l,2,306.18,2.49,D,0
21.72141,83.93751,345.74,0.38,0.36,2026-06-04,737,N20,VIIRS,n,2,305.07,7.12,D,0
21.73485,84.31771,343.83,0.38,0.36,2026-06-04,737,N20,VIIRS,n,2,305.8,3.42,D,0
21.73814,84.31713,334.31,0.38,0.36,2026-06-04,737,N20,VIIRS,l,2,305.42,3.42,D,0
21.74071,83.84325,354.74,0.38,0.36,2026-06-04,737,N20,VIIRS,n,2,311.33,10.14,D,2
21.744,83.84267,344.86,0.38,0.36,2026-06-04,737,N20,VIIRS,n,2,311.03,4.29,D,2
21.74729,83.84208,341.75,0.38,0.36,2026-06-04,737,N20,VIIRS,n,2,310.31,4.29,D,2
21.74739,83.97453,342.71,0.38,0.36,2026-06-04,737,N20,VIIRS,n,2,307.97,5.59,D,0
21.74786,83.84577,339.42,0.38,0.36,2026-06-04,737,N20,VIIRS,n,2,309.3,4.29,D,2
21.75059,83.8415,340.22,0.38,0.36,2026-06-04,737,N20,VIIRS,n,2,308.02,4.07,D,2
21.75445,83.84461,338.17,0.38,0.36,2026-06-04,737,N20,VIIRS,n,2,307.67,4.07,D,2
21.7553,84.02613,338.38,0.38,0.36,2026-06-04,737,N20,VIIRS,l,2,309.06,4.98,D,2
21.76462,84.02071,336.62,0.38,0.36,2026-06-04,737,N20,VIIRS,l,2,307.39,2.99,D,2
21.76791,84.02013,336.99,0.38,0.36,2026-06-04,737,N20,VIIRS,n,2,306.74,2.99,D,2
21.77965,83.83257,349.6,0.38,0.36,2026-06-04,737,N20,VIIRS,n,2,310.67,14.52,D,2
21.78022,83.83626,337.89,0.38,0.36,2026-06-04,737,N20,VIIRS,l,2,307.97,9.32,D,2
21.94224,86.13937,331.48,0.41,0.37,2026-06-04,737,N20,VIIRS,l,2,302.02,1.97,D,0
21.70438,82.48045,344.32,0.4,0.37,2026-06-04,738,N20,VIIRS,l,2,306.63,7.39,D,0
21.709,82.48753,340.21,0.4,0.37,2026-06-04,738,N20,VIIRS,l,2,307.28,11.54,D,0
21.70963,82.49139,342.68,0.4,0.37,2026-06-04,738,N20,VIIRS,l,2,307.82,12.97,D,0
21.71299,82.49075,349.99,0.4,0.37,2026-06-04,738,N20,VIIRS,l,2,307.87,7.48,D,0
21.71362,82.49461,348.21,0.4,0.37,2026-06-04,738,N20,VIIRS,l,2,306.86,7.48,D,0
21.72513,82.54395,347.93,0.4,0.37,2026-06-04,738,N20,VIIRS,l,2,305.33,45.82,D,0
21.79787,83.88209,339.71,0.38,0.36,2026-06-04,738,N20,VIIRS,n,2,308.1,5.21,D,0
21.79901,83.88947,341.08,0.38,0.36,2026-06-04,738,N20,VIIRS,n,2,306.74,10.01,D,0
21.80346,82.68707,340,0.4,0.37,2026-06-04,738,N20,VIIRS,l,2,305.97,4.84,D,0
21.80947,82.63879,341.01,0.4,0.37,2026-06-04,738,N20,VIIRS,l,2,306.02,5.84,D,0
21.81104,82.66998,339.47,0.4,0.37,2026-06-04,738,N20,VIIRS,l,2,306.84,4.05,D,0
21.81409,82.68903,346.24,0.4,0.37,2026-06-04,738,N20,VIIRS,l,2,306.46,7.81,D,0
21.82017,82.68398,333.36,0.4,0.37,2026-06-04,738,N20,VIIRS,l,2,304.17,5.49,D,0
21.82188,82.66008,342.82,0.4,0.37,2026-06-04,738,N20,VIIRS,l,2,306.13,5.21,D,0
21.828,82.27374,340.07,0.41,0.37,2026-06-04,738,N20,VIIRS,l,2,307.92,6.87,D,0
21.83253,82.66204,337.87,0.4,0.37,2026-06-04,738,N20,VIIRS,l,2,306.48,5.3,D,0
21.83315,82.66586,339.77,0.4,0.37,2026-06-04,738,N20,VIIRS,l,2,307.04,5.98,D,0
21.83711,82.66905,337.9,0.4,0.37,2026-06-04,738,N20,VIIRS,l,2,305.94,5.64,D,0
21.86384,82.66409,344.43,0.4,0.37,2026-06-04,738,N20,VIIRS,l,2,306.75,6.4,D,0
21.8734,82.59544,336.92,0.4,0.37,2026-06-04,738,N20,VIIRS,l,2,304.49,3.22,D,0
21.88182,82.45538,337.68,0.4,0.37,2026-06-04,738,N20,VIIRS,l,2,307.01,4.3,D,0
21.8819,82.39165,344.82,0.4,0.37,2026-06-04,738,N20,VIIRS,l,2,306.69,7.1,D,0
21.88718,82.50988,335.57,0.4,0.37,2026-06-04,738,N20,VIIRS,l,2,304.48,2.95,D,0
21.89241,82.67058,337.13,0.4,0.37,2026-06-04,738,N20,VIIRS,l,2,306.07,4.04,D,0
21.89425,82.68201,333.5,0.4,0.37,2026-06-04,738,N20,VIIRS,l,2,305.09,6.88,D,0
21.89917,82.44465,339.28,0.4,0.37,2026-06-04,738,N20,VIIRS,l,2,306.06,4.68,D,0
21.90004,82.69661,367,0.4,0.37,2026-06-04,738,N20,VIIRS,h,2,306.81,15.42,D,0
21.90023,82.47222,343.33,0.4,0.37,2026-06-04,738,N20,VIIRS,l,2,305.03,4.75,D,0
21.91089,82.41062,336.77,0.4,0.37,2026-06-04,738,N20,VIIRS,l,2,305.39,2.7,D,0
21.9126,82.44213,339.43,0.4,0.37,2026-06-04,738,N20,VIIRS,l,2,305.58,9.94,D,0
21.91958,83.35461,342.39,0.39,0.36,2026-06-04,738,N20,VIIRS,l,2,305.82,11.95,D,2
21.9223,83.3503,340.86,0.39,0.36,2026-06-04,738,N20,VIIRS,l,2,304.78,8.8,D,2
21.92327,82.57078,334.27,0.4,0.37,2026-06-04,738,N20,VIIRS,l,2,304.95,7.68,D,0
21.92719,82.00024,340.14,0.41,0.37,2026-06-04,738,N20,VIIRS,l,2,309.47,8.04,D,0
21.92727,82.51074,342.4,0.4,0.37,2026-06-04,738,N20,VIIRS,l,2,305.13,5.79,D,0
21.96443,82.59074,333.52,0.4,0.37,2026-06-04,738,N20,VIIRS,l,2,304.86,3.57,D,0
21.96827,82.55056,334.43,0.4,0.37,2026-06-04,738,N20,VIIRS,l,2,305.36,3.79,D,0
21.97161,82.54994,334.89,0.4,0.37,2026-06-04,738,N20,VIIRS,l,2,306.13,3.79,D,0
21.98865,83.08074,348.29,0.39,0.36,2026-06-04,738,N20,VIIRS,n,2,305.4,6.59,D,0
21.99516,82.58897,337.6,0.4,0.37,2026-06-04,738,N20,VIIRS,l,2,305.02,11.99,D,0
21.99913,82.03114,340.96,0.41,0.37,2026-06-04,738,N20,VIIRS,l,2,309.41,5.66,D,0
22.00524,82.48035,333.6,0.4,0.37,2026-06-04,738,N20,VIIRS,l,2,305.43,1.52,D,0
22.01232,83.08051,332.28,0.39,0.36,2026-06-04,738,N20,VIIRS,l,2,304.02,2.97,D,0
22.02095,82.55653,348.99,0.4,0.37,2026-06-04,738,N20,VIIRS,l,2,305.43,8.4,D,0
22.02156,82.56037,335.89,0.4,0.37,2026-06-04,738,N20,VIIRS,l,2,305.12,6.52,D,0
22.11515,85.21091,336.64,0.39,0.36,2026-06-04,738,N20,VIIRS,n,2,300.67,4.58,D,0
22.13502,82.23655,334.64,0.41,0.37,2026-06-04,738,N20,VIIRS,l,2,306.11,1.42,D,0
22.14459,85.46365,334.21,0.4,0.37,2026-06-04,738,N20,VIIRS,n,2,301.14,3.26,D,0
22.17923,82.18797,340.44,0.41,0.37,2026-06-04,738,N20,VIIRS,l,2,307.79,9.14,D,0
22.18177,82.2036,336.11,0.41,0.37,2026-06-04,738,N20,VIIRS,l,2,306.47,2.8,D,0
22.20187,84.5777,331.77,0.39,0.36,2026-06-04,738,N20,VIIRS,l,2,305.14,1.81,D,2
22.21031,84.86325,344.69,0.39,0.36,2026-06-04,738,N20,VIIRS,n,2,305.48,7.42,D,2
22.21802,84.75454,335.48,0.39,0.36,2026-06-04,738,N20,VIIRS,l,2,305.85,4.34,D,2
22.35699,82.30351,342.58,0.4,0.37,2026-06-04,738,N20,VIIRS,l,2,309.53,7.91,D,2
22.36356,87.30109,335.13,0.46,0.39,2026-06-04,738,N20,VIIRS,n,2,301.71,7.19,D,2
22.36511,87.01971,333.23,0.45,0.39,2026-06-04,738,N20,VIIRS,l,2,303.38,4.68,D,2
22.37555,87.28111,338.51,0.46,0.39,2026-06-04,738,N20,VIIRS,n,2,301.21,4.3,D,2
22.37914,87.28057,330.25,0.46,0.39,2026-06-04,738,N20,VIIRS,l,2,300.44,4.3,D,2
22.679,85.24165,330.44,0.4,0.37,2026-06-04,738,N20,VIIRS,l,2,302.55,1.63,D,0
22.6807,85.22964,335.24,0.4,0.37,2026-06-04,738,N20,VIIRS,n,2,301.39,1.2,D,0
22.79011,86.20943,333.48,0.42,0.38,2026-06-04,738,N20,VIIRS,l,2,303.73,5.14,D,2
22.79701,86.20837,337.96,0.42,0.38,2026-06-04,738,N20,VIIRS,n,2,302.79,8.41,D,2
22.79859,86.09167,337.92,0.42,0.38,2026-06-04,738,N20,VIIRS,n,2,305.45,3.76,D,2
22.85698,86.05744,330.73,0.42,0.37,2026-06-04,738,N20,VIIRS,l,2,303.16,2.93,D,2
22.93391,85.68103,334.67,0.41,0.37,2026-06-04,738,N20,VIIRS,n,2,299.43,6.15,D,0
23.54904,86.54665,331.89,0.44,0.38,2026-06-04,738,N20,VIIRS,l,2,303.12,2.52,D,2
23.55924,87.24108,338.75,0.47,0.4,2026-06-04,738,N20,VIIRS,n,2,301.29,5.55,D,2
23.56178,87.08405,330.72,0.46,0.39,2026-06-04,738,N20,VIIRS,l,2,302.98,6.26,D,2
23.61427,86.78919,331.76,0.45,0.39,2026-06-04,738,N20,VIIRS,l,2,304.25,3.09,D,2
23.62495,85.67589,336.83,0.41,0.37,2026-06-04,738,N20,VIIRS,n,2,303.65,2.48,D,0
23.64726,85.44003,348.69,0.41,0.37,2026-06-04,738,N20,VIIRS,n,2,306.97,5.76,D,2
23.66342,87.15656,344.37,0.47,0.4,2026-06-04,738,N20,VIIRS,n,2,305.52,8.63,D,2
23.67265,86.93561,330.5,0.46,0.39,2026-06-04,738,N20,VIIRS,l,2,301.52,1.69,D,2
23.67293,86.39777,335.24,0.43,0.38,2026-06-04,738,N20,VIIRS,l,2,306.47,5.02,D,2
23.67484,86.08866,334.36,0.42,0.38,2026-06-04,738,N20,VIIRS,n,2,304.27,4.13,D,2
23.67643,86.3972,335.11,0.43,0.38,2026-06-04,738,N20,VIIRS,l,2,306.84,3.87,D,2
23.67701,86.40144,338.7,0.44,0.38,2026-06-04,738,N20,VIIRS,n,2,306.08,3.87,D,2
23.67725,86.39707,340.05,0.44,0.38,2026-06-04,738,N20,VIIRS,n,2,307.82,3.54,D,2
23.67781,86.40133,335.4,0.44,0.38,2026-06-04,738,N20,VIIRS,n,2,304.5,3.54,D,2
23.67992,86.39661,335.09,0.43,0.38,2026-06-04,738,N20,VIIRS,l,2,305.92,3.87,D,2
23.68075,86.3965,337.34,0.44,0.38,2026-06-04,738,N20,VIIRS,n,2,304.91,3.54,D,2
23.6812,86.08342,336.03,0.42,0.38,2026-06-04,738,N20,VIIRS,n,2,303.39,5.31,D,2
23.68369,86.39172,335.25,0.44,0.38,2026-06-04,738,N20,VIIRS,n,2,304.12,3.61,D,2
23.68424,86.39592,340.98,0.44,0.38,2026-06-04,738,N20,VIIRS,n,2,304.68,5.25,D,2
23.68585,87.12243,332.36,0.47,0.39,2026-06-04,738,N20,VIIRS,l,2,302.95,3.93,D,2
23.68718,86.39115,331.53,0.44,0.38,2026-06-04,738,N20,VIIRS,l,2,305.22,3.61,D,2
23.68946,87.12187,335.81,0.47,0.39,2026-06-04,738,N20,VIIRS,n,2,303.16,3.93,D,2
23.69014,87.0985,330.43,0.46,0.39,2026-06-04,738,N20,VIIRS,l,2,303.73,6.48,D,2
23.69308,87.12131,331.35,0.47,0.39,2026-06-04,738,N20,VIIRS,l,2,302.05,5.61,D,2
23.69424,85.37217,331.2,0.4,0.37,2026-06-04,738,N20,VIIRS,l,2,304.56,3.39,D,0
23.69603,85.28735,336.3,0.4,0.37,2026-06-04,738,N20,VIIRS,l,2,308.78,2.94,D,2
23.69659,85.29128,335.09,0.4,0.37,2026-06-04,738,N20,VIIRS,l,2,306.84,2.94,D,2
23.71322,86.45222,346.03,0.44,0.38,2026-06-04,738,N20,VIIRS,n,2,304.57,8.59,D,2
23.73549,86.43124,336,0.44,0.38,2026-06-04,738,N20,VIIRS,n,2,305.58,6.1,D,2
23.73606,86.43551,350.54,0.44,0.38,2026-06-04,738,N20,VIIRS,n,2,307.41,6.1,D,2
23.75714,86.406,336.67,0.44,0.38,2026-06-04,738,N20,VIIRS,n,2,304.55,4.79,D,2
23.75799,85.85358,334.38,0.42,0.37,2026-06-04,738,N20,VIIRS,l,2,306.11,5.92,D,2
23.76007,86.4012,343.53,0.44,0.38,2026-06-04,738,N20,VIIRS,n,2,306.62,4.79,D,2
23.76414,86.40488,348.12,0.44,0.38,2026-06-04,738,N20,VIIRS,n,2,306.99,5.61,D,2
23.76765,86.40434,338.76,0.44,0.38,2026-06-04,738,N20,VIIRS,n,2,304.73,5.61,D,2
23.77293,86.36442,344.16,0.43,0.38,2026-06-04,738,N20,VIIRS,n,2,305.89,8.04,D,2
23.77308,86.19746,337.19,0.43,0.38,2026-06-04,738,N20,VIIRS,n,2,307,7.98,D,2
23.77477,86.21004,334.83,0.43,0.38,2026-06-04,738,N20,VIIRS,l,2,306.33,5.92,D,2
23.77641,86.38988,334.68,0.44,0.38,2026-06-04,738,N20,VIIRS,l,2,305.85,5.1,D,2
23.77824,86.20945,348.26,0.43,0.38,2026-06-04,738,N20,VIIRS,n,2,309.22,5.92,D,2
23.77991,86.38931,343.33,0.44,0.38,2026-06-04,738,N20,VIIRS,n,2,307.72,5.1,D,2
23.78172,86.20888,339.33,0.43,0.38,2026-06-04,738,N20,VIIRS,n,2,306.01,5.36,D,2
23.78216,85.57693,341.44,0.41,0.37,2026-06-04,738,N20,VIIRS,n,2,309.17,8.74,D,0
23.78264,85.57716,340.4,0.41,0.37,2026-06-04,738,N20,VIIRS,n,2,308.87,8.46,D,0
23.78529,86.34199,336.61,0.43,0.38,2026-06-04,738,N20,VIIRS,n,2,306.12,5.13,D,2
23.78611,85.552,334.67,0.41,0.37,2026-06-04,738,N20,VIIRS,l,2,306.27,5.24,D,2
23.79398,86.35357,341.7,0.43,0.38,2026-06-04,738,N20,VIIRS,n,2,304.96,5.4,D,2
23.80163,86.33066,340.11,0.43,0.38,2026-06-04,738,N20,VIIRS,n,2,306.17,4.85,D,2
23.80512,86.3301,341.96,0.43,0.38,2026-06-04,738,N20,VIIRS,n,2,306.98,6.56,D,2
23.82373,84.57444,341.23,0.39,0.36,2026-06-04,738,N20,VIIRS,n,2,311.07,7.48,D,0
23.82412,85.50079,334.44,0.41,0.37,2026-06-04,738,N20,VIIRS,l,2,307.51,3.34,D,2
23.83092,84.5771,338.87,0.39,0.36,2026-06-04,738,N20,VIIRS,l,2,309.51,5.54,D,0
24.78873,85.17657,339.79,0.41,0.37,2026-06-04,738,N20,VIIRS,n,2,305,7.64,D,0
25.63506,85.68208,334.93,0.43,0.38,2026-06-04,738,N20,VIIRS,n,2,302.35,2.72,D,0
25.78416,84.62359,333.34,0.4,0.37,2026-06-04,739,N20,VIIRS,n,2,299.59,3.24,D,0
26.07605,84.80331,331.18,0.4,0.37,2026-06-04,739,N20,VIIRS,l,2,301.63,0.73,D,0
26.29761,84.42188,334.02,0.4,0.37,2026-06-04,739,N20,VIIRS,n,2,301.96,1.48,D,0
26.34877,87.4774,335.73,0.52,0.41,2026-06-04,739,N20,VIIRS,n,2,300.01,5.14,D,0
26.34937,83.29447,353.3,0.38,0.36,2026-06-04,739,N20,VIIRS,n,2,311.24,7.69,D,0
26.3494,87.48257,334.53,0.52,0.41,2026-06-04,739,N20,VIIRS,n,2,298.89,3.15,D,0
26.35266,83.29386,342.19,0.38,0.36,2026-06-04,739,N20,VIIRS,n,2,302.07,7.69,D,0
26.4655,85.14402,333.68,0.42,0.37,2026-06-04,739,N20,VIIRS,n,2,302.28,1.93,D,0
26.47032,84.42508,333.9,0.4,0.37,2026-06-04,739,N20,VIIRS,n,2,301.53,2,D,0
26.73997,84.57938,336.17,0.4,0.37,2026-06-04,739,N20,VIIRS,n,2,302.52,3.14,D,0
26.88795,84.21431,339.47,0.4,0.37,2026-06-04,739,N20,VIIRS,n,2,302.66,3.77,D,0
25.03299,87.37676,307.44,0.43,0.38,2026-06-04,2005,N20,VIIRS,n,2,280.15,1.12,N,2
25.03373,87.37254,307.59,0.43,0.38,2026-06-04,2005,N20,VIIRS,n,2,280.34,1.12,N,2
25.03421,87.39008,304.61,0.43,0.38,2026-06-04,2005,N20,VIIRS,n,2,279.52,1.28,N,0
26.76144,83.2076,302.07,0.41,0.37,2026-06-04,2005,N20,VIIRS,n,2,288.53,0.2,N,2
20.96232,85.17492,324.15,0.4,0.37,2026-06-04,2006,N20,VIIRS,n,2,292.73,2.56,N,2
20.96295,85.17113,311.79,0.4,0.37,2026-06-04,2006,N20,VIIRS,n,2,291.72,2.56,N,2
20.96313,85.19075,330.38,0.4,0.37,2026-06-04,2006,N20,VIIRS,n,2,290.7,3.08,N,2
20.96358,85.16734,325.74,0.4,0.37,2026-06-04,2006,N20,VIIRS,n,2,292.29,2.28,N,2
20.96376,85.18694,340.97,0.4,0.37,2026-06-04,2006,N20,VIIRS,n,2,292.9,3.08,N,2
20.96421,85.16355,313.48,0.4,0.37,2026-06-04,2006,N20,VIIRS,n,2,291.38,2.28,N,2
20.9644,85.18314,313.6,0.4,0.37,2026-06-04,2006,N20,VIIRS,n,2,291.42,3.54,N,2
20.96566,85.17554,320.76,0.4,0.37,2026-06-04,2006,N20,VIIRS,n,2,291.92,2.79,N,2
20.96629,85.17176,312.16,0.4,0.37,2026-06-04,2006,N20,VIIRS,n,2,290.46,2.79,N,2
20.96648,85.19138,306.71,0.4,0.37,2026-06-04,2006,N20,VIIRS,n,2,289.58,3.08,N,2
20.96692,85.16798,319.8,0.4,0.37,2026-06-04,2006,N20,VIIRS,n,2,290.97,1.57,N,2
20.969,85.17619,345.4,0.4,0.37,2026-06-04,2006,N20,VIIRS,n,2,293.11,2.79,N,2
20.96943,85.15282,333.95,0.4,0.37,2026-06-04,2006,N20,VIIRS,n,2,290.92,2.77,N,2
20.96963,85.17239,323.92,0.4,0.37,2026-06-04,2006,N20,VIIRS,n,2,291.23,2.79,N,2
20.97026,85.16862,306.6,0.4,0.37,2026-06-04,2006,N20,VIIRS,n,2,289.68,1.57,N,2
20.9705,85.12566,309.21,0.4,0.37,2026-06-04,2006,N20,VIIRS,n,2,291.87,2.24,N,2
20.97215,85.15725,307.77,0.4,0.37,2026-06-04,2006,N20,VIIRS,n,2,289.98,3.41,N,0
20.97235,85.17683,334.5,0.4,0.37,2026-06-04,2006,N20,VIIRS,n,2,292.44,3.23,N,2
20.97278,85.15346,306.81,0.4,0.37,2026-06-04,2006,N20,VIIRS,n,2,289.63,2.77,N,2
20.97632,85.17368,322.24,0.4,0.37,2026-06-04,2006,N20,VIIRS,n,2,292.28,3.23,N,2
20.97695,85.16988,315.31,0.4,0.37,2026-06-04,2006,N20,VIIRS,n,2,291.13,3.17,N,2
20.97926,85.13515,351.23,0.4,0.37,2026-06-04,2006,N20,VIIRS,n,2,293.86,5.28,N,2
20.97989,85.13136,310.21,0.4,0.37,2026-06-04,2006,N20,VIIRS,n,2,290.54,3.17,N,2
20.9826,85.13578,313.48,0.4,0.37,2026-06-04,2006,N20,VIIRS,n,2,290.6,5.28,N,2
21.07264,85.04336,311.85,0.4,0.37,2026-06-04,2006,N20,VIIRS,n,2,289.92,1.83,N,2
21.07472,85.05151,304.96,0.4,0.37,2026-06-04,2006,N20,VIIRS,n,2,286.32,1.07,N,0
21.07597,85.04399,307.97,0.4,0.37,2026-06-04,2006,N20,VIIRS,n,2,288.64,1.07,N,2
21.07722,85.03646,311.23,0.4,0.37,2026-06-04,2006,N20,VIIRS,n,2,291.21,2.57,N,2
21.0793,85.04462,307.76,0.4,0.37,2026-06-04,2006,N20,VIIRS,n,2,288.37,1.07,N,0
21.08055,85.03709,311.52,0.4,0.37,2026-06-04,2006,N20,VIIRS,n,2,291.53,2.57,N,2
21.37808,82.18085,323.85,0.4,0.37,2026-06-04,2006,N20,VIIRS,n,2,284.06,4.85,N,0
21.69607,83.31686,302.04,0.39,0.36,2026-06-04,2006,N20,VIIRS,n,2,283.88,1.5,N,0
21.73574,83.1254,316.89,0.39,0.36,2026-06-04,2006,N20,VIIRS,n,2,291.38,4.08,N,0
21.8756,83.49643,310.12,0.39,0.36,2026-06-04,2006,N20,VIIRS,n,2,292.65,4.52,N,2
21.92548,85.22219,314.29,0.39,0.37,2026-06-04,2006,N20,VIIRS,n,2,280.99,1.49,N,2
21.92881,85.22282,304.19,0.39,0.37,2026-06-04,2006,N20,VIIRS,n,2,280.11,1.49,N,2
21.96738,85.31545,308.17,0.4,0.37,2026-06-04,2006,N20,VIIRS,n,2,287.33,1.07,N,2
22.01769,82.18134,308.77,0.41,0.37,2026-06-04,2006,N20,VIIRS,n,2,294.07,4.62,N,2
22.05437,88.12574,306.44,0.5,0.41,2026-06-04,2006,N20,VIIRS,n,2,263.59,1.93,N,2
22.37649,87.27827,306.55,0.45,0.39,2026-06-04,2006,N20,VIIRS,n,2,289.25,0.82,N,2
22.5724,85.89712,305.65,0.41,0.37,2026-06-04,2006,N20,VIIRS,n,2,284.9,3.28,N,2
22.78605,86.00638,306.47,0.41,0.37,2026-06-04,2006,N20,VIIRS,n,2,290.89,1.78,N,0
22.7885,86.19819,311.37,0.41,0.37,2026-06-04,2006,N20,VIIRS,n,2,295.12,2.14,N,2
22.78988,86.21075,310.1,0.41,0.37,2026-06-04,2006,N20,VIIRS,n,2,294.14,1.43,N,2
22.79055,86.20679,316.12,0.41,0.37,2026-06-04,2006,N20,VIIRS,n,2,294.55,1.43,N,2
22.79528,86.19954,313.1,0.41,0.37,2026-06-04,2006,N20,VIIRS,n,2,294.63,2.64,N,3
22.7961,86.19836,312.4,0.41,0.37,2026-06-04,2006,N20,VIIRS,n,2,295.03,1.27,N,2
22.7988,86.20301,309.17,0.41,0.37,2026-06-04,2006,N20,VIIRS,n,2,294.54,1.27,N,2
22.79976,86.09023,311.05,0.41,0.37,2026-06-04,2006,N20,VIIRS,n,2,295,1.23,N,2
22.81461,86.08499,308.01,0.41,0.37,2026-06-04,2006,N20,VIIRS,n,2,293.97,1.25,N,2
22.81514,86.04041,309.06,0.41,0.37,2026-06-04,2006,N20,VIIRS,n,2,293.05,0.78,N,0
22.85897,86.05595,307.95,0.41,0.37,2026-06-04,2006,N20,VIIRS,n,2,293.01,1.05,N,2
22.87517,86.06321,307.88,0.41,0.37,2026-06-04,2006,N20,VIIRS,n,2,293.34,0.66,N,2
23.6566,85.51021,297.93,0.39,0.36,2026-06-04,2006,N20,VIIRS,n,2,284.24,1.05,N,2
23.66865,86.09286,312.45,0.4,0.37,2026-06-04,2006,N20,VIIRS,n,2,289.39,2.37,N,2
23.67667,86.0864,319.65,0.4,0.37,2026-06-04,2006,N20,VIIRS,n,2,290.68,4.08,N,2
23.68207,86.09556,334.6,0.4,0.37,2026-06-04,2006,N20,VIIRS,n,2,289.41,6.83,N,2
23.68513,86.39317,317.84,0.41,0.37,2026-06-04,2006,N20,VIIRS,n,2,277.26,3.71,N,2
23.68919,86.3899,300.31,0.41,0.37,2026-06-04,2006,N20,VIIRS,n,2,276.2,2.26,N,2
23.71084,86.44774,307.65,0.41,0.37,2026-06-04,2006,N20,VIIRS,n,2,281.62,2.26,N,2
23.71355,86.4524,314.41,0.41,0.37,2026-06-04,2006,N20,VIIRS,n,2,280.39,2.26,N,2
23.72846,86.44714,306.95,0.41,0.37,2026-06-04,2006,N20,VIIRS,n,2,280.09,2.01,N,0
23.73791,86.43557,302.99,0.41,0.37,2026-06-04,2006,N20,VIIRS,n,2,275.41,1.7,N,2
23.7455,85.50714,312.81,0.39,0.36,2026-06-04,2006,N20,VIIRS,n,2,291.57,2.79,N,2
23.77398,86.19843,311.65,0.4,0.37,2026-06-04,2006,N20,VIIRS,n,2,287.94,3.47,N,2
23.7746,86.36482,328.42,0.41,0.37,2026-06-04,2006,N20,VIIRS,n,2,286.58,5.37,N,2
23.77537,86.21088,311.97,0.41,0.37,2026-06-04,2006,N20,VIIRS,n,2,287.75,2.06,N,2
23.77603,86.20696,307,0.4,0.37,2026-06-04,2006,N20,VIIRS,n,2,287.5,2.06,N,2
23.77671,86.21015,312.89,0.4,0.37,2026-06-04,2006,N20,VIIRS,n,2,288.26,2.83,N,2
23.77728,86.38996,308.5,0.41,0.37,2026-06-04,2006,N20,VIIRS,n,2,283.15,4.16,N,2
23.77738,86.20623,313.07,0.4,0.37,2026-06-04,2006,N20,VIIRS,n,2,288.45,2.83,N,2
23.77797,86.3655,307.39,0.41,0.37,2026-06-04,2006,N20,VIIRS,n,2,285.22,2.66,N,2
23.78,86.37409,314.21,0.41,0.37,2026-06-04,2006,N20,VIIRS,n,2,286.69,3.88,N,2
23.78007,86.21081,335.39,0.4,0.37,2026-06-04,2006,N20,VIIRS,n,2,289.09,2.83,N,2
23.78066,86.39064,323.38,0.41,0.37,2026-06-04,2006,N20,VIIRS,n,2,286.81,5.45,N,2
23.78542,86.34243,314.63,0.41,0.37,2026-06-04,2006,N20,VIIRS,n,2,285.35,3.34,N,2
23.79354,86.23383,306.12,0.41,0.37,2026-06-04,2006,N20,VIIRS,n,2,286.62,2.71,N,2
23.7942,86.35236,314.6,0.41,0.37,2026-06-04,2006,N20,VIIRS,n,2,285.38,1.95,N,2
23.79758,86.35303,311.16,0.41,0.37,2026-06-04,2006,N20,VIIRS,n,2,285.06,1.95,N,2
23.79825,86.34909,318.24,0.41,0.37,2026-06-04,2006,N20,VIIRS,n,2,286.03,1.95,N,2
23.80096,86.33323,307.36,0.41,0.37,2026-06-04,2006,N20,VIIRS,n,2,284.4,2.11,N,2
23.80164,86.32927,308.31,0.41,0.37,2026-06-04,2006,N20,VIIRS,n,2,284.19,2.64,N,2
23.80501,86.32994,318.28,0.41,0.37,2026-06-04,2006,N20,VIIRS,n,2,286.19,3.41,N,2
23.82192,85.4981,308.25,0.39,0.36,2026-06-04,2006,N20,VIIRS,n,2,292.93,2.18,N,2
23.82505,84.57317,303.98,0.38,0.36,2026-06-04,2006,N20,VIIRS,n,2,288.98,2.23,N,0
23.82524,85.49874,311.53,0.39,0.36,2026-06-04,2006,N20,VIIRS,n,2,292.56,2.18,N,2
20.76152,85.29974,321.75,0.4,0.37,2026-06-04,2007,N20,VIIRS,n,2,291.38,2.19,N,2
20.78596,85.26795,307.72,0.4,0.37,2026-06-04,2007,N20,VIIRS,n,2,289.58,1.29,N,2
20.7866,85.26414,308.47,0.4,0.37,2026-06-04,2007,N20,VIIRS,n,2,289.42,1.29,N,2
20.7906,85.26095,306.98,0.4,0.37,2026-06-04,2007,N20,VIIRS,n,2,290.33,2.26,N,2
20.79524,85.25394,337.06,0.4,0.37,2026-06-04,2007,N20,VIIRS,n,2,289.52,5.35,N,2
20.79795,85.2584,315.34,0.4,0.37,2026-06-04,2007,N20,VIIRS,n,2,289.03,2.22,N,2
20.80466,85.25968,308.44,0.4,0.37,2026-06-04,2007,N20,VIIRS,n,2,289.04,1.42,N,2
20.8053,85.25585,310.12,0.4,0.37,2026-06-04,2007,N20,VIIRS,n,2,288.95,1.43,N,2
20.80865,85.2565,318.41,0.4,0.37,2026-06-04,2007,N20,VIIRS,n,2,289.66,2.06,N,2
20.86356,84.98934,318.62,0.4,0.37,2026-06-04,2007,N20,VIIRS,n,2,285,2.81,N,2
20.86564,84.99752,327.52,0.4,0.37,2026-06-04,2007,N20,VIIRS,n,2,285.94,3.84,N,2
20.86627,84.99374,311.16,0.4,0.37,2026-06-04,2007,N20,VIIRS,n,2,287,2.79,N,2
20.7586,85.29762,331.79,0.49,0.4,2026-06-05,718,N20,VIIRS,n,2,299.18,6.39,D,2
20.79029,85.26255,333.49,0.49,0.4,2026-06-05,718,N20,VIIRS,n,2,299.08,3.94,D,2
20.79232,85.25258,334.37,0.49,0.4,2026-06-05,718,N20,VIIRS,n,2,298.57,3.1,D,2
20.79314,85.25721,333.01,0.49,0.4,2026-06-05,718,N20,VIIRS,n,2,297.7,3.94,D,2
20.80495,85.25961,331.25,0.49,0.4,2026-06-05,718,N20,VIIRS,n,2,300.47,5.94,D,2
20.83997,84.03716,334.35,0.57,0.43,2026-06-05,718,N20,VIIRS,n,2,300.8,6.55,D,0
20.84095,84.04252,338.11,0.57,0.43,2026-06-05,718,N20,VIIRS,n,2,301.16,6.55,D,0
20.86237,84.98831,334.04,0.5,0.41,2026-06-05,718,N20,VIIRS,n,2,301.16,2.08,D,0
20.88836,84.98303,333.82,0.5,0.41,2026-06-05,718,N20,VIIRS,n,2,301.52,5.19,D,2
20.94892,86.04727,330.79,0.45,0.39,2026-06-05,718,N20,VIIRS,l,2,300.45,3.3,D,2
20.95621,85.01051,341.51,0.5,0.41,2026-06-05,718,N20,VIIRS,n,2,303.77,7.7,D,2
20.96064,85.1846,331.85,0.49,0.4,2026-06-05,718,N20,VIIRS,l,2,302.12,7.29,D,2
20.96146,85.18922,349.35,0.49,0.4,2026-06-05,718,N20,VIIRS,n,2,303.11,11.21,D,2
20.96181,85.16992,336.32,0.49,0.4,2026-06-05,718,N20,VIIRS,n,2,301.41,3.39,D,2
20.96264,85.17458,338.09,0.49,0.4,2026-06-05,718,N20,VIIRS,n,2,300.57,3.39,D,2
20.96356,86.00481,331.37,0.45,0.39,2026-06-05,718,N20,VIIRS,l,2,300.31,1.9,D,2
20.96429,86.00907,333.8,0.45,0.39,2026-06-05,718,N20,VIIRS,l,2,300.85,1.9,D,2
20.96464,85.16451,333.78,0.49,0.4,2026-06-05,718,N20,VIIRS,n,2,299.8,5.92,D,2
20.96548,85.16917,337.17,0.49,0.4,2026-06-05,718,N20,VIIRS,n,2,300.67,3.39,D,2
20.96631,85.17384,338.96,0.49,0.4,2026-06-05,718,N20,VIIRS,n,2,299.94,3.39,D,2
20.96665,85.15443,334.39,0.49,0.4,2026-06-05,718,N20,VIIRS,n,2,299.9,4.39,D,2
20.96714,85.17849,333.98,0.49,0.4,2026-06-05,718,N20,VIIRS,n,2,300.45,6.62,D,2
20.96915,85.16842,330.35,0.49,0.4,2026-06-05,718,N20,VIIRS,l,2,300.46,2.7,D,2
20.96998,85.17308,332.69,0.49,0.4,2026-06-05,718,N20,VIIRS,n,2,300.31,2.7,D,2
20.97032,85.15367,342.68,0.49,0.4,2026-06-05,718,N20,VIIRS,n,2,300.85,4.39,D,2
20.97081,85.17774,343.89,0.49,0.4,2026-06-05,718,N20,VIIRS,n,2,300.19,6.19,D,2
20.97732,85.17158,332.72,0.49,0.4,2026-06-05,718,N20,VIIRS,n,2,300.4,4.53,D,2
20.97802,85.13278,333.35,0.49,0.4,2026-06-05,718,N20,VIIRS,n,2,301.55,7.7,D,2
20.97885,85.13744,345.03,0.49,0.4,2026-06-05,718,N20,VIIRS,n,2,302.39,9.58,D,2
21.07508,85.04266,333.39,0.5,0.41,2026-06-05,718,N20,VIIRS,l,2,303.74,7.53,D,2
21.07792,85.03716,334.59,0.5,0.41,2026-06-05,718,N20,VIIRS,n,2,302.55,5.25,D,2
21.07877,85.04189,335.76,0.5,0.41,2026-06-05,718,N20,VIIRS,n,2,303.7,8.79,D,2
20.63609,82.08072,341.19,0.5,0.49,2026-06-05,719,N20,VIIRS,n,2,295.03,4.23,D,0
20.65877,82.03126,340.3,0.5,0.49,2026-06-05,719,N20,VIIRS,n,2,295.98,7.52,D,0
20.7347,82.20969,330.05,0.49,0.48,2026-06-05,719,N20,VIIRS,n,2,296.61,3.38,D,0
20.76029,82.55517,340.6,0.46,0.47,2026-06-05,719,N20,VIIRS,n,2,299.68,4.92,D,0
20.77532,82.42255,341.14,0.47,0.48,2026-06-05,719,N20,VIIRS,n,2,299,5.44,D,0
20.77664,82.42311,339.15,0.47,0.48,2026-06-05,719,N20,VIIRS,n,2,298.15,4.01,D,0
20.78786,82.41139,342.14,0.47,0.48,2026-06-05,719,N20,VIIRS,n,2,298.87,6.17,D,0
20.80003,82.45039,334.78,0.47,0.48,2026-06-05,719,N20,VIIRS,n,2,299.49,3.37,D,0
20.8009,82.45483,338.61,0.47,0.48,2026-06-05,719,N20,VIIRS,n,2,301.85,19.48,D,0
20.80174,82.43616,330.63,0.47,0.48,2026-06-05,719,N20,VIIRS,n,2,298.72,3.69,D,0
20.80177,82.4593,342.84,0.47,0.48,2026-06-05,719,N20,VIIRS,n,2,297.52,19.48,D,0
20.8026,82.44057,336.41,0.47,0.48,2026-06-05,719,N20,VIIRS,n,2,298.72,3.69,D,0
20.80351,82.46816,331.66,0.47,0.48,2026-06-05,719,N20,VIIRS,n,2,297.88,2.47,D,0
20.80521,82.45387,355.09,0.47,0.48,2026-06-05,719,N20,VIIRS,n,2,299.1,14.42,D,0
20.80782,82.46719,335.1,0.47,0.48,2026-06-05,719,N20,VIIRS,n,2,299,2.07,D,0
20.85073,82.17672,333.9,0.49,0.48,2026-06-05,719,N20,VIIRS,n,2,294.77,3.14,D,0
20.85295,82.1185,342.33,0.49,0.49,2026-06-05,719,N20,VIIRS,n,2,295.61,5.86,D,0
20.85512,82.17575,338.95,0.49,0.48,2026-06-05,719,N20,VIIRS,n,2,296.26,3.14,D,0
20.89134,82.45802,333.18,0.47,0.48,2026-06-05,719,N20,VIIRS,n,2,296.8,7.36,D,0
20.91648,82.16219,331.8,0.49,0.48,2026-06-05,719,N20,VIIRS,n,2,298.74,3.19,D,0
20.99271,83.81257,330.58,0.39,0.44,2026-06-05,719,N20,VIIRS,n,2,298.3,2.87,D,0
20.99339,83.8162,337.61,0.39,0.44,2026-06-05,719,N20,VIIRS,n,2,298.78,3.03,D,0
20.996,83.80807,335.18,0.39,0.44,2026-06-05,719,N20,VIIRS,n,2,299.65,2.44,D,0
20.99667,83.81175,331.11,0.39,0.44,2026-06-05,719,N20,VIIRS,n,2,299.78,2.44,D,0
20.99731,82.55914,339.59,0.46,0.47,2026-06-05,719,N20,VIIRS,n,2,298.88,3.05,D,0
21.00063,83.81091,334.87,0.39,0.44,2026-06-05,719,N20,VIIRS,n,2,298.28,2.44,D,0
21.00105,82.22207,343.81,0.48,0.48,2026-06-05,719,N20,VIIRS,n,2,299.83,8.87,D,0
21.00451,82.21653,340.54,0.48,0.48,2026-06-05,719,N20,VIIRS,n,2,299.85,6.18,D,0
21.00541,82.22111,342.25,0.48,0.48,2026-06-05,719,N20,VIIRS,n,2,299.23,6.18,D,0
21.02399,82.6134,341.85,0.46,0.47,2026-06-05,719,N20,VIIRS,n,2,299.05,3.95,D,0
21.02584,82.6158,340.9,0.46,0.47,2026-06-05,719,N20,VIIRS,n,2,298.87,3.88,D,0
21.03055,82.66405,330.62,0.45,0.47,2026-06-05,719,N20,VIIRS,n,2,297.47,1.77,D,0
21.07967,82.51119,338.88,0.46,0.47,2026-06-05,719,N20,VIIRS,n,2,298.9,2.39,D,0
21.08382,82.53281,333.35,0.46,0.47,2026-06-05,719,N20,VIIRS,n,2,298.94,2.38,D,0
21.10791,82.49579,332.65,0.46,0.47,2026-06-05,719,N20,VIIRS,n,2,299.23,2.92,D,0
21.12474,82.43415,334.75,0.47,0.47,2026-06-05,719,N20,VIIRS,n,2,298.06,2.46,D,0
21.12817,82.38298,331.31,0.47,0.48,2026-06-05,719,N20,VIIRS,n,2,298.42,3.61,D,0
21.14269,82.29578,331.09,0.47,0.48,2026-06-05,719,N20,VIIRS,n,2,297.44,3.42,D,0
21.15478,82.42754,348.22,0.47,0.47,2026-06-05,719,N20,VIIRS,n,2,297.24,4.15,D,0
21.15907,82.42657,334.62,0.47,0.47,2026-06-05,719,N20,VIIRS,n,2,296.55,4.15,D,0
21.16224,82.76098,332.15,0.44,0.46,2026-06-05,719,N20,VIIRS,n,2,297.67,2.97,D,0
21.16237,82.76006,330.33,0.44,0.46,2026-06-05,719,N20,VIIRS,n,2,297.7,1.59,D,0
21.1649,82.50269,334.38,0.46,0.47,2026-06-05,719,N20,VIIRS,n,2,297.67,1.85,D,0
21.16765,82.42467,330.94,0.47,0.47,2026-06-05,719,N20,VIIRS,n,2,296.59,2.93,D,0
21.17798,82.79675,338.46,0.44,0.46,2026-06-05,719,N20,VIIRS,n,2,298.92,5.82,D,0
21.19914,82.47232,342.6,0.46,0.47,2026-06-05,719,N20,VIIRS,n,2,296.8,4.9,D,0
21.21576,83.56123,330.05,0.4,0.44,2026-06-05,719,N20,VIIRS,n,2,299.14,1.59,D,0
21.21722,82.59012,330.2,0.45,0.47,2026-06-05,719,N20,VIIRS,n,2,298.1,2.27,D,0
21.27936,82.77898,335.55,0.44,0.46,2026-06-05,719,N20,VIIRS,n,2,299.3,3.33,D,0
21.2799,82.78027,348.96,0.44,0.46,2026-06-05,719,N20,VIIRS,n,2,299.82,6.26,D,0
21.28014,82.78316,355.77,0.44,0.46,2026-06-05,719,N20,VIIRS,n,2,300.09,5.19,D,0
21.28072,82.78444,353,0.44,0.46,2026-06-05,719,N20,VIIRS,n,2,299.68,7.49,D,0
21.28093,82.78734,330.59,0.44,0.46,2026-06-05,719,N20,VIIRS,n,2,298.22,5.19,D,0
21.30027,82.16894,335.42,0.48,0.48,2026-06-05,719,N20,VIIRS,n,2,300.13,2.06,D,0
21.30533,82.84377,333.45,0.44,0.46,2026-06-05,719,N20,VIIRS,n,2,297.4,4.43,D,0
21.30698,82.94146,341.78,0.43,0.46,2026-06-05,719,N20,VIIRS,n,2,297.33,4.28,D,0
21.30871,82.83876,335.99,0.44,0.46,2026-06-05,719,N20,VIIRS,n,2,298.73,3.93,D,0
21.30874,82.93569,337.41,0.43,0.46,2026-06-05,719,N20,VIIRS,n,2,298.01,4.65,D,0
21.30951,82.84289,342.81,0.44,0.46,2026-06-05,719,N20,VIIRS,n,2,297.7,3.93,D,0
21.30955,82.93246,337.54,0.43,0.46,2026-06-05,719,N20,VIIRS,n,2,298.09,4.97,D,0
21.31026,82.94381,343.88,0.43,0.46,2026-06-05,719,N20,VIIRS,n,2,297.17,12.01,D,0
21.31112,82.94057,340.17,0.43,0.46,2026-06-05,719,N20,VIIRS,n,2,298.23,5.63,D,0
21.32521,82.7663,343.09,0.44,0.46,2026-06-05,719,N20,VIIRS,n,2,300.21,5.72,D,0
21.32601,82.77045,333.73,0.44,0.46,2026-06-05,719,N20,VIIRS,n,2,298.97,5.72,D,0
21.33333,82.17561,335.59,0.48,0.48,2026-06-05,719,N20,VIIRS,n,2,299.85,4.59,D,0
21.34555,82.89494,343.71,0.43,0.46,2026-06-05,719,N20,VIIRS,n,2,299.92,5,D,0
21.36497,83.98871,335.02,0.56,0.43,2026-06-05,719,N20,VIIRS,n,2,299.26,5.05,D,0
21.3902,82.90237,335.9,0.43,0.46,2026-06-05,719,N20,VIIRS,n,2,298.15,3.55,D,0
21.40158,83.12149,332.56,0.42,0.45,2026-06-05,719,N20,VIIRS,n,2,297.39,4.11,D,0
21.40376,84.02465,345.73,0.56,0.43,2026-06-05,719,N20,VIIRS,n,2,300.15,5.82,D,0
21.4046,84.0276,347.91,0.56,0.43,2026-06-05,719,N20,VIIRS,n,2,300.35,8.86,D,0
21.40472,84.02994,337.04,0.56,0.43,2026-06-05,719,N20,VIIRS,n,2,299.28,5.82,D,0
21.40567,83.12057,333.12,0.42,0.45,2026-06-05,719,N20,VIIRS,n,2,297.31,3.59,D,0
21.40644,83.99419,332.13,0.56,0.43,2026-06-05,719,N20,VIIRS,n,2,299.14,3.94,D,0
21.4065,84.01617,336.24,0.56,0.43,2026-06-05,719,N20,VIIRS,n,2,299.83,8.28,D,0
21.40859,84.02908,339.57,0.56,0.43,2026-06-05,719,N20,VIIRS,n,2,300.11,5.82,D,0
21.41043,83.03255,344.11,0.42,0.45,2026-06-05,719,N20,VIIRS,n,2,299.2,2.62,D,0
21.4153,83.0357,342.25,0.42,0.45,2026-06-05,719,N20,VIIRS,n,2,300.8,5.15,D,0
21.43666,84.17821,336.34,0.54,0.42,2026-06-05,719,N20,VIIRS,n,2,300.86,2.33,D,0
21.46267,84.14589,338.19,0.55,0.42,2026-06-05,719,N20,VIIRS,n,2,299.42,7.3,D,0
21.48627,82.28378,331,0.47,0.48,2026-06-05,719,N20,VIIRS,n,2,299.16,2.17,D,0
21.49057,82.28281,335.5,0.47,0.48,2026-06-05,719,N20,VIIRS,n,2,300.77,4.71,D,0
21.49253,84.13427,332.21,0.55,0.42,2026-06-05,719,N20,VIIRS,n,2,300.23,2.29,D,0
21.50614,84.09898,330.54,0.55,0.43,2026-06-05,719,N20,VIIRS,n,2,300.12,2.7,D,0
21.51346,83.24757,332.34,0.41,0.45,2026-06-05,719,N20,VIIRS,n,2,299.08,1.42,D,0
21.51461,84.0736,335.68,0.55,0.43,2026-06-05,719,N20,VIIRS,n,2,300.21,3.25,D,0
21.52523,84.06596,330.31,0.55,0.43,2026-06-05,719,N20,VIIRS,l,2,301.36,5.34,D,0
21.53972,84.07916,339.76,0.55,0.43,2026-06-05,719,N20,VIIRS,n,2,301.14,6.32,D,0
21.54358,84.07836,336.07,0.55,0.43,2026-06-05,719,N20,VIIRS,n,2,300.55,4.4,D,0
21.55624,85.46223,330.03,0.47,0.4,2026-06-05,719,N20,VIIRS,l,2,299.05,3.71,D,0
21.56978,83.25565,343.64,0.41,0.45,2026-06-05,719,N20,VIIRS,n,2,300.99,4.14,D,0
21.57383,83.25477,336.55,0.41,0.45,2026-06-05,719,N20,VIIRS,n,2,299.44,2.03,D,0
21.62102,84.01545,340.25,0.55,0.43,2026-06-05,719,N20,VIIRS,n,2,300.03,3.49,D,0
21.62391,84.0127,336.62,0.55,0.43,2026-06-05,719,N20,VIIRS,n,2,301.79,6.05,D,0
21.62486,84.01801,334.47,0.55,0.43,2026-06-05,719,N20,VIIRS,n,2,300.75,3.69,D,0
21.6249,84.01469,343.52,0.55,0.43,2026-06-05,719,N20,VIIRS,n,2,302.12,9.07,D,0
21.66386,83.50832,337.61,0.39,0.44,2026-06-05,719,N20,VIIRS,n,2,300.86,4.78,D,0
21.67668,83.26515,338.3,0.41,0.45,2026-06-05,719,N20,VIIRS,n,2,300.43,3.37,D,0
21.6774,83.26899,333.22,0.41,0.45,2026-06-05,719,N20,VIIRS,n,2,299.66,3.37,D,0
21.67806,84.04164,334.09,0.55,0.43,2026-06-05,719,N20,VIIRS,n,2,302.29,4.83,D,2
21.68118,83.51238,334.59,0.39,0.44,2026-06-05,719,N20,VIIRS,n,2,300.88,3.45,D,0
21.6926,83.30563,339.46,0.4,0.44,2026-06-05,719,N20,VIIRS,n,2,301.54,3.91,D,0
21.70317,84.02545,337.27,0.55,0.43,2026-06-05,719,N20,VIIRS,n,2,300.97,5.09,D,0
21.70805,83.12111,342.13,0.41,0.45,2026-06-05,719,N20,VIIRS,n,2,299.9,4.28,D,0
21.71069,83.15714,344.34,0.41,0.45,2026-06-05,719,N20,VIIRS,n,2,302.63,8.16,D,0
21.71783,82.48938,335.92,0.45,0.47,2026-06-05,719,N20,VIIRS,n,2,301.75,3.49,D,0
21.72711,83.42471,333.52,0.4,0.44,2026-06-05,719,N20,VIIRS,n,2,298.54,5.88,D,0
21.72813,83.42445,343.32,0.4,0.44,2026-06-05,719,N20,VIIRS,n,2,297.86,5.44,D,0
21.73544,83.13148,336.42,0.41,0.45,2026-06-05,719,N20,VIIRS,n,2,302.43,3.44,D,0
21.73617,83.13538,346.92,0.41,0.45,2026-06-05,719,N20,VIIRS,n,2,300.79,3.44,D,0
21.73826,83.8405,332.6,0.56,0.43,2026-06-05,719,N20,VIIRS,n,2,301.86,5.71,D,0
21.73877,83.12668,332.73,0.41,0.45,2026-06-05,719,N20,VIIRS,n,2,301.29,5.13,D,0
21.7395,83.13059,340.57,0.41,0.45,2026-06-05,719,N20,VIIRS,n,2,300.81,3.44,D,0
21.74024,83.13451,333.56,0.41,0.45,2026-06-05,719,N20,VIIRS,n,2,300.46,3.44,D,0
21.74098,83.13842,331.89,0.41,0.45,2026-06-05,719,N20,VIIRS,n,2,300.53,4.68,D,0
21.74313,83.84496,341.33,0.56,0.43,2026-06-05,719,N20,VIIRS,n,2,301.69,3.46,D,2
21.74703,83.8441,335.19,0.56,0.43,2026-06-05,719,N20,VIIRS,n,2,301.12,3.46,D,2
21.74728,83.9762,334.15,0.55,0.43,2026-06-05,719,N20,VIIRS,n,2,303.81,5.58,D,0
21.74764,83.12884,343,0.41,0.45,2026-06-05,719,N20,VIIRS,n,2,300.11,7.26,D,0
21.75602,84.02334,330.99,0.55,0.43,2026-06-05,719,N20,VIIRS,l,2,301.26,6.19,D,2
21.75797,82.74294,339.39,0.43,0.46,2026-06-05,719,N20,VIIRS,n,2,301.59,2.35,D,0
21.77609,82.6787,338.65,0.44,0.46,2026-06-05,719,N20,VIIRS,n,2,300.38,1.96,D,0
21.78115,83.83135,335.81,0.56,0.43,2026-06-05,719,N20,VIIRS,n,2,300.86,6.15,D,2
21.78212,83.83665,337.34,0.56,0.43,2026-06-05,719,N20,VIIRS,n,2,300.83,4.68,D,2
21.79182,83.25247,346.21,0.4,0.45,2026-06-05,719,N20,VIIRS,n,2,302.52,4.98,D,0
21.79962,83.88832,339.47,0.56,0.43,2026-06-05,719,N20,VIIRS,n,2,302.83,7.32,D,0
21.79993,82.96202,332.16,0.42,0.45,2026-06-05,719,N20,VIIRS,n,2,299.9,1.5,D,0
21.80411,82.64182,335.76,0.44,0.46,2026-06-05,719,N20,VIIRS,n,2,300.11,4.03,D,0
21.80427,82.68974,330.66,0.44,0.46,2026-06-05,719,N20,VIIRS,n,2,299.84,2.37,D,0
21.8047,82.68929,330.71,0.44,0.46,2026-06-05,719,N20,VIIRS,n,2,299.19,2.18,D,0
21.80505,82.69387,333.62,0.44,0.46,2026-06-05,719,N20,VIIRS,n,2,299.11,2.37,D,0
21.80551,82.69342,337.53,0.44,0.46,2026-06-05,719,N20,VIIRS,n,2,298.92,2.18,D,0
21.8074,82.7063,333.23,0.44,0.46,2026-06-05,719,N20,VIIRS,n,2,301.24,2.97,D,0
21.80793,82.7058,335.24,0.43,0.46,2026-06-05,719,N20,VIIRS,n,2,301.57,1.51,D,0
21.80845,82.68883,332.41,0.44,0.46,2026-06-05,719,N20,VIIRS,n,2,298.73,2.37,D,0
21.80887,82.68839,331.06,0.44,0.46,2026-06-05,719,N20,VIIRS,n,2,299.14,1.81,D,0
21.8091,82.64506,337.98,0.44,0.46,2026-06-05,719,N20,VIIRS,n,2,300.51,3,D,0
21.80923,82.69296,343.29,0.44,0.46,2026-06-05,719,N20,VIIRS,n,2,299.65,2.37,D,0
21.80968,82.69252,340.14,0.44,0.46,2026-06-05,719,N20,VIIRS,n,2,299.75,1.81,D,0
21.81466,82.69574,335.8,0.44,0.46,2026-06-05,719,N20,VIIRS,n,2,301.03,2.68,D,0
21.8246,82.70214,336.2,0.43,0.46,2026-06-05,719,N20,VIIRS,n,2,300.87,1.04,D,0
21.82796,82.69711,341.6,0.44,0.46,2026-06-05,719,N20,VIIRS,n,2,301.01,4.62,D,0
21.8355,82.69116,332.83,0.44,0.46,2026-06-05,719,N20,VIIRS,n,2,300.96,2,D,0
21.8363,82.69527,337.45,0.44,0.46,2026-06-05,719,N20,VIIRS,n,2,302.28,2,D,0
21.83823,82.66036,336.04,0.44,0.46,2026-06-05,719,N20,VIIRS,n,2,300.63,2.06,D,0
21.84268,82.72823,339.12,0.43,0.46,2026-06-05,719,N20,VIIRS,n,2,302.1,2.6,D,0
21.84772,82.61924,338.76,0.44,0.46,2026-06-05,719,N20,VIIRS,n,2,299.24,3.5,D,0
21.85368,82.60485,334.54,0.44,0.46,2026-06-05,719,N20,VIIRS,n,2,299.38,2.79,D,0
21.85448,82.60903,345.33,0.44,0.46,2026-06-05,719,N20,VIIRS,n,2,299.74,6.7,D,0
21.85477,83.04927,340.79,0.41,0.45,2026-06-05,719,N20,VIIRS,n,2,302.3,3.83,D,0
21.85991,82.65993,333.24,0.44,0.46,2026-06-05,719,N20,VIIRS,n,2,298.41,1.49,D,0
21.86229,82.67233,334.3,0.44,0.46,2026-06-05,719,N20,VIIRS,n,2,298.74,1.94,D,0
21.86249,82.6507,331.28,0.44,0.46,2026-06-05,719,N20,VIIRS,n,2,299.78,3.28,D,0
21.86408,82.659,336.03,0.44,0.46,2026-06-05,719,N20,VIIRS,n,2,300.77,6.23,D,0
21.86806,82.04515,348.98,0.48,0.48,2026-06-05,719,N20,VIIRS,n,2,306.23,17.63,D,0
21.86826,82.65809,347.74,0.44,0.46,2026-06-05,719,N20,VIIRS,n,2,300.66,6.23,D,0
21.86864,82.36788,338.91,0.45,0.47,2026-06-05,719,N20,VIIRS,n,2,301.55,3.8,D,0
21.86905,82.66223,355.66,0.44,0.46,2026-06-05,719,N20,VIIRS,n,2,300.77,6.23,D,0
21.86984,82.66636,355.02,0.44,0.46,2026-06-05,719,N20,VIIRS,n,2,301.17,8.8,D,0
21.87105,82.62717,341.2,0.44,0.46,2026-06-05,719,N20,VIIRS,n,2,299.14,4.7,D,0
21.87322,82.66132,344.96,0.44,0.46,2026-06-05,719,N20,VIIRS,n,2,300.44,8,D,0
21.87402,82.66545,341.71,0.44,0.46,2026-06-05,719,N20,VIIRS,n,2,299.93,5.39,D,0
21.87629,82.36169,337.91,0.46,0.47,2026-06-05,719,N20,VIIRS,n,2,301.06,3.35,D,0
21.87884,82.39721,342.25,0.45,0.47,2026-06-05,719,N20,VIIRS,n,2,301.8,5.9,D,0
21.9108,82.65308,340.43,0.44,0.46,2026-06-05,719,N20,VIIRS,n,2,298.48,6.69,D,0
21.9197,83.35253,337.47,0.4,0.44,2026-06-05,719,N20,VIIRS,n,2,304.38,3.5,D,2
21.92184,82.45914,336.13,0.45,0.47,2026-06-05,719,N20,VIIRS,n,2,300.44,3.26,D,0
21.9237,83.35168,330.32,0.4,0.44,2026-06-05,719,N20,VIIRS,l,2,301.97,3.5,D,2
21.92409,85.22508,332.8,0.47,0.4,2026-06-05,719,N20,VIIRS,l,2,299.38,6.75,D,2
21.93398,82.38502,334.37,0.45,0.47,2026-06-05,719,N20,VIIRS,n,2,301.59,2.54,D,0
21.93761,83.02234,343.16,0.41,0.45,2026-06-05,719,N20,VIIRS,n,2,302.79,5.47,D,0
21.93791,82.45117,331.36,0.45,0.47,2026-06-05,719,N20,VIIRS,n,2,299.38,2.38,D,0
21.93822,82.38409,334.19,0.45,0.47,2026-06-05,719,N20,VIIRS,n,2,302.4,2.87,D,0
21.94118,82.46812,333.39,0.45,0.47,2026-06-05,719,N20,VIIRS,n,2,299.9,2.46,D,0
21.98167,82.04475,342.71,0.47,0.48,2026-06-05,719,N20,VIIRS,n,2,304.75,6.92,D,0
21.9829,82.32556,340.6,0.46,0.47,2026-06-05,719,N20,VIIRS,n,2,300.96,3.63,D,0
21.98511,82.03923,343.96,0.47,0.48,2026-06-05,719,N20,VIIRS,n,2,304.57,6.92,D,0
22.00602,83.0737,339.06,0.41,0.45,2026-06-05,719,N20,VIIRS,n,2,301.04,2.84,D,0
22.0143,82.0442,337.5,0.47,0.48,2026-06-05,719,N20,VIIRS,n,2,305,5.46,D,0
22.0232,82.09637,355.53,0.47,0.48,2026-06-05,719,N20,VIIRS,n,2,305.17,10.35,D,0
22.02416,82.09354,342.44,0.47,0.48,2026-06-05,719,N20,VIIRS,n,2,305.21,7.27,D,0
22.02505,82.09801,344.17,0.47,0.48,2026-06-05,719,N20,VIIRS,n,2,304.96,8.51,D,0
22.03334,82.20692,333.56,0.46,0.47,2026-06-05,719,N20,VIIRS,l,2,304.49,2.42,D,0
22.03737,83.35394,330.06,0.4,0.44,2026-06-05,719,N20,VIIRS,l,2,302,2.98,D,2
22.03755,83.73093,331.11,0.56,0.43,2026-06-05,719,N20,VIIRS,n,2,300.62,3.41,D,2
22.03855,83.73631,333.27,0.56,0.43,2026-06-05,719,N20,VIIRS,n,2,301.22,6.18,D,2
22.04145,83.73008,337.58,0.56,0.43,2026-06-05,719,N20,VIIRS,n,2,301.27,7.71,D,2
22.04227,82.09412,334.87,0.47,0.48,2026-06-05,719,N20,VIIRS,n,2,304.24,4,D,0
22.0429,82.40659,339.84,0.45,0.47,2026-06-05,719,N20,VIIRS,n,2,303.32,3.05,D,0
22.04925,83.72839,331.06,0.56,0.43,2026-06-05,719,N20,VIIRS,n,2,300.07,3.28,D,2
22.05216,83.72218,333.69,0.56,0.43,2026-06-05,719,N20,VIIRS,n,2,299.56,3.28,D,0
22.05332,82.05891,337.12,0.47,0.48,2026-06-05,719,N20,VIIRS,n,2,304.95,5.55,D,0
22.07039,82.00803,334.8,0.47,0.48,2026-06-05,719,N20,VIIRS,n,2,303.14,5.21,D,0
22.07294,82.38366,333.46,0.45,0.47,2026-06-05,719,N20,VIIRS,n,2,302.5,1.99,D,0
22.07425,82.38622,331.56,0.45,0.47,2026-06-05,719,N20,VIIRS,l,2,302.01,2.82,D,0
22.13927,82.24714,338.22,0.46,0.47,2026-06-05,719,N20,VIIRS,n,2,304.77,4.78,D,0
22.15755,82.07893,336.06,0.47,0.48,2026-06-05,719,N20,VIIRS,n,2,303.64,5.29,D,0
22.1587,82.15266,336.88,0.46,0.47,2026-06-05,719,N20,VIIRS,n,2,303.37,3.62,D,0
22.16065,82.22993,340.92,0.46,0.47,2026-06-05,719,N20,VIIRS,n,2,303.26,3.68,D,0
22.17247,82.17708,335.91,0.46,0.47,2026-06-05,719,N20,VIIRS,n,2,304.83,2.98,D,0
22.20241,82.21604,334.81,0.46,0.47,2026-06-05,719,N20,VIIRS,n,2,304.37,2.91,D,0
22.20327,82.22041,335.52,0.46,0.47,2026-06-05,719,N20,VIIRS,n,2,303.79,2.91,D,0
22.21386,84.84182,338.94,0.49,0.4,2026-06-05,719,N20,VIIRS,n,2,301.43,10.81,D,2
22.21453,83.08594,333.69,0.41,0.45,2026-06-05,719,N20,VIIRS,n,2,300.86,2.83,D,0
22.21606,82.17187,336.46,0.46,0.47,2026-06-05,719,N20,VIIRS,n,2,304.87,3.95,D,0
22.2376,83.00816,344.8,0.41,0.45,2026-06-05,719,N20,VIIRS,n,2,304.26,12.06,D,0
22.24165,83.00727,331.42,0.41,0.45,2026-06-05,719,N20,VIIRS,n,2,300.12,2.28,D,0
22.30679,83.2851,331.13,0.39,0.44,2026-06-05,719,N20,VIIRS,n,2,300.83,1.29,D,0
22.33048,82.60762,333.19,0.43,0.46,2026-06-05,719,N20,VIIRS,n,2,300.68,2.73,D,2
22.33173,82.60754,333.55,0.43,0.46,2026-06-05,719,N20,VIIRS,n,2,302.05,3.49,D,2
22.39076,83.2393,333.58,0.4,0.44,2026-06-05,719,N20,VIIRS,n,2,301.36,2.82,D,0
22.57396,85.89637,335.93,0.44,0.38,2026-06-05,719,N20,VIIRS,l,2,296.24,4.04,D,2
22.79979,86.08958,334.42,0.43,0.38,2026-06-05,719,N20,VIIRS,l,2,292.34,4.96,D,2
22.81163,82.26627,332.83,0.44,0.46,2026-06-05,719,N20,VIIRS,n,2,302.72,3.24,D,0
22.81195,82.2664,332.59,0.44,0.46,2026-06-05,719,N20,VIIRS,n,2,302.56,2.75,D,0
23.02777,82.52174,338.62,0.42,0.46,2026-06-05,719,N20,VIIRS,n,2,303.35,5.19,D,0
23.06499,83.04922,332.41,0.4,0.44,2026-06-05,719,N20,VIIRS,n,2,301.78,1.93,D,0
23.16446,82.34385,331.82,0.43,0.46,2026-06-05,719,N20,VIIRS,n,2,299.84,3.76,D,2
23.64872,85.43754,333.82,0.44,0.39,2026-06-05,719,N20,VIIRS,l,2,295.47,7.27,D,2
23.82427,84.57487,337.95,0.48,0.4,2026-06-05,719,N20,VIIRS,l,2,297.71,8.66,D,0
24.06742,83.89511,335.5,0.51,0.41,2026-06-05,719,N20,VIIRS,l,2,306.51,4.48,D,0
24.09076,82.90859,344.69,0.39,0.44,2026-06-05,719,N20,VIIRS,n,2,303.99,10.95,D,0
25.78813,84.26138,339.06,0.47,0.4,2026-06-05,720,N20,VIIRS,l,2,303.51,6.31,D,0
25.87185,82.00848,332.75,0.4,0.45,2026-06-05,720,N20,VIIRS,n,2,299.78,1.65,D,0
26.38163,82.03165,341.07,0.4,0.44,2026-06-05,720,N20,VIIRS,n,2,299.05,3.45,D,0
26.38307,82.03204,334.13,0.39,0.44,2026-06-05,720,N20,VIIRS,n,2,298.42,3.64,D,0
25.03147,87.37778,313.15,0.41,0.37,2026-06-05,1946,N20,VIIRS,n,2,292.79,3.37,N,2
25.03253,87.39467,307.56,0.41,0.37,2026-06-05,1946,N20,VIIRS,n,2,291.74,2.63,N,0
25.03265,87.36963,307.36,0.41,0.37,2026-06-05,1946,N20,VIIRS,n,2,292.5,2.96,N,2
25.03489,87.37837,309.62,0.41,0.37,2026-06-05,1946,N20,VIIRS,n,2,293.19,3.11,N,2
25.03547,87.37431,315.19,0.41,0.37,2026-06-05,1946,N20,VIIRS,n,2,293.19,3.85,N,2
25.03654,87.39117,317.02,0.41,0.37,2026-06-05,1946,N20,VIIRS,n,2,292.73,3.96,N,0
25.28658,86.62449,305.8,0.44,0.38,2026-06-05,1946,N20,VIIRS,n,2,292.56,2.5,N,0
25.41502,86.02505,309.22,0.47,0.4,2026-06-05,1946,N20,VIIRS,n,2,290.22,2.14,N,0
21.92025,83.35211,300.56,0.39,0.44,2026-06-05,1947,N20,VIIRS,n,2,266.2,0.64,N,2
21.92071,83.34832,297.38,0.39,0.44,2026-06-05,1947,N20,VIIRS,n,2,265.5,0.64,N,2
21.92428,83.35271,297.91,0.39,0.44,2026-06-05,1947,N20,VIIRS,n,2,265.26,0.84,N,2
22.00575,82.67209,298.92,0.43,0.46,2026-06-05,1947,N20,VIIRS,n,2,266.7,0.63,N,2
22.04045,83.35036,300.54,0.39,0.44,2026-06-05,1947,N20,VIIRS,n,2,267.35,0.94,N,2
22.05169,88.12434,304.81,0.39,0.36,2026-06-05,1947,N20,VIIRS,n,2,270.55,0.6,N,2
22.055,88.12492,302.19,0.39,0.36,2026-06-05,1947,N20,VIIRS,n,2,272.42,0.6,N,2
22.24394,87.39037,316.93,0.4,0.37,2026-06-05,1947,N20,VIIRS,n,2,284,1.43,N,2
22.31865,82.57177,304.58,0.44,0.46,2026-06-05,1947,N20,VIIRS,n,2,277.74,2.27,N,0
22.36925,87.30093,297.32,0.4,0.37,2026-06-05,1947,N20,VIIRS,n,2,266.28,1.05,N,2
22.37939,87.27892,295.13,0.4,0.37,2026-06-05,1947,N20,VIIRS,n,2,259.57,1.42,N,2
23.6841,86.39352,296.55,0.44,0.38,2026-06-05,1947,N20,VIIRS,n,2,258.96,0.8,N,2
23.73594,86.43266,310.61,0.43,0.38,2026-06-05,1947,N20,VIIRS,n,2,277.79,2.12,N,2
23.73943,86.43325,314.56,0.43,0.38,2026-06-05,1947,N20,VIIRS,n,2,279.3,2.01,N,2
23.75231,86.41805,318.8,0.44,0.38,2026-06-05,1947,N20,VIIRS,n,2,285.16,3.67,N,2
23.75761,86.40587,307.65,0.44,0.38,2026-06-05,1947,N20,VIIRS,n,2,282.38,2.16,N,2
23.75768,85.85246,303.56,0.46,0.39,2026-06-05,1947,N20,VIIRS,n,2,276.49,2.13,N,2
23.77415,86.36496,312.29,0.44,0.38,2026-06-05,1947,N20,VIIRS,n,2,273.3,1.27,N,2
23.77769,86.21155,308.42,0.44,0.39,2026-06-05,1947,N20,VIIRS,n,2,283.75,1.82,N,2
23.7783,86.20722,310,0.44,0.39,2026-06-05,1947,N20,VIIRS,n,2,283.25,1.82,N,2
23.7785,86.39059,306.74,0.44,0.38,2026-06-05,1947,N20,VIIRS,n,2,270.94,0.8,N,2
23.78122,86.21216,314.12,0.44,0.39,2026-06-05,1947,N20,VIIRS,n,2,283.42,1.82,N,2
23.782,86.39118,303.89,0.44,0.38,2026-06-05,1947,N20,VIIRS,n,2,278.47,1.38,N,2
23.78303,85.57805,301.91,0.47,0.4,2026-06-05,1947,N20,VIIRS,n,2,273.45,0.72,N,0
23.78308,85.57582,302.78,0.47,0.4,2026-06-05,1947,N20,VIIRS,n,2,272.63,1.81,N,0
23.7943,86.35383,314.97,0.44,0.38,2026-06-05,1947,N20,VIIRS,n,2,284.23,2.43,N,2
23.79841,86.35011,317.12,0.44,0.38,2026-06-05,1947,N20,VIIRS,n,2,285.21,2.43,N,2
23.80076,86.33299,312.83,0.44,0.38,2026-06-05,1947,N20,VIIRS,n,2,288.1,2.3,N,2
23.80427,86.33358,314.93,0.44,0.38,2026-06-05,1947,N20,VIIRS,n,2,288.73,2.59,N,2
23.80486,86.32928,322.45,0.44,0.38,2026-06-05,1947,N20,VIIRS,n,2,289.81,3.75,N,2
23.80605,86.32065,315.43,0.44,0.38,2026-06-05,1947,N20,VIIRS,n,2,289.32,3.36,N,0
24.11604,86.85905,314.45,0.42,0.38,2026-06-05,1947,N20,VIIRS,n,2,291.39,2.68,N,2
24.14232,82.7093,310.73,0.46,0.47,2026-06-05,1947,N20,VIIRS,n,2,291.88,2.49,N,0
24.14664,82.70992,310.78,0.46,0.47,2026-06-05,1947,N20,VIIRS,n,2,291.74,2.35,N,0
24.15429,82.60101,306.99,0.46,0.47,2026-06-05,1947,N20,VIIRS,n,2,290.23,3.16,N,0
24.15629,82.70216,311.72,0.46,0.47,2026-06-05,1947,N20,VIIRS,n,2,291.4,2.96,N,0
24.16536,82.62072,309.08,0.46,0.47,2026-06-05,1947,N20,VIIRS,n,2,289.8,3.07,N,2
24.17923,82.6545,306.9,0.46,0.47,2026-06-05,1947,N20,VIIRS,n,2,290.79,2.18,N,0
24.18306,82.65961,306.83,0.46,0.47,2026-06-05,1947,N20,VIIRS,n,2,290.91,2.18,N,2
24.20346,82.7123,323.01,0.46,0.47,2026-06-05,1947,N20,VIIRS,n,2,293,5.14,N,2
24.20396,82.708,312.2,0.46,0.47,2026-06-05,1947,N20,VIIRS,n,2,292.28,3.6,N,0
24.36856,88.09869,305.67,0.39,0.36,2026-06-05,1947,N20,VIIRS,n,2,291.46,1.12,N,0
20.51506,85.72369,307.5,0.43,0.38,2026-06-05,1948,N20,VIIRS,n,2,290.61,3,N,2
20.53184,85.90697,305.87,0.43,0.38,2026-06-05,1948,N20,VIIRS,n,2,288.52,1.1,N,2
20.75883,85.29855,301.73,0.45,0.39,2026-06-05,1948,N20,VIIRS,n,2,271.17,0.91,N,2
20.7624,85.29908,298.94,0.45,0.39,2026-06-05,1948,N20,VIIRS,n,2,271.91,0.91,N,2
20.78577,85.26277,301.14,0.45,0.39,2026-06-05,1948,N20,VIIRS,n,2,272.81,1.77,N,2
20.79289,85.25313,304.94,0.46,0.39,2026-06-05,1948,N20,VIIRS,n,2,271.35,1.41,N,2
20.79415,85.25526,313.86,0.46,0.39,2026-06-05,1948,N20,VIIRS,n,2,272.41,2.69,N,2
20.79646,85.25371,305.19,0.46,0.39,2026-06-05,1948,N20,VIIRS,n,2,270.83,1.41,N,2
20.80661,85.25972,298.7,0.46,0.39,2026-06-05,1948,N20,VIIRS,n,2,268.43,0.81,N,2
20.8072,85.25536,305.21,0.46,0.39,2026-06-05,1948,N20,VIIRS,n,2,268.41,0.81,N,2
20.86499,84.9938,314.7,0.47,0.4,2026-06-05,1948,N20,VIIRS,n,2,278.93,2.17,N,2
20.86559,84.98936,314.17,0.47,0.4,2026-06-05,1948,N20,VIIRS,n,2,279.06,1.96,N,2
20.86861,84.99436,313.77,0.47,0.4,2026-06-05,1948,N20,VIIRS,n,2,278.86,2.17,N,2
20.87224,84.99493,317.75,0.47,0.4,2026-06-05,1948,N20,VIIRS,n,2,278.85,1.95,N,2
20.94856,86.04893,319.88,0.43,0.38,2026-06-05,1948,N20,VIIRS,n,2,285.85,1.82,N,2
20.94889,85.06372,296.9,0.47,0.39,2026-06-05,1948,N20,VIIRS,n,2,263.8,0.85,N,0
20.95202,86.0495,307.11,0.43,0.38,2026-06-05,1948,N20,VIIRS,n,2,282.64,1.82,N,2
20.9526,86.04546,308.59,0.43,0.38,2026-06-05,1948,N20,VIIRS,n,2,280.29,2.77,N,2
20.96136,85.18798,306.84,0.46,0.39,2026-06-05,1948,N20,VIIRS,n,2,272.05,1.13,N,2
20.96191,86.00526,302.31,0.43,0.38,2026-06-05,1948,N20,VIIRS,n,2,277.92,0.69,N,2
20.96319,85.17477,302.29,0.46,0.39,2026-06-05,1948,N20,VIIRS,n,2,269.67,0.82,N,2
20.9638,85.17034,297.97,0.46,0.39,2026-06-05,1948,N20,VIIRS,n,2,269.73,0.82,N,2
20.96421,86.01397,299.26,0.43,0.38,2026-06-05,1948,N20,VIIRS,n,2,276.49,0.64,N,2
20.96436,85.19292,298.6,0.46,0.39,2026-06-05,1948,N20,VIIRS,n,2,269.36,1.13,N,2
20.96479,86.0099,299.78,0.43,0.38,2026-06-05,1948,N20,VIIRS,n,2,276.36,0.64,N,2
20.96496,85.18854,314.75,0.46,0.39,2026-06-05,1948,N20,VIIRS,n,2,272.04,1.13,N,2
20.96538,86.00581,313.44,0.43,0.38,2026-06-05,1948,N20,VIIRS,n,2,277.08,0.69,N,2
20.96557,85.18416,301.34,0.46,0.39,2026-06-05,1948,N20,VIIRS,n,2,272.29,1.03,N,2
20.96596,86.00173,308.01,0.43,0.38,2026-06-05,1948,N20,VIIRS,n,2,277.94,0.69,N,2
20.96618,85.17976,297.64,0.46,0.39,2026-06-05,1948,N20,VIIRS,n,2,269.85,1.03,N,2
20.96679,85.17532,306.43,0.46,0.39,2026-06-05,1948,N20,VIIRS,n,2,270.06,0.82,N,2
20.9674,85.1709,303.61,0.46,0.39,2026-06-05,1948,N20,VIIRS,n,2,270.9,0.82,N,2
20.96768,86.01453,301.59,0.43,0.38,2026-06-05,1948,N20,VIIRS,n,2,270.01,0.96,N,2
20.96977,85.18031,298.6,0.46,0.39,2026-06-05,1948,N20,VIIRS,n,2,268.72,0.95,N,2
20.97038,85.17587,321.03,0.46,0.39,2026-06-05,1948,N20,VIIRS,n,2,268.98,2.82,N,2
20.9729,86.00285,305.83,0.43,0.38,2026-06-05,1948,N20,VIIRS,n,2,274.51,1.58,N,2
20.97579,86.00749,298.52,0.43,0.38,2026-06-05,1948,N20,VIIRS,n,2,270.69,1.59,N,2
21.07857,85.04056,296,0.47,0.4,2026-06-05,1948,N20,VIIRS,n,2,259.74,0.71,N,2
20.58328,82.18996,331.53,0.5,0.66,2026-06-06,700,N20,VIIRS,n,2,292.38,1.99,D,0
20.72244,84.51365,336.45,0.35,0.57,2026-06-06,700,N20,VIIRS,n,2,292.93,3.59,D,0
20.7238,84.51225,339.01,0.35,0.57,2026-06-06,700,N20,VIIRS,n,2,292.13,2.96,D,0
20.74947,84.10011,335.03,0.37,0.58,2026-06-06,700,N20,VIIRS,n,2,293.92,1.45,D,0
20.75061,84.10136,333.05,0.37,0.58,2026-06-06,700,N20,VIIRS,n,2,294.47,3.77,D,0
20.7718,84.07588,333.63,0.37,0.58,2026-06-06,700,N20,VIIRS,n,2,295.57,1.44,D,0
20.88677,84.98292,332.07,0.32,0.55,2026-06-06,700,N20,VIIRS,n,2,290.25,1.81,D,2
20.93524,84.04672,331.07,0.37,0.58,2026-06-06,700,N20,VIIRS,n,2,293.97,1.16,D,0
20.94908,83.80846,346.11,0.38,0.59,2026-06-06,700,N20,VIIRS,n,2,295.12,3.34,D,0
20.96297,86.00758,331.99,0.56,0.51,2026-06-06,700,N20,VIIRS,n,2,291.16,5.43,D,2
20.97264,83.81406,340.94,0.38,0.59,2026-06-06,700,N20,VIIRS,n,2,295.6,6.6,D,0
20.97449,82.55204,367,0.46,0.64,2026-06-06,700,N20,VIIRS,h,2,295.09,9.83,D,0
20.97546,82.5563,333.02,0.46,0.64,2026-06-06,700,N20,VIIRS,n,2,294.44,7.33,D,0
21.02274,83.83965,333.58,0.38,0.59,2026-06-06,700,N20,VIIRS,n,2,295.59,3.91,D,0
21.02567,83.83862,336.12,0.38,0.59,2026-06-06,700,N20,VIIRS,n,2,296.71,4.33,D,0
21.10444,83.86826,330.84,0.38,0.59,2026-06-06,700,N20,VIIRS,n,2,296.13,3.25,D,0
21.11303,82.2022,331.06,0.48,0.65,2026-06-06,700,N20,VIIRS,n,2,290.99,3.83,D,0
21.11803,82.43517,330.06,0.47,0.64,2026-06-06,700,N20,VIIRS,n,2,294.36,3.54,D,0
21.15187,82.12902,334.87,0.49,0.65,2026-06-06,700,N20,VIIRS,n,2,291.6,4.53,D,0
21.1538,82.09241,334.42,0.49,0.65,2026-06-06,700,N20,VIIRS,n,2,294.02,5.72,D,0
21.15626,82.0938,343.32,0.49,0.65,2026-06-06,700,N20,VIIRS,n,2,294.49,11.5,D,0
21.16071,82.09545,342.98,0.49,0.65,2026-06-06,700,N20,VIIRS,n,2,293.42,5.72,D,0
21.16313,82.09682,331.55,0.49,0.65,2026-06-06,700,N20,VIIRS,n,2,290.6,6.81,D,0
21.16491,82.24098,330.47,0.48,0.65,2026-06-06,700,N20,VIIRS,n,2,292.85,5.36,D,0
21.1687,82.15636,348.6,0.49,0.65,2026-06-06,700,N20,VIIRS,n,2,292.95,8.43,D,0
21.1697,82.15331,339.58,0.49,0.65,2026-06-06,700,N20,VIIRS,n,2,293.72,7.54,D,0
21.18208,83.53047,333.38,0.4,0.6,2026-06-06,700,N20,VIIRS,n,2,295.47,1.28,D,0
21.22038,82.43286,339.76,0.47,0.64,2026-06-06,700,N20,VIIRS,n,2,289.81,7.58,D,0
21.25308,82.81775,340.62,0.44,0.62,2026-06-06,700,N20,VIIRS,n,2,294.77,4.71,D,0
21.27966,82.93587,342.8,0.43,0.62,2026-06-06,700,N20,VIIRS,n,2,294.77,3.79,D,0
21.31471,82.80244,330.02,0.44,0.62,2026-06-06,700,N20,VIIRS,n,2,296.03,2.18,D,0
21.33338,83.76187,330.24,0.38,0.59,2026-06-06,700,N20,VIIRS,n,2,295.17,2.09,D,0
21.33693,83.76148,367,0.38,0.59,2026-06-06,700,N20,VIIRS,h,2,295.44,7.53,D,0
21.35436,83.98994,335.55,0.37,0.58,2026-06-06,700,N20,VIIRS,n,2,295.62,3.04,D,0
21.36251,84.00249,335.57,0.37,0.58,2026-06-06,700,N20,VIIRS,n,2,294.32,2.54,D,0
21.36913,84.00831,344.26,0.37,0.58,2026-06-06,700,N20,VIIRS,n,2,294.19,5.06,D,0
21.36919,84.00816,343.52,0.37,0.58,2026-06-06,700,N20,VIIRS,n,2,294.88,5.72,D,0
21.38356,82.93719,335.15,0.43,0.62,2026-06-06,700,N20,VIIRS,n,2,294.85,2.58,D,0
21.38766,83.99278,331.49,0.37,0.58,2026-06-06,700,N20,VIIRS,n,2,294.77,2.17,D,0
21.40408,84.01784,339.01,0.36,0.58,2026-06-06,700,N20,VIIRS,n,2,295.98,5.16,D,0
21.42631,84.1202,330.19,0.36,0.57,2026-06-06,700,N20,VIIRS,n,2,294.05,1.52,D,0
21.43429,83.03346,334.65,0.42,0.61,2026-06-06,700,N20,VIIRS,n,2,295.17,7.75,D,0
21.43518,83.03746,352,0.42,0.61,2026-06-06,700,N20,VIIRS,n,2,295.53,12.47,D,0
21.48584,84.14475,337.84,0.36,0.57,2026-06-06,700,N20,VIIRS,n,2,295.2,4.3,D,0
21.521,84.07833,334.28,0.36,0.57,2026-06-06,700,N20,VIIRS,n,2,294.85,6.16,D,0
21.52174,84.08172,352.21,0.36,0.57,2026-06-06,700,N20,VIIRS,n,2,295.83,6.16,D,0
21.52248,84.08513,367,0.36,0.57,2026-06-06,700,N20,VIIRS,h,2,295.44,11.55,D,0
21.52322,84.08853,367,0.36,0.57,2026-06-06,700,N20,VIIRS,h,2,294.26,11.55,D,0
21.53575,84.0711,332.55,0.36,0.57,2026-06-06,700,N20,VIIRS,n,2,294.87,2.27,D,0
21.56522,84.08178,334.68,0.36,0.57,2026-06-06,700,N20,VIIRS,n,2,295.01,2.54,D,0
21.57494,83.0973,350.17,0.41,0.61,2026-06-06,700,N20,VIIRS,n,2,293.37,6.73,D,0
21.67671,84.04067,332.69,0.36,0.57,2026-06-06,700,N20,VIIRS,n,2,295.54,2.78,D,2
21.69527,83.09447,342.08,0.41,0.61,2026-06-06,700,N20,VIIRS,n,2,294.85,4.32,D,0
21.71345,83.04892,334.89,0.41,0.61,2026-06-06,700,N20,VIIRS,n,2,296.55,3.32,D,0
21.71404,83.04857,331.59,0.41,0.61,2026-06-06,700,N20,VIIRS,n,2,296.6,1.49,D,0
21.78858,82.66349,335.37,0.44,0.62,2026-06-06,700,N20,VIIRS,n,2,293.88,2.1,D,0
21.79512,82.64001,335.99,0.44,0.62,2026-06-06,700,N20,VIIRS,n,2,294.73,2.34,D,0
21.85569,82.9106,331.73,0.42,0.61,2026-06-06,700,N20,VIIRS,n,2,294.57,2.05,D,0
21.8634,82.40594,333.22,0.45,0.63,2026-06-06,700,N20,VIIRS,n,2,295.39,2.51,D,0
21.88531,82.47667,338.77,0.45,0.63,2026-06-06,700,N20,VIIRS,n,2,295.46,4.83,D,0
21.89587,82.43582,337.36,0.45,0.63,2026-06-06,700,N20,VIIRS,n,2,294.23,2.99,D,0
21.89846,82.58803,339.18,0.44,0.62,2026-06-06,700,N20,VIIRS,n,2,295.17,2.95,D,0
21.89938,82.43289,330.9,0.45,0.63,2026-06-06,700,N20,VIIRS,n,2,295.24,4.48,D,0
21.90033,82.43715,330.32,0.45,0.63,2026-06-06,700,N20,VIIRS,n,2,295.07,4.57,D,0
21.90151,82.43435,332.15,0.45,0.63,2026-06-06,700,N20,VIIRS,n,2,295.55,3.22,D,0
21.90876,82.50153,336.21,0.45,0.63,2026-06-06,700,N20,VIIRS,n,2,295.2,2.32,D,0
21.91132,82.50277,332.09,0.44,0.63,2026-06-06,700,N20,VIIRS,n,2,294.23,4.1,D,0
21.91531,82.54588,339,0.44,0.62,2026-06-06,700,N20,VIIRS,n,2,295.62,3.12,D,0
21.91902,82.5475,337.38,0.44,0.62,2026-06-06,700,N20,VIIRS,n,2,295.83,2.94,D,0
21.91908,82.49447,336.22,0.45,0.63,2026-06-06,700,N20,VIIRS,n,2,294.2,5.73,D,0
21.91945,83.35162,339.46,0.39,0.6,2026-06-06,700,N20,VIIRS,n,2,295.26,4.53,D,2
21.92093,82.54446,332.17,0.44,0.62,2026-06-06,700,N20,VIIRS,n,2,295.82,3.12,D,0
21.92185,82.53358,336.91,0.44,0.63,2026-06-06,700,N20,VIIRS,n,2,297.18,7.02,D,0
21.92367,82.53056,330.42,0.44,0.63,2026-06-06,700,N20,VIIRS,n,2,297.02,4.99,D,0
21.93183,82.65788,330.49,0.43,0.62,2026-06-06,700,N20,VIIRS,n,2,294.11,2.72,D,0
21.93273,82.66193,333.05,0.43,0.62,2026-06-06,700,N20,VIIRS,n,2,293.94,2.72,D,0
21.93376,82.64013,331.87,0.44,0.62,2026-06-06,700,N20,VIIRS,n,2,295.02,3.62,D,0
21.93843,82.63458,330.63,0.44,0.62,2026-06-06,700,N20,VIIRS,n,2,295.16,3.06,D,0
21.93881,82.36171,330.11,0.45,0.63,2026-06-06,700,N20,VIIRS,n,2,295.34,3.99,D,0
21.9409,82.63132,332.64,0.44,0.62,2026-06-06,700,N20,VIIRS,n,2,294.96,3.73,D,0
21.94454,82.59561,340.27,0.44,0.62,2026-06-06,700,N20,VIIRS,n,2,295.22,4.05,D,0
21.94695,82.5932,334.33,0.44,0.62,2026-06-06,700,N20,VIIRS,n,2,295.78,3.92,D,0
21.95347,82.59594,342.69,0.44,0.62,2026-06-06,700,N20,VIIRS,n,2,294.47,3.92,D,0
21.95924,82.72821,330.57,0.43,0.62,2026-06-06,700,N20,VIIRS,n,2,295.07,1.15,D,0
21.96137,82.6175,331.83,0.44,0.62,2026-06-06,700,N20,VIIRS,n,2,295.47,1.66,D,0
21.96389,82.9583,330.5,0.42,0.61,2026-06-06,700,N20,VIIRS,n,2,294.75,0.85,D,0
21.96935,82.95687,335.89,0.42,0.61,2026-06-06,700,N20,VIIRS,n,2,296.7,4.08,D,0
21.9984,82.87887,330.29,0.42,0.61,2026-06-06,700,N20,VIIRS,n,2,295.24,2.22,D,0
22.02162,82.88261,330.64,0.42,0.61,2026-06-06,700,N20,VIIRS,n,2,294.26,1.23,D,0
22.04256,82.52084,340.2,0.44,0.62,2026-06-06,700,N20,VIIRS,n,2,293.98,3.93,D,0
22.04366,82.10342,338.99,0.47,0.64,2026-06-06,700,N20,VIIRS,n,2,293.65,7.86,D,0
22.04411,82.10561,346.35,0.47,0.64,2026-06-06,700,N20,VIIRS,n,2,292.85,7.86,D,0
22.04623,82.52122,333.87,0.44,0.62,2026-06-06,700,N20,VIIRS,n,2,294.28,3.19,D,0
22.06773,82.26361,346.72,0.46,0.63,2026-06-06,700,N20,VIIRS,n,2,298.3,4.2,D,0
22.06819,82.26097,334.38,0.46,0.63,2026-06-06,700,N20,VIIRS,n,2,296.96,4.43,D,0
22.17345,82.16581,331.41,0.46,0.64,2026-06-06,700,N20,VIIRS,n,2,293.8,2.05,D,0
22.20696,82.18,343.76,0.46,0.63,2026-06-06,700,N20,VIIRS,n,2,295.68,4.92,D,0
22.48526,83.10567,338.03,0.4,0.6,2026-06-06,700,N20,VIIRS,n,2,293.84,4.67,D,0
22.48713,83.10593,342.8,0.4,0.6,2026-06-06,700,N20,VIIRS,n,2,293.78,4.22,D,0
23.73534,86.43497,332.42,0.46,0.47,2026-06-06,700,N20,VIIRS,n,2,292.94,6.32,D,2
24.95218,82.32594,331.56,0.39,0.59,2026-06-06,701,N20,VIIRS,n,2,296.21,1.13,D,0
25.8471,84.52754,335.29,0.55,0.51,2026-06-06,701,N20,VIIRS,n,2,294.19,3.34,D,0
26.2928,84.67389,330.88,0.53,0.5,2026-06-06,701,N20,VIIRS,n,2,292.28,2.32,D,0
21.10559,82.29134,335.19,0.69,0.74,2026-06-06,840,N20,VIIRS,n,2,292.04,10.12,D,0
21.10578,82.29684,351.54,0.69,0.74,2026-06-06,840,N20,VIIRS,n,2,291.77,13.12,D,0
21.10609,82.29817,338.01,0.69,0.74,2026-06-06,840,N20,VIIRS,n,2,291.12,9.38,D,0
21.10889,82.24883,335.73,0.69,0.74,2026-06-06,840,N20,VIIRS,n,2,292.13,3.08,D,0
21.1095,82.25002,332.29,0.69,0.74,2026-06-06,840,N20,VIIRS,n,2,293.07,8.16,D,0
21.99901,82.04641,346.31,0.68,0.74,2026-06-06,841,N20,VIIRS,n,2,294.01,9.76,D,0
22.0001,82.04631,346.71,0.68,0.74,2026-06-06,841,N20,VIIRS,n,2,293.77,8.07,D,0
22.07264,82.00063,367,0.68,0.74,2026-06-06,841,N20,VIIRS,h,2,294.22,19.84,D,0
22.35804,82.3024,335.86,0.71,0.75,2026-06-06,841,N20,VIIRS,n,2,295.35,8.91,D,2
22.35923,82.30417,330.29,0.71,0.75,2026-06-06,841,N20,VIIRS,n,2,295.21,3.68,D,2
26.76043,83.2011,303.06,0.45,0.63,2026-06-06,1927,N20,VIIRS,n,2,287.16,1.8,N,2
23.66424,85.00065,306.24,0.32,0.55,2026-06-06,1928,N20,VIIRS,n,2,276.17,1.48,N,2
23.16653,82.34368,295.22,0.66,0.73,2026-06-06,2109,N20,VIIRS,n,2,265.33,1.3,N,2
23.16811,82.33738,300.96,0.66,0.73,2026-06-06,2109,N20,VIIRS,n,2,265.06,1.84,N,2
20.97467,83.97309,331.41,0.75,0.77,2026-06-07,641,N20,VIIRS,n,2,290.1,5.25,D,0
20.97602,83.97345,331.56,0.75,0.77,2026-06-07,641,N20,VIIRS,n,2,289.56,4.48,D,0
21.65075,83.48492,338.43,0.78,0.78,2026-06-07,641,N20,VIIRS,n,2,285.92,8.74,D,0
26.52225,84.50381,339.49,0.52,0.67,2026-06-07,643,N20,VIIRS,n,2,290.14,11.46,D,0
20.45852,82.66489,337.53,0.35,0.57,2026-06-07,821,N20,VIIRS,n,2,303.51,3.58,D,0
20.62098,82.06371,334.47,0.32,0.55,2026-06-07,821,N20,VIIRS,n,2,300.51,2.09,D,0
20.65936,82.08807,351.93,0.33,0.55,2026-06-07,821,N20,VIIRS,n,2,296.21,4.42,D,0
20.72669,82.47025,337.18,0.35,0.56,2026-06-07,821,N20,VIIRS,n,2,305.16,3.62,D,0
20.81464,82.23061,354.42,0.33,0.56,2026-06-07,821,N20,VIIRS,n,2,305.88,5.84,D,0
20.81696,82.22884,342.17,0.33,0.56,2026-06-07,821,N20,VIIRS,n,2,304.31,3.54,D,0
20.81729,82.23203,339.37,0.33,0.56,2026-06-07,821,N20,VIIRS,n,2,305.82,3.54,D,0
20.82065,83.87473,333.63,0.43,0.62,2026-06-07,821,N20,VIIRS,n,2,295.1,2.43,D,0
20.84189,82.465,349.44,0.35,0.56,2026-06-07,821,N20,VIIRS,n,2,305.56,2.51,D,0
20.84273,82.46341,333.46,0.35,0.56,2026-06-07,821,N20,VIIRS,n,2,303.19,1.52,D,0
20.84492,82.69906,333.29,0.36,0.57,2026-06-07,821,N20,VIIRS,n,2,305.27,3.15,D,0
20.84528,82.70255,367,0.36,0.57,2026-06-07,821,N20,VIIRS,h,2,304.06,3.15,D,0
20.84781,82.47115,338.95,0.35,0.56,2026-06-07,821,N20,VIIRS,n,2,305.54,2.95,D,0
20.84816,82.47449,348.85,0.35,0.56,2026-06-07,821,N20,VIIRS,n,2,304.64,2.95,D,0
20.84893,82.4729,367,0.35,0.56,2026-06-07,821,N20,VIIRS,h,2,305.67,5.74,D,0
20.88349,84.98492,340.83,0.51,0.66,2026-06-07,821,N20,VIIRS,n,2,290.98,7.62,D,2
20.88426,84.98616,331.68,0.51,0.66,2026-06-07,821,N20,VIIRS,n,2,290.89,8.92,D,0
20.89465,82.2022,347.07,0.33,0.56,2026-06-07,821,N20,VIIRS,n,2,298.1,4.78,D,0
20.96832,85.17669,331.29,0.52,0.67,2026-06-07,821,N20,VIIRS,n,2,285.59,11.81,D,2
20.9688,85.17601,334.83,0.52,0.67,2026-06-07,821,N20,VIIRS,n,2,286.18,11.88,D,2
20.98586,83.80724,367,0.43,0.62,2026-06-07,821,N20,VIIRS,h,2,299.05,9.14,D,0
20.98623,83.81136,349.5,0.43,0.62,2026-06-07,821,N20,VIIRS,n,2,297.6,9.14,D,0
21.09612,82.29303,335.02,0.34,0.56,2026-06-07,821,N20,VIIRS,n,2,302.37,2.58,D,0
21.09646,82.29634,334.45,0.34,0.56,2026-06-07,821,N20,VIIRS,n,2,301.82,2.58,D,0
21.10163,82.29582,335.16,0.34,0.56,2026-06-07,821,N20,VIIRS,n,2,303.86,3.11,D,0
21.11332,82.30792,338.42,0.34,0.56,2026-06-07,821,N20,VIIRS,n,2,303.5,3.63,D,0
21.11341,82.41161,331.39,0.35,0.56,2026-06-07,821,N20,VIIRS,n,2,300.79,1.93,D,0
21.11568,82.33093,330.45,0.34,0.56,2026-06-07,821,N20,VIIRS,l,2,302.07,2.46,D,0
21.11985,82.32053,332.71,0.34,0.56,2026-06-07,821,N20,VIIRS,n,2,301.97,2.04,D,0
21.12086,82.33038,337.59,0.34,0.56,2026-06-07,821,N20,VIIRS,n,2,303.09,2.46,D,0
21.13954,82.07853,367,0.33,0.55,2026-06-07,821,N20,VIIRS,h,2,308.59,19.11,D,0
21.15712,82.15099,342.1,0.33,0.56,2026-06-07,821,N20,VIIRS,n,2,304.04,4.5,D,0
21.15784,82.31576,332.82,0.34,0.56,2026-06-07,821,N20,VIIRS,n,2,299.35,1.45,D,0
21.18491,82.11886,344.35,0.33,0.55,2026-06-07,821,N20,VIIRS,n,2,305.95,3.9,D,0
21.19223,83.38197,350.56,0.4,0.6,2026-06-07,821,N20,VIIRS,n,2,296.24,4.72,D,0
21.19777,82.24493,355.32,0.34,0.56,2026-06-07,821,N20,VIIRS,n,2,294.61,6.65,D,0
21.1981,82.24818,333.25,0.34,0.56,2026-06-07,821,N20,VIIRS,n,2,295.04,3.24,D,0
21.19843,82.25143,345.21,0.34,0.56,2026-06-07,821,N20,VIIRS,n,2,295.77,3.24,D,0
21.19894,83.88851,332.46,0.43,0.62,2026-06-07,821,N20,VIIRS,n,2,299.04,2.29,D,0
21.203,83.8881,344.36,0.43,0.62,2026-06-07,821,N20,VIIRS,n,2,299.19,5.29,D,0
21.20467,83.88792,330.77,0.43,0.62,2026-06-07,821,N20,VIIRS,n,2,298.62,2.29,D,0
21.27243,82.77531,348.32,0.37,0.58,2026-06-07,821,N20,VIIRS,n,2,304.24,14.32,D,0
21.27279,82.77888,367,0.37,0.58,2026-06-07,821,N20,VIIRS,h,2,304.43,20.99,D,0
21.31069,83.51378,352.28,0.41,0.61,2026-06-07,821,N20,VIIRS,n,2,300.64,5.33,D,0
21.31103,82.83641,331.86,0.37,0.58,2026-06-07,821,N20,VIIRS,l,2,303.75,0.82,D,0
21.38998,83.99549,335.15,0.44,0.62,2026-06-07,821,N20,VIIRS,n,2,292.44,7.42,D,0
21.30883,82.83733,334.11,0.37,0.58,2026-06-07,822,N20,VIIRS,n,2,304.09,1.12,D,0
21.37107,82.54191,338.33,0.36,0.57,2026-06-07,822,N20,VIIRS,n,2,303.84,5.43,D,0
21.37117,82.54217,338.46,0.36,0.57,2026-06-07,822,N20,VIIRS,n,2,303.61,3.7,D,0
21.42189,83.82288,331.5,0.43,0.62,2026-06-07,822,N20,VIIRS,n,2,293.04,2.57,D,0
21.52971,82.87209,333.31,0.38,0.58,2026-06-07,822,N20,VIIRS,l,2,307.81,1.26,D,0
21.57198,83.08918,344.21,0.39,0.59,2026-06-07,822,N20,VIIRS,n,2,303.54,3.7,D,0
21.57234,83.09298,331.99,0.39,0.59,2026-06-07,822,N20,VIIRS,l,2,303.39,1.83,D,0
21.59707,83.3592,337.38,0.4,0.6,2026-06-07,822,N20,VIIRS,n,2,302.47,2.06,D,0
21.62786,83.32833,335.54,0.4,0.6,2026-06-07,822,N20,VIIRS,n,2,298.79,2.15,D,0
21.63568,83.47173,342.4,0.41,0.61,2026-06-07,822,N20,VIIRS,n,2,301.19,3.87,D,0
21.63606,83.47575,331.8,0.41,0.61,2026-06-07,822,N20,VIIRS,n,2,300.69,3.87,D,0
21.63643,83.47977,334.4,0.41,0.61,2026-06-07,822,N20,VIIRS,n,2,298.67,3.15,D,0
21.64174,82.11803,335.6,0.34,0.56,2026-06-07,822,N20,VIIRS,n,2,296.59,0.98,D,0
21.64496,83.39034,334.03,0.41,0.6,2026-06-07,822,N20,VIIRS,n,2,299.81,5.1,D,0
21.69573,83.10017,342.16,0.39,0.59,2026-06-07,822,N20,VIIRS,n,2,298.94,5.9,D,0
21.70157,83.10342,367,0.39,0.59,2026-06-07,822,N20,VIIRS,h,2,299.88,8.33,D,0
21.70193,83.10721,332.05,0.39,0.59,2026-06-07,822,N20,VIIRS,n,2,297.2,8.33,D,0
21.74003,83.45383,335.78,0.41,0.61,2026-06-07,822,N20,VIIRS,n,2,299.2,2.38,D,0
21.74116,83.84523,344.59,0.44,0.62,2026-06-07,822,N20,VIIRS,n,2,296.5,7.6,D,2
21.74653,83.84045,333.09,0.44,0.62,2026-06-07,822,N20,VIIRS,n,2,294.5,5.85,D,2
21.74672,83.97485,333.72,0.45,0.63,2026-06-07,822,N20,VIIRS,n,2,286.94,5.54,D,0
21.74692,83.8448,342.76,0.44,0.62,2026-06-07,822,N20,VIIRS,n,2,295.83,4.37,D,2
21.75267,83.84432,332.2,0.44,0.62,2026-06-07,822,N20,VIIRS,n,2,294.36,4.37,D,2
21.77393,83.39397,331.66,0.41,0.6,2026-06-07,822,N20,VIIRS,l,2,302.5,0.99,D,0
21.77816,83.39321,331.09,0.41,0.61,2026-06-07,822,N20,VIIRS,l,2,303.09,1.05,D,0
21.78062,83.83295,347.37,0.44,0.62,2026-06-07,822,N20,VIIRS,n,2,293.98,5.78,D,2
21.80289,82.71523,345.91,0.37,0.58,2026-06-07,822,N20,VIIRS,n,2,298.55,3.67,D,0
21.87588,83.23642,335.52,0.4,0.6,2026-06-07,822,N20,VIIRS,n,2,302.66,1.22,D,0
21.89273,83.30081,339.25,0.4,0.6,2026-06-07,822,N20,VIIRS,n,2,304.19,2.58,D,0
21.91966,83.34972,331.21,0.41,0.6,2026-06-07,822,N20,VIIRS,l,2,304.69,3.12,D,2
21.92002,83.35371,336.47,0.41,0.6,2026-06-07,822,N20,VIIRS,n,2,303.07,4.13,D,2
21.92451,83.34125,335.59,0.41,0.6,2026-06-07,822,N20,VIIRS,l,2,306.23,2.56,D,2
22.03647,83.73009,337.5,0.43,0.62,2026-06-07,822,N20,VIIRS,n,2,303.64,5.93,D,2
22.03701,83.35312,333.39,0.41,0.61,2026-06-07,822,N20,VIIRS,l,2,305.39,5.04,D,2
22.07214,82.06173,335.91,0.34,0.56,2026-06-07,822,N20,VIIRS,n,2,300.58,2.33,D,0
22.07427,82.03178,348.58,0.34,0.56,2026-06-07,822,N20,VIIRS,n,2,300.56,3.8,D,0
22.07647,82.02983,348.48,0.34,0.56,2026-06-07,822,N20,VIIRS,n,2,300.48,2.83,D,0
22.14337,82.07542,341.83,0.34,0.56,2026-06-07,822,N20,VIIRS,n,2,298.05,2.56,D,0
22.14885,82.07816,335.02,0.34,0.56,2026-06-07,822,N20,VIIRS,n,2,299.62,2.37,D,0
22.16919,82.17693,339.4,0.34,0.56,2026-06-07,822,N20,VIIRS,n,2,291.64,2.32,D,0
22.17792,83.48684,334.97,0.42,0.61,2026-06-07,822,N20,VIIRS,n,2,303.47,3.79,D,0
22.18911,82.06379,331.44,0.34,0.56,2026-06-07,822,N20,VIIRS,n,2,299.67,0.82,D,0
22.20918,82.19596,337.69,0.35,0.56,2026-06-07,822,N20,VIIRS,n,2,292.22,4.76,D,0
23.35267,83.1857,330.27,0.41,0.61,2026-06-07,822,N20,VIIRS,l,2,302.37,6.37,D,0
23.35459,83.18855,337.16,0.41,0.61,2026-06-07,822,N20,VIIRS,n,2,300.06,4.03,D,0
23.96017,82.80253,348.89,0.4,0.6,2026-06-07,822,N20,VIIRS,n,2,299.13,5.25,D,0
23.96031,82.80127,353.41,0.4,0.6,2026-06-07,822,N20,VIIRS,n,2,300.34,7.12,D,0
24.11941,82.9676,344.76,0.41,0.6,2026-06-07,822,N20,VIIRS,n,2,299.58,7.94,D,0
24.17567,82.65018,332.06,0.39,0.59,2026-06-07,822,N20,VIIRS,n,2,296.49,2.6,D,0
24.21171,83.51035,332.15,0.44,0.63,2026-06-07,822,N20,VIIRS,n,2,301.62,4.58,D,0
24.21267,83.51218,333.25,0.44,0.63,2026-06-07,822,N20,VIIRS,n,2,300.43,5.65,D,0
24.78861,84.25543,333.65,0.5,0.66,2026-06-07,822,N20,VIIRS,n,2,299,2.97,D,0
26.36498,83.24403,331.62,0.45,0.63,2026-06-07,823,N20,VIIRS,n,2,298.6,2.1,D,0
23.16466,82.34036,307.55,0.33,0.55,2026-06-07,2050,N20,VIIRS,n,2,266.73,0.98,N,2
23.16491,82.34235,303.44,0.33,0.55,2026-06-07,2050,N20,VIIRS,n,2,266.06,0.97,N,2
23.16538,82.33714,310.81,0.33,0.55,2026-06-07,2050,N20,VIIRS,n,2,267.2,1.74,N,2
23.16559,82.33916,311.26,0.33,0.55,2026-06-07,2050,N20,VIIRS,n,2,266.95,0.97,N,2
23.16629,82.33593,304.54,0.33,0.55,2026-06-07,2050,N20,VIIRS,n,2,266.62,1,N,2
23.16897,82.34466,297.36,0.33,0.55,2026-06-07,2050,N20,VIIRS,n,2,267.18,0.98,N,2
23.16992,82.34349,296.94,0.33,0.55,2026-06-07,2050,N20,VIIRS,n,2,266.58,0.38,N,2
24.17817,82.64893,299.16,0.33,0.55,2026-06-07,2050,N20,VIIRS,n,2,264.06,0.34,N,0
20.96453,86.01028,333.63,0.58,0.52,2026-06-08,802,N20,VIIRS,n,2,287.47,7.98,D,2
20.71348,82.5966,330.24,0.53,0.42,2026-06-08,803,N20,VIIRS,n,2,297.48,3.46,D,0
20.80214,82.17051,339.27,0.51,0.41,2026-06-08,803,N20,VIIRS,n,2,300.35,5.16,D,0
20.97079,85.15267,334.26,0.51,0.49,2026-06-08,803,N20,VIIRS,n,2,292.29,6.04,D,2
20.9782,85.13686,330.81,0.51,0.49,2026-06-08,803,N20,VIIRS,n,2,291.2,6.96,D,2
20.99676,82.24621,349.36,0.51,0.41,2026-06-08,803,N20,VIIRS,n,2,300.61,9.55,D,0
21.03028,82.45033,334.97,0.53,0.42,2026-06-08,803,N20,VIIRS,n,2,301.97,1.59,D,0
21.09564,82.47226,332.96,0.53,0.42,2026-06-08,803,N20,VIIRS,n,2,302.06,2.07,D,0
21.10918,82.22221,339.4,0.51,0.41,2026-06-08,803,N20,VIIRS,n,2,304.06,7.55,D,0
21.12118,82.22549,338.63,0.52,0.41,2026-06-08,803,N20,VIIRS,n,2,302.21,9.35,D,0
21.12561,82.29074,344.86,0.52,0.41,2026-06-08,803,N20,VIIRS,n,2,302.4,10.18,D,0
21.12688,82.30074,341.67,0.52,0.42,2026-06-08,803,N20,VIIRS,n,2,302.87,8.24,D,0
21.14084,82.28859,343.51,0.52,0.41,2026-06-08,803,N20,VIIRS,n,2,303.65,6.46,D,0
21.14148,82.29358,338.43,0.52,0.41,2026-06-08,803,N20,VIIRS,n,2,302.22,6.46,D,0
21.14209,82.2681,339.83,0.52,0.41,2026-06-08,803,N20,VIIRS,n,2,302.57,8.93,D,0
21.14212,82.32906,339.68,0.52,0.42,2026-06-08,803,N20,VIIRS,n,2,303.59,5.67,D,0
21.14465,82.28806,350.68,0.52,0.41,2026-06-08,803,N20,VIIRS,n,2,304.12,6.14,D,0
21.14528,82.29305,336.19,0.52,0.41,2026-06-08,803,N20,VIIRS,n,2,301.25,6.14,D,0
21.15756,82.8332,337.43,0.56,0.43,2026-06-08,803,N20,VIIRS,n,2,296.51,3.53,D,0
21.15757,82.83031,336.1,0.56,0.43,2026-06-08,803,N20,VIIRS,n,2,296.25,7.75,D,0
21.15938,82.40347,339.06,0.53,0.42,2026-06-08,803,N20,VIIRS,n,2,303.17,10.32,D,0
21.16322,82.40293,342.32,0.53,0.42,2026-06-08,803,N20,VIIRS,n,2,303.9,10.32,D,0
21.16391,82.43906,333.04,0.53,0.42,2026-06-08,803,N20,VIIRS,n,2,301.42,2.21,D,0
21.172,82.3197,336.61,0.52,0.42,2026-06-08,803,N20,VIIRS,n,2,301.86,6.74,D,0
21.17323,82.29916,338.61,0.52,0.42,2026-06-08,803,N20,VIIRS,n,2,302.64,6.47,D,0
21.17833,82.30859,340.45,0.52,0.42,2026-06-08,803,N20,VIIRS,n,2,302.79,7.18,D,0
21.17898,82.31359,344.66,0.52,0.42,2026-06-08,803,N20,VIIRS,n,2,305.32,13.06,D,0
21.18896,82.21359,333.42,0.52,0.41,2026-06-08,803,N20,VIIRS,n,2,300.43,2.94,D,0
21.18958,82.21853,335.8,0.52,0.41,2026-06-08,803,N20,VIIRS,n,2,303.44,2.94,D,0
21.19115,82.07834,333.46,0.51,0.41,2026-06-08,803,N20,VIIRS,n,2,294.8,3.98,D,0
21.19477,82.74655,334.96,0.55,0.43,2026-06-08,803,N20,VIIRS,n,2,302.22,3.11,D,0
21.19868,82.746,333.13,0.55,0.43,2026-06-08,803,N20,VIIRS,n,2,301.81,3.11,D,0
21.20001,82.75662,331.12,0.55,0.43,2026-06-08,803,N20,VIIRS,l,2,301.25,7.68,D,0
21.20146,82.28262,337.77,0.52,0.42,2026-06-08,803,N20,VIIRS,n,2,302.87,6.06,D,0
21.20749,82.62711,339.18,0.54,0.42,2026-06-08,803,N20,VIIRS,n,2,302.07,4.31,D,0
21.2186,82.65217,333.2,0.54,0.42,2026-06-08,803,N20,VIIRS,n,2,301.55,2.57,D,0
21.24632,82.7448,336.22,0.55,0.43,2026-06-08,803,N20,VIIRS,n,2,301.19,4.13,D,0
21.24633,82.74277,336.55,0.55,0.43,2026-06-08,803,N20,VIIRS,n,2,301.61,3.27,D,0
21.25735,82.29504,347.43,0.52,0.42,2026-06-08,803,N20,VIIRS,n,2,304.64,7.01,D,0
21.258,82.30006,340.25,0.52,0.42,2026-06-08,803,N20,VIIRS,n,2,305.04,7.01,D,0
21.26328,82.78386,336.36,0.55,0.43,2026-06-08,803,N20,VIIRS,n,2,299.8,3.17,D,0
21.28751,82.81859,332.89,0.56,0.43,2026-06-08,803,N20,VIIRS,n,2,299.48,5.52,D,0
21.29207,82.79066,341.86,0.56,0.43,2026-06-08,803,N20,VIIRS,n,2,299.16,6.76,D,0
21.31006,82.96994,344.23,0.57,0.43,2026-06-08,803,N20,VIIRS,n,2,301.12,8.25,D,0
21.34991,82.58016,331.56,0.54,0.42,2026-06-08,803,N20,VIIRS,l,2,302.52,2.77,D,0
21.42138,83.03454,333.24,0.38,0.43,2026-06-08,803,N20,VIIRS,l,2,304.15,4.54,D,0
21.71606,82.54361,336.25,0.54,0.42,2026-06-08,803,N20,VIIRS,n,2,305.05,11.76,D,0
21.72695,83.02678,334.96,0.39,0.44,2026-06-08,803,N20,VIIRS,n,2,304.9,2.22,D,0
21.75146,83.02723,350.92,0.39,0.44,2026-06-08,803,N20,VIIRS,n,2,305.67,8.62,D,0
21.79682,82.93307,335.71,0.57,0.43,2026-06-08,803,N20,VIIRS,n,2,304.76,2.84,D,0
21.80404,82.7072,339.73,0.56,0.43,2026-06-08,803,N20,VIIRS,n,2,308.11,4.32,D,0
21.81978,82.70499,335.79,0.56,0.43,2026-06-08,803,N20,VIIRS,l,2,306.66,3.31,D,0
21.85068,82.72819,341.72,0.56,0.43,2026-06-08,803,N20,VIIRS,n,2,306.92,11.33,D,0
21.86498,82.68227,340.03,0.56,0.43,2026-06-08,803,N20,VIIRS,n,2,306.85,7.16,D,0
21.87004,82.81944,338.31,0.57,0.43,2026-06-08,803,N20,VIIRS,n,2,306.38,4.67,D,0
21.88054,82.64728,339.17,0.55,0.43,2026-06-08,803,N20,VIIRS,n,2,306.48,3.32,D,0
21.88083,82.64978,339.5,0.55,0.43,2026-06-08,803,N20,VIIRS,n,2,306.07,6.05,D,0
21.88212,82.66054,338.98,0.56,0.43,2026-06-08,803,N20,VIIRS,n,2,307.08,4.09,D,0
21.88583,82.65743,339.12,0.55,0.43,2026-06-08,803,N20,VIIRS,n,2,306.56,4.67,D,0
21.88605,82.65997,341.74,0.56,0.43,2026-06-08,803,N20,VIIRS,n,2,306.83,4.09,D,0
21.88771,82.64082,335.51,0.55,0.43,2026-06-08,803,N20,VIIRS,l,2,305.59,4.63,D,0
21.88803,82.6433,335.26,0.55,0.43,2026-06-08,803,N20,VIIRS,l,2,306.03,3.57,D,0
21.88813,83.23614,341.6,0.4,0.44,2026-06-08,803,N20,VIIRS,n,2,301.85,3.86,D,0
21.88975,82.65688,341.15,0.55,0.43,2026-06-08,803,N20,VIIRS,n,2,305.53,4.67,D,0
21.88998,82.65942,349.98,0.56,0.43,2026-06-08,803,N20,VIIRS,n,2,305.18,7.04,D,0
21.89003,82.85027,340.3,0.57,0.43,2026-06-08,803,N20,VIIRS,n,2,307.48,7.97,D,0
21.89044,82.66227,348.25,0.56,0.43,2026-06-08,803,N20,VIIRS,n,2,305.15,11.68,D,0
21.89054,82.73077,341.77,0.56,0.43,2026-06-08,803,N20,VIIRS,n,2,308.32,8.67,D,0
21.89063,82.66481,339.62,0.56,0.43,2026-06-08,803,N20,VIIRS,n,2,305.62,4.79,D,0
21.89066,82.63202,337.58,0.55,0.43,2026-06-08,803,N20,VIIRS,n,2,305.6,3.28,D,0
21.89079,82.7281,343.08,0.56,0.43,2026-06-08,803,N20,VIIRS,n,2,307.85,11.95,D,0
21.89198,82.6101,337.22,0.55,0.43,2026-06-08,803,N20,VIIRS,n,2,306.84,15.14,D,0
21.8939,82.65886,335.3,0.56,0.43,2026-06-08,803,N20,VIIRS,n,2,305.26,7.04,D,0
21.89393,82.6261,341.64,0.55,0.43,2026-06-08,803,N20,VIIRS,n,2,305.46,5.2,D,0
21.89458,82.63145,341.69,0.55,0.43,2026-06-08,803,N20,VIIRS,n,2,305.73,7.76,D,0
21.8966,82.51781,333.77,0.55,0.42,2026-06-08,803,N20,VIIRS,n,2,303.7,2.91,D,0
21.90242,82.63035,347.06,0.55,0.43,2026-06-08,803,N20,VIIRS,n,2,305.9,4.82,D,0
21.90307,82.63572,334.4,0.55,0.43,2026-06-08,803,N20,VIIRS,l,2,305.11,4.82,D,0
21.90567,82.49506,344.98,0.54,0.42,2026-06-08,803,N20,VIIRS,n,2,303.15,7.96,D,0
21.90633,82.50034,344.81,0.54,0.42,2026-06-08,803,N20,VIIRS,n,2,302.68,4.56,D,0
21.90961,82.62389,342.61,0.55,0.43,2026-06-08,803,N20,VIIRS,n,2,305.13,6.28,D,0
21.91026,82.56429,338.81,0.55,0.43,2026-06-08,803,N20,VIIRS,n,2,305.12,4.72,D,0
21.91026,82.62924,347.63,0.55,0.43,2026-06-08,803,N20,VIIRS,n,2,306.52,10.79,D,0
21.91028,82.695,336.91,0.56,0.43,2026-06-08,803,N20,VIIRS,n,2,305.05,7.72,D,0
21.9129,82.68362,347.66,0.56,0.43,2026-06-08,803,N20,VIIRS,n,2,305.66,12.18,D,0
21.91422,82.69444,349.23,0.56,0.43,2026-06-08,803,N20,VIIRS,n,2,306.26,7.72,D,0
21.91684,82.68308,343.97,0.56,0.43,2026-06-08,803,N20,VIIRS,n,2,305.39,7.48,D,0
21.9173,82.46133,339.39,0.54,0.42,2026-06-08,803,N20,VIIRS,n,2,302.22,5.94,D,0
21.91845,83.35071,334.27,0.41,0.45,2026-06-08,803,N20,VIIRS,n,2,302.66,2.73,D,2
21.91992,82.48232,338.21,0.54,0.42,2026-06-08,803,N20,VIIRS,n,2,303.7,5.38,D,0
21.92074,82.64962,337.84,0.56,0.43,2026-06-08,803,N20,VIIRS,n,2,304.43,6.08,D,0
21.92254,83.35016,330.92,0.41,0.45,2026-06-08,803,N20,VIIRS,l,2,301.47,2.72,D,2
21.92315,82.47653,350.53,0.54,0.42,2026-06-08,803,N20,VIIRS,n,2,305.6,7.64,D,0
21.92381,82.48179,348.85,0.54,0.42,2026-06-08,803,N20,VIIRS,n,2,303.81,7.64,D,0
21.9257,83.34176,332.33,0.41,0.45,2026-06-08,803,N20,VIIRS,n,2,300.42,3.91,D,2
21.9277,82.48125,339.64,0.54,0.42,2026-06-08,803,N20,VIIRS,n,2,304.23,7.64,D,0
21.92836,82.48652,338.57,0.54,0.42,2026-06-08,803,N20,VIIRS,n,2,303.2,5.15,D,0
21.93053,82.63185,341.45,0.55,0.43,2026-06-08,803,N20,VIIRS,n,2,304.27,5.99,D,0
21.93063,82.34834,334.72,0.53,0.42,2026-06-08,803,N20,VIIRS,n,2,299.02,3.64,D,0
21.93186,82.6426,335.79,0.55,0.43,2026-06-08,803,N20,VIIRS,n,2,305.49,6.28,D,0
21.93252,82.64799,337.88,0.56,0.43,2026-06-08,803,N20,VIIRS,n,2,303.81,4.8,D,0
21.93515,82.35297,336.54,0.53,0.42,2026-06-08,803,N20,VIIRS,n,2,298.77,3.64,D,0
21.93548,82.48017,335.45,0.54,0.42,2026-06-08,803,N20,VIIRS,n,2,302.36,6.33,D,0
21.93712,82.65284,341.1,0.56,0.43,2026-06-08,803,N20,VIIRS,n,2,304.37,5.14,D,0
21.93753,82.52812,332.03,0.55,0.42,2026-06-08,803,N20,VIIRS,l,2,302.79,3.69,D,0
21.93779,82.65823,333.34,0.56,0.43,2026-06-08,803,N20,VIIRS,n,2,303.28,3.1,D,0
21.93819,82.53339,347.1,0.55,0.42,2026-06-08,803,N20,VIIRS,n,2,305.07,3.69,D,0
21.94082,83.19373,335.34,0.4,0.44,2026-06-08,803,N20,VIIRS,n,2,301.41,1.87,D,0
21.94123,82.24766,334.5,0.53,0.42,2026-06-08,803,N20,VIIRS,n,2,299.05,7.81,D,0
21.9413,83.1976,337.24,0.4,0.44,2026-06-08,803,N20,VIIRS,n,2,301.77,1.87,D,0
21.94172,82.65769,333.93,0.56,0.43,2026-06-08,803,N20,VIIRS,n,2,302.39,3.1,D,0
21.94224,82.59761,335.25,0.55,0.43,2026-06-08,803,N20,VIIRS,n,2,303.29,2.11,D,0
21.94757,82.64045,341.42,0.55,0.43,2026-06-08,803,N20,VIIRS,n,2,303.81,5.66,D,0
21.95491,82.4774,334.62,0.54,0.42,2026-06-08,803,N20,VIIRS,n,2,302.46,4.03,D,0
21.96334,82.96638,339.09,0.39,0.44,2026-06-08,803,N20,VIIRS,n,2,304.71,4.46,D,0
21.96705,82.47308,334.23,0.54,0.42,2026-06-08,803,N20,VIIRS,n,2,301,4.13,D,0
21.97528,82.93071,338.84,0.38,0.44,2026-06-08,803,N20,VIIRS,n,2,305.88,3.37,D,0
21.97883,82.60333,341.01,0.55,0.43,2026-06-08,803,N20,VIIRS,n,2,303.97,3.39,D,0
21.97913,82.60621,337.62,0.55,0.43,2026-06-08,803,N20,VIIRS,n,2,303.22,4.93,D,0
21.98455,83.07434,352.93,0.39,0.44,2026-06-08,803,N20,VIIRS,n,2,303.39,5.42,D,0
21.99127,82.9285,335.64,0.38,0.44,2026-06-08,803,N20,VIIRS,n,2,304.62,0.94,D,0
21.99919,83.02633,335.52,0.39,0.44,2026-06-08,803,N20,VIIRS,n,2,303.7,2.64,D,0
22.0248,82.52398,332.74,0.55,0.43,2026-06-08,803,N20,VIIRS,n,2,300.05,2.41,D,0
22.04082,83.72806,345.14,0.43,0.46,2026-06-08,803,N20,VIIRS,n,2,292.61,7.22,D,2
22.05248,83.71812,332.52,0.43,0.46,2026-06-08,803,N20,VIIRS,n,2,295.18,5.08,D,0
22.06977,83.23438,337.63,0.4,0.44,2026-06-08,803,N20,VIIRS,n,2,301.74,2.52,D,0
22.09163,83.3147,330.49,0.41,0.45,2026-06-08,803,N20,VIIRS,n,2,300.13,1.35,D,0
22.09615,82.94003,334.53,0.39,0.44,2026-06-08,803,N20,VIIRS,n,2,302.62,2.11,D,0
22.12203,82.86837,342.98,0.38,0.43,2026-06-08,803,N20,VIIRS,n,2,301.99,5.14,D,0
22.12381,82.86797,342.38,0.38,0.43,2026-06-08,803,N20,VIIRS,n,2,300.63,4.35,D,0
22.14589,83.31543,331.86,0.41,0.45,2026-06-08,803,N20,VIIRS,n,2,300.16,3.5,D,0
22.1891,83.08921,336.42,0.39,0.44,2026-06-08,803,N20,VIIRS,n,2,302.68,2.56,D,0
22.20914,84.86298,336.04,0.51,0.49,2026-06-08,803,N20,VIIRS,n,2,300.42,5.02,D,2
22.21423,84.86737,332.87,0.51,0.49,2026-06-08,803,N20,VIIRS,n,2,299.48,4.47,D,2
22.32906,83.08565,330.81,0.4,0.44,2026-06-08,803,N20,VIIRS,n,2,300.58,2.22,D,0
22.33261,87.40141,330.03,0.37,0.58,2026-06-08,803,N20,VIIRS,n,2,296.85,5.09,D,0
22.35625,82.30447,350.72,0.54,0.42,2026-06-08,803,N20,VIIRS,n,2,312.78,18.51,D,2
22.36646,87.3034,335.27,0.37,0.58,2026-06-08,803,N20,VIIRS,n,2,301.2,6.66,D,2
22.37502,87.28087,338.35,0.36,0.58,2026-06-08,803,N20,VIIRS,n,2,301.78,3.69,D,2
22.37888,87.27859,335.94,0.36,0.58,2026-06-08,803,N20,VIIRS,n,2,301.25,4.35,D,2
22.43756,83.16154,336.42,0.4,0.44,2026-06-08,803,N20,VIIRS,n,2,304.42,2.04,D,0
22.43858,85.35418,341.6,0.55,0.51,2026-06-08,803,N20,VIIRS,n,2,296.96,4.18,D,0
22.45436,83.1633,331.96,0.4,0.44,2026-06-08,803,N20,VIIRS,l,2,305.45,0.95,D,0
22.67819,86.41537,338.28,0.32,0.55,2026-06-08,803,N20,VIIRS,n,2,298.21,3.47,D,0
22.69043,85.31043,333.98,0.55,0.51,2026-06-08,803,N20,VIIRS,n,2,297.74,3.59,D,0
22.98833,83.16941,331.95,0.41,0.45,2026-06-08,803,N20,VIIRS,l,2,305.56,2.08,D,0
23.55781,87.23971,367,0.37,0.58,2026-06-08,803,N20,VIIRS,h,2,300.36,10.03,D,2
23.56063,87.2402,367,0.37,0.58,2026-06-08,803,N20,VIIRS,h,2,299.96,10,D,2
23.61508,82.45602,337.6,0.57,0.43,2026-06-08,803,N20,VIIRS,n,2,305.21,2.85,D,0
23.8297,84.57572,335.3,0.51,0.49,2026-06-08,803,N20,VIIRS,l,2,307.34,3.98,D,0
23.86242,82.90904,333.92,0.4,0.45,2026-06-08,803,N20,VIIRS,l,2,305.49,5.92,D,0
24.0479,83.15211,339.04,0.42,0.45,2026-06-08,803,N20,VIIRS,l,2,309.35,5.88,D,0
24.04838,83.15625,350.26,0.42,0.45,2026-06-08,803,N20,VIIRS,n,2,309.56,8.16,D,0
24.11287,82.96576,341.51,0.41,0.45,2026-06-08,803,N20,VIIRS,n,2,311.25,6.12,D,0
24.15298,82.59829,341.88,0.39,0.44,2026-06-08,803,N20,VIIRS,n,2,308.68,4.36,D,0
24.17548,82.65084,343.58,0.39,0.44,2026-06-08,803,N20,VIIRS,n,2,308.24,3.74,D,0
24.22614,82.73145,353.13,0.4,0.44,2026-06-08,803,N20,VIIRS,n,2,310.11,13.39,D,0
24.9216,84.92908,333.91,0.55,0.51,2026-06-08,804,N20,VIIRS,l,2,305.73,3.68,D,0
25.56786,85.17991,334.33,0.58,0.52,2026-06-08,804,N20,VIIRS,n,2,301.65,4.46,D,0
26.76041,83.19962,309.87,0.5,0.41,2026-06-08,2030,N20,VIIRS,n,2,299.6,2.05,N,2
22.31394,82.52914,296.27,0.55,0.42,2026-06-08,2031,N20,VIIRS,n,2,263.57,0.82,N,2
22.3168,82.53516,295.46,0.55,0.42,2026-06-08,2031,N20,VIIRS,n,2,263.03,0.82,N,2
23.64717,85.43822,310.05,0.51,0.49,2026-06-08,2031,N20,VIIRS,n,2,276.68,2.07,N,2
23.6933,85.37259,299.79,0.5,0.49,2026-06-08,2031,N20,VIIRS,n,2,273.5,1.64,N,0
23.6961,85.37041,304.76,0.5,0.49,2026-06-08,2031,N20,VIIRS,n,2,275.98,1,N,0
23.78173,85.57427,305.67,0.52,0.5,2026-06-08,2031,N20,VIIRS,n,2,285.32,1.9,N,0
23.83125,84.57593,314.6,0.45,0.47,2026-06-08,2031,N20,VIIRS,n,2,285.13,1.88,N,0
20.24441,86.60854,310.72,0.35,0.57,2026-06-08,2032,N20,VIIRS,n,2,280.48,1.42,N,0
20.75978,85.29801,301.46,0.57,0.52,2026-06-08,2032,N20,VIIRS,n,2,274.33,2.96,N,2
20.76186,85.2954,301.01,0.57,0.52,2026-06-08,2032,N20,VIIRS,n,2,274.28,1.98,N,2
20.79523,85.25291,319.38,0.56,0.52,2026-06-08,2032,N20,VIIRS,n,2,264.66,3.99,N,2
20.86403,84.99004,302.05,0.54,0.51,2026-06-08,2032,N20,VIIRS,n,2,279.81,1.27,N,2
20.88443,84.98413,309.25,0.54,0.51,2026-06-08,2032,N20,VIIRS,n,2,280.59,2.01,N,2
20.88899,84.98526,300.71,0.54,0.51,2026-06-08,2032,N20,VIIRS,n,2,279.59,0.71,N,2
20.89003,84.98013,301.02,0.54,0.51,2026-06-08,2032,N20,VIIRS,n,2,278.88,0.71,N,2
20.96164,85.18832,316.33,0.55,0.51,2026-06-08,2032,N20,VIIRS,n,2,270.42,3.16,N,2
20.96272,85.18301,301.24,0.55,0.51,2026-06-08,2032,N20,VIIRS,n,2,269.89,3.04,N,2
20.96479,86.00729,326.17,0.63,0.54,2026-06-08,2032,N20,VIIRS,n,2,284.41,5.95,N,2
20.96485,85.17258,296.55,0.55,0.51,2026-06-08,2032,N20,VIIRS,n,2,258.14,0.96,N,2
20.96628,85.18938,297.65,0.55,0.51,2026-06-08,2032,N20,VIIRS,n,2,269.81,1.65,N,2
20.9684,86.01441,330.58,0.63,0.54,2026-06-08,2032,N20,VIIRS,n,2,284.05,5.95,N,2
20.96842,85.17889,295.66,0.55,0.51,2026-06-08,2032,N20,VIIRS,n,2,265.07,2.23,N,2
20.96947,85.17371,309.14,0.55,0.51,2026-06-08,2032,N20,VIIRS,n,2,257.98,0.86,N,2
20.97409,85.17482,297.18,0.55,0.51,2026-06-08,2032,N20,VIIRS,n,2,259.27,0.86,N,2
21.00131,86.02844,302.57,0.63,0.54,2026-06-08,2032,N20,VIIRS,n,2,282.42,0.53,N,2
22.00321,82.67126,301.54,0.56,0.43,2026-06-08,2032,N20,VIIRS,n,2,273.24,1.28,N,2
20.7611,85.29815,333.17,0.43,0.38,2026-06-09,744,N20,VIIRS,n,2,295.18,5.47,D,2
20.77645,84.09602,339.01,0.4,0.37,2026-06-09,744,N20,VIIRS,n,2,302.26,3.99,D,0
20.77699,84.09981,338.89,0.4,0.37,2026-06-09,744,N20,VIIRS,n,2,301.86,3.97,D,0
20.79247,85.2561,336.24,0.43,0.38,2026-06-09,744,N20,VIIRS,n,2,293.04,7.86,D,2
20.79419,85.25539,342.66,0.43,0.38,2026-06-09,744,N20,VIIRS,n,2,293.66,8.87,D,2
20.85725,84.18004,338.21,0.4,0.37,2026-06-09,744,N20,VIIRS,n,2,303.02,4.25,D,0
20.86423,84.9887,339.81,0.42,0.38,2026-06-09,744,N20,VIIRS,n,2,293.78,3.05,D,2
20.86472,84.98794,335.98,0.42,0.38,2026-06-09,744,N20,VIIRS,n,2,294.47,2.49,D,2
20.89178,83.79171,330.83,0.39,0.36,2026-06-09,744,N20,VIIRS,n,2,297.14,1.31,D,0
20.89233,83.79546,336.61,0.39,0.36,2026-06-09,744,N20,VIIRS,n,2,297.29,1.26,D,0
20.90339,83.82433,331.82,0.39,0.36,2026-06-09,744,N20,VIIRS,n,2,298.61,1.56,D,0
20.95027,83.70559,334.69,0.39,0.36,2026-06-09,744,N20,VIIRS,n,2,300.37,2.89,D,0
20.96188,85.18456,332.99,0.43,0.38,2026-06-09,744,N20,VIIRS,n,2,296.6,5.39,D,2
20.96245,85.18867,345.08,0.43,0.38,2026-06-09,744,N20,VIIRS,n,2,297.77,5.39,D,2
20.96308,85.1677,335.94,0.43,0.38,2026-06-09,744,N20,VIIRS,n,2,297.5,3.56,D,2
20.96364,85.17178,335.3,0.43,0.38,2026-06-09,744,N20,VIIRS,n,2,296.83,3.56,D,2
20.96561,83.81039,330.03,0.39,0.36,2026-06-09,744,N20,VIIRS,n,2,298.7,1.81,D,0
20.96655,85.16718,336.28,0.43,0.38,2026-06-09,744,N20,VIIRS,n,2,297.74,3.56,D,2
20.96711,85.17124,338.25,0.43,0.38,2026-06-09,744,N20,VIIRS,n,2,297.58,3.56,D,2
20.96768,85.17533,349.6,0.43,0.38,2026-06-09,744,N20,VIIRS,n,2,298.4,4.14,D,2
20.96831,85.15443,339.69,0.43,0.38,2026-06-09,744,N20,VIIRS,n,2,298.12,6.03,D,2
20.97115,85.1748,342.72,0.43,0.38,2026-06-09,744,N20,VIIRS,n,2,297.45,4.14,D,2
20.97172,85.17886,336.16,0.43,0.38,2026-06-09,744,N20,VIIRS,n,2,295.77,4.14,D,2
20.97178,85.15389,335.02,0.43,0.38,2026-06-09,744,N20,VIIRS,n,2,296.75,3.53,D,2
20.97462,85.17427,331.98,0.43,0.38,2026-06-09,744,N20,VIIRS,n,2,296.38,3.66,D,2
20.97752,85.16966,334.8,0.43,0.38,2026-06-09,744,N20,VIIRS,n,2,297.49,4.71,D,2
20.97932,85.13191,334.77,0.42,0.38,2026-06-09,744,N20,VIIRS,n,2,298.6,5.4,D,2
20.97989,85.136,348.1,0.42,0.38,2026-06-09,744,N20,VIIRS,n,2,298.67,5.4,D,2
20.9946,84.0333,340.19,0.4,0.37,2026-06-09,744,N20,VIIRS,n,2,302.34,7.56,D,0
21.01224,83.80267,338.02,0.39,0.36,2026-06-09,744,N20,VIIRS,n,2,300.32,4.66,D,0
21.01279,83.80643,349.18,0.39,0.36,2026-06-09,744,N20,VIIRS,n,2,303.25,4.58,D,0
21.01335,83.81018,332.32,0.39,0.36,2026-06-09,744,N20,VIIRS,n,2,301.48,4.58,D,0
21.01668,83.80962,345.3,0.39,0.36,2026-06-09,744,N20,VIIRS,n,2,299.81,5.54,D,0
21.07792,85.03811,332.73,0.42,0.38,2026-06-09,744,N20,VIIRS,n,2,298.24,5.32,D,2
21.09074,83.83118,331.9,0.39,0.36,2026-06-09,744,N20,VIIRS,n,2,299.82,2.72,D,0
21.09245,82.39509,336.68,0.38,0.36,2026-06-09,744,N20,VIIRS,n,2,305.75,1.58,D,0
21.09491,82.45496,341.01,0.38,0.36,2026-06-09,744,N20,VIIRS,n,2,306.54,4.55,D,0
21.12348,83.86819,332.39,0.39,0.36,2026-06-09,744,N20,VIIRS,n,2,299.93,2.37,D,0
21.12403,83.87196,341.68,0.39,0.36,2026-06-09,744,N20,VIIRS,n,2,301.06,5.72,D,0
21.12605,82.41559,343.75,0.38,0.36,2026-06-09,744,N20,VIIRS,n,2,307.35,4.54,D,0
21.13899,82.08075,336.98,0.39,0.36,2026-06-09,744,N20,VIIRS,l,2,306.53,4.32,D,0
21.15765,82.64368,338.04,0.38,0.36,2026-06-09,744,N20,VIIRS,n,2,304.76,2.93,D,0
21.20728,82.39011,340.07,0.38,0.36,2026-06-09,744,N20,VIIRS,n,2,305.24,4.01,D,0
21.26902,83.91778,343.67,0.4,0.37,2026-06-09,744,N20,VIIRS,n,2,301.8,6.88,D,0
21.37753,84.01308,336.79,0.4,0.37,2026-06-09,744,N20,VIIRS,n,2,300.06,2.66,D,0
21.37979,84.00491,336.22,0.4,0.37,2026-06-09,744,N20,VIIRS,n,2,299.83,3.88,D,0
21.3882,82.64114,336.32,0.38,0.36,2026-06-09,744,N20,VIIRS,n,2,305.7,4.38,D,0
21.40831,83.98853,336.45,0.4,0.37,2026-06-09,744,N20,VIIRS,n,2,299.23,2.48,D,0
21.41154,84.03484,336.14,0.4,0.37,2026-06-09,744,N20,VIIRS,n,2,297.75,2.3,D,0
21.42217,83.68399,336.41,0.39,0.36,2026-06-09,744,N20,VIIRS,n,2,299.58,1.44,D,0
21.42273,83.66463,332.06,0.39,0.36,2026-06-09,744,N20,VIIRS,n,2,301.18,2.38,D,0
21.44438,84.09604,330.46,0.4,0.37,2026-06-09,744,N20,VIIRS,n,2,299.8,1.92,D,0
21.44521,83.95906,336.31,0.4,0.37,2026-06-09,744,N20,VIIRS,n,2,299.63,3.08,D,0
21.45993,84.15639,333.1,0.4,0.37,2026-06-09,744,N20,VIIRS,n,2,300.46,2.04,D,0
21.46329,84.15585,339.65,0.4,0.37,2026-06-09,744,N20,VIIRS,n,2,300.83,2.04,D,0
21.47389,83.27718,337.1,0.39,0.36,2026-06-09,744,N20,VIIRS,l,2,307.57,4.3,D,0
21.47785,83.79043,343.84,0.39,0.36,2026-06-09,744,N20,VIIRS,n,2,301.02,3.43,D,0
21.4914,84.11192,347.25,0.4,0.37,2026-06-09,744,N20,VIIRS,n,2,301.22,5.39,D,0
21.49251,84.1196,335.19,0.4,0.37,2026-06-09,744,N20,VIIRS,n,2,300.89,2.46,D,0
21.49376,84.06836,330.92,0.4,0.37,2026-06-09,744,N20,VIIRS,n,2,300.04,1.66,D,0
21.49556,84.0328,332.95,0.4,0.37,2026-06-09,744,N20,VIIRS,n,2,299.42,2.42,D,0
21.50282,84.03553,330.34,0.4,0.37,2026-06-09,744,N20,VIIRS,n,2,298.02,2.5,D,0
21.50366,84.11385,331.93,0.4,0.37,2026-06-09,744,N20,VIIRS,n,2,299.84,1.35,D,0
21.50617,84.03498,339.31,0.4,0.37,2026-06-09,744,N20,VIIRS,n,2,299.52,2.5,D,0
21.50625,84.01149,336.97,0.4,0.37,2026-06-09,744,N20,VIIRS,n,2,295.04,3.64,D,0
21.5068,84.01531,338.14,0.4,0.37,2026-06-09,744,N20,VIIRS,n,2,295.93,3.64,D,0
21.54761,84.01251,338.62,0.4,0.37,2026-06-09,744,N20,VIIRS,n,2,299,2.76,D,0
21.55338,84.17268,340.06,0.4,0.37,2026-06-09,744,N20,VIIRS,n,2,302.45,4.91,D,0
21.56821,84.06007,336.85,0.4,0.37,2026-06-09,744,N20,VIIRS,n,2,301.67,4.19,D,0
21.56876,84.0639,337.1,0.4,0.37,2026-06-09,744,N20,VIIRS,n,2,301.69,4.08,D,0
21.57887,84.03869,332.58,0.4,0.37,2026-06-09,744,N20,VIIRS,n,2,301.11,1.68,D,0
21.67701,84.03796,339.48,0.4,0.37,2026-06-09,744,N20,VIIRS,n,2,304.15,4.18,D,2
21.67757,84.04179,340.53,0.4,0.37,2026-06-09,744,N20,VIIRS,n,2,304.57,4.18,D,2
21.6794,83.84979,334.11,0.4,0.37,2026-06-09,744,N20,VIIRS,l,2,305.79,0.8,D,0
21.74016,83.84358,353.01,0.4,0.37,2026-06-09,744,N20,VIIRS,n,2,309.4,6.72,D,2
21.7435,83.84304,347.42,0.4,0.37,2026-06-09,744,N20,VIIRS,n,2,308.57,6.72,D,2
21.74685,83.84249,341.3,0.4,0.37,2026-06-09,744,N20,VIIRS,n,2,308.02,4.91,D,2
21.7474,83.84631,336.97,0.4,0.37,2026-06-09,744,N20,VIIRS,n,2,306.69,3.69,D,2
21.75019,83.84194,345.42,0.4,0.37,2026-06-09,744,N20,VIIRS,n,2,306.72,4.91,D,2
21.75354,83.84139,337.19,0.4,0.37,2026-06-09,744,N20,VIIRS,n,2,307.12,5.48,D,2
21.7541,83.84521,339.44,0.4,0.37,2026-06-09,744,N20,VIIRS,n,2,305.41,5.31,D,2
21.75746,83.82122,336.63,0.4,0.37,2026-06-09,744,N20,VIIRS,n,2,305.85,4.35,D,0
21.76014,83.91062,333.67,0.4,0.37,2026-06-09,744,N20,VIIRS,n,2,303.13,2.27,D,0
21.76537,83.64561,331.05,0.39,0.36,2026-06-09,744,N20,VIIRS,l,2,302.38,2.01,D,0
21.77975,83.83316,367,0.4,0.37,2026-06-09,744,N20,VIIRS,h,2,308.25,11.42,D,2
21.79926,83.88098,339.54,0.4,0.37,2026-06-09,744,N20,VIIRS,n,2,305.33,3.32,D,0
21.80035,83.88862,342.61,0.4,0.37,2026-06-09,744,N20,VIIRS,n,2,306.96,6.88,D,0
21.8091,82.63866,336.82,0.38,0.36,2026-06-09,744,N20,VIIRS,n,2,305.58,2.89,D,0
21.83738,83.23378,339.3,0.39,0.36,2026-06-09,744,N20,VIIRS,n,2,308.07,2.9,D,0
21.84065,84.22127,336.11,0.4,0.37,2026-06-09,744,N20,VIIRS,n,2,304.75,3.13,D,0
21.8525,82.63116,343.62,0.38,0.36,2026-06-09,744,N20,VIIRS,n,2,305.74,5,D,0
21.8578,83.25708,343.33,0.39,0.36,2026-06-09,744,N20,VIIRS,n,2,305.08,2.34,D,0
21.86578,83.56683,331.35,0.39,0.36,2026-06-09,744,N20,VIIRS,l,2,304,2.38,D,0
21.87724,82.63822,341.54,0.38,0.36,2026-06-09,744,N20,VIIRS,n,2,308.71,4.86,D,0
21.88116,82.66405,335.95,0.38,0.36,2026-06-09,744,N20,VIIRS,l,2,307.51,2.59,D,0
21.88387,82.48179,340.48,0.38,0.36,2026-06-09,744,N20,VIIRS,n,2,309.98,11.85,D,0
21.88662,82.65549,348.08,0.38,0.36,2026-06-09,744,N20,VIIRS,n,2,307.89,5.77,D,0
21.88713,82.6365,339.35,0.38,0.36,2026-06-09,744,N20,VIIRS,n,2,308.33,3.71,D,0
21.89488,82.66541,339.76,0.38,0.36,2026-06-09,744,N20,VIIRS,n,2,307.08,4.05,D,0
21.89967,82.60779,346.93,0.38,0.36,2026-06-09,744,N20,VIIRS,n,2,310.99,6.46,D,0
21.90484,82.50842,343,0.38,0.36,2026-06-09,744,N20,VIIRS,n,2,307.53,5.82,D,0
21.91829,82.50514,339.3,0.38,0.36,2026-06-09,744,N20,VIIRS,l,2,311.24,9.85,D,0
21.91909,83.35005,339.52,0.39,0.36,2026-06-09,744,N20,VIIRS,l,2,311.69,8.15,D,2
21.91965,83.35379,338.55,0.39,0.36,2026-06-09,744,N20,VIIRS,l,2,310,5.3,D,2
21.92365,85.22483,333.59,0.44,0.38,2026-06-09,744,N20,VIIRS,n,2,301.15,1.45,D,2
21.92504,82.64127,345.4,0.38,0.36,2026-06-09,744,N20,VIIRS,n,2,310.08,5.44,D,0
21.92726,82.65598,337.88,0.38,0.36,2026-06-09,744,N20,VIIRS,n,2,307.5,5.29,D,0
21.99153,82.56432,345.32,0.38,0.36,2026-06-09,744,N20,VIIRS,n,2,305.86,4.27,D,0
21.99673,83.5798,339.48,0.39,0.36,2026-06-09,744,N20,VIIRS,n,2,304.07,3.14,D,0
21.99811,82.56316,331.57,0.38,0.36,2026-06-09,744,N20,VIIRS,l,2,306.08,0.72,D,0
22.0153,83.7555,336.23,0.4,0.37,2026-06-09,744,N20,VIIRS,l,2,308.67,4.31,D,0
22.03029,82.48184,337.29,0.38,0.36,2026-06-09,744,N20,VIIRS,l,2,309.06,2.66,D,0
22.03086,82.48553,337.94,0.38,0.36,2026-06-09,744,N20,VIIRS,l,2,308.35,2.66,D,0
22.0384,83.35301,341.47,0.39,0.36,2026-06-09,744,N20,VIIRS,n,2,310.65,5.96,D,2
22.03875,83.72822,340.63,0.4,0.37,2026-06-09,744,N20,VIIRS,n,2,309.13,4.36,D,2
22.0393,83.73202,343.49,0.4,0.37,2026-06-09,744,N20,VIIRS,n,2,310.62,4.36,D,2
22.0404,83.73964,338.87,0.4,0.37,2026-06-09,744,N20,VIIRS,l,2,310.77,7.12,D,2
22.04209,83.72767,342.75,0.4,0.37,2026-06-09,744,N20,VIIRS,n,2,309.8,6.57,D,2
22.04811,82.5545,337.92,0.38,0.36,2026-06-09,744,N20,VIIRS,n,2,307.78,1.45,D,0
22.04933,83.73038,336.47,0.4,0.37,2026-06-09,744,N20,VIIRS,l,2,307.4,4.65,D,2
22.05157,83.72221,340.17,0.4,0.37,2026-06-09,744,N20,VIIRS,n,2,308.39,5.28,D,0
22.05436,83.71784,340.11,0.4,0.37,2026-06-09,744,N20,VIIRS,n,2,308.75,2.87,D,0
22.05712,82.45818,339.02,0.38,0.36,2026-06-09,744,N20,VIIRS,l,2,309.31,5.57,D,0
22.07768,82.52661,341.37,0.38,0.36,2026-06-09,744,N20,VIIRS,l,2,312.62,4.52,D,0
22.13029,82.07308,337.72,0.38,0.36,2026-06-09,744,N20,VIIRS,l,2,304.33,5.58,D,0
22.30399,83.68336,333.62,0.4,0.37,2026-06-09,744,N20,VIIRS,l,2,305.97,2.11,D,0
22.33097,82.6074,341.49,0.38,0.36,2026-06-09,744,N20,VIIRS,l,2,312.56,6.89,D,2
22.35605,82.3026,346,0.38,0.36,2026-06-09,744,N20,VIIRS,n,2,313.84,10.22,D,2
22.35934,82.30202,338.09,0.38,0.36,2026-06-09,744,N20,VIIRS,n,2,307.35,3.76,D,2
22.36263,82.30144,339.13,0.38,0.36,2026-06-09,744,N20,VIIRS,n,2,306.96,3.76,D,2
22.62121,83.65031,337.13,0.4,0.37,2026-06-09,744,N20,VIIRS,n,2,306.64,1.8,D,0
22.79475,86.20647,331.55,0.49,0.4,2026-06-09,744,N20,VIIRS,n,2,298,3.83,D,2
22.79846,86.20594,336.09,0.49,0.4,2026-06-09,744,N20,VIIRS,n,2,297.19,4.86,D,2
23.60108,83.74622,340.91,0.4,0.37,2026-06-09,744,N20,VIIRS,n,2,309.8,4.56,D,0
23.69527,85.3717,332.03,0.46,0.39,2026-06-09,744,N20,VIIRS,l,2,307.03,2.58,D,0
24.20352,82.71181,343.4,0.39,0.36,2026-06-09,745,N20,VIIRS,n,2,312.84,9.78,D,2
24.27713,83.72472,338.84,0.41,0.37,2026-06-09,745,N20,VIIRS,n,2,308.23,7.47,D,0
24.73516,83.0567,340,0.39,0.37,2026-06-09,745,N20,VIIRS,l,2,310.61,3.8,D,0
24.74272,82.41046,350.48,0.39,0.36,2026-06-09,745,N20,VIIRS,n,2,318.31,30.08,D,0
24.97161,82.01182,343.43,0.38,0.36,2026-06-09,745,N20,VIIRS,n,2,311.4,9.89,D,0
25.69374,84.90026,337.44,0.46,0.39,2026-06-09,745,N20,VIIRS,n,2,304.38,8.43,D,0
25.69433,84.90482,339.27,0.46,0.39,2026-06-09,745,N20,VIIRS,n,2,303.13,8.43,D,0
25.77089,84.2842,343.37,0.43,0.38,2026-06-09,745,N20,VIIRS,n,2,309.98,8.94,D,0
25.77547,84.31881,342.71,0.44,0.38,2026-06-09,745,N20,VIIRS,n,2,311.19,16.39,D,0
25.89538,84.49184,338.15,0.44,0.39,2026-06-09,745,N20,VIIRS,n,2,304.21,1.91,D,0
25.94496,84.26948,340.8,0.44,0.38,2026-06-09,745,N20,VIIRS,n,2,307.59,2.38,D,0
26.23533,83.02752,341.44,0.4,0.37,2026-06-09,745,N20,VIIRS,l,2,311.71,6.18,D,0
26.3968,83.21038,340.13,0.41,0.37,2026-06-09,745,N20,VIIRS,n,2,307.35,6.25,D,0
26.63713,82.95925,342.25,0.4,0.37,2026-06-09,745,N20,VIIRS,n,2,310.69,8.45,D,0
26.66999,82.79016,342.97,0.4,0.37,2026-06-09,745,N20,VIIRS,n,2,310.97,4.49,D,0
26.68773,82.11355,344.72,0.39,0.36,2026-06-09,745,N20,VIIRS,l,2,316.26,6.02,D,0
26.76017,83.20616,310.46,0.39,0.36,2026-06-09,2011,N20,VIIRS,n,2,299.24,1.29,N,2
22.35795,87.29218,308.77,0.54,0.42,2026-06-09,2012,N20,VIIRS,n,2,290.02,3.76,N,2
22.36338,87.01953,308.06,0.53,0.42,2026-06-09,2012,N20,VIIRS,n,2,293.32,1.89,N,2
22.36465,87.29907,315.57,0.55,0.42,2026-06-09,2012,N20,VIIRS,n,2,289.11,5.29,N,2
22.3685,87.2999,306.02,0.55,0.42,2026-06-09,2012,N20,VIIRS,n,2,288.59,3.53,N,2
22.37629,87.27993,306.37,0.54,0.42,2026-06-09,2012,N20,VIIRS,n,2,285.17,2.81,N,2
22.57409,85.8992,316.96,0.46,0.39,2026-06-09,2012,N20,VIIRS,n,2,296.77,3.01,N,2
22.59325,85.90581,307.6,0.46,0.39,2026-06-09,2012,N20,VIIRS,n,2,295.53,1.51,N,2
22.6103,85.91393,310.6,0.46,0.39,2026-06-09,2012,N20,VIIRS,n,2,295.54,1.33,N,0
22.79035,86.20874,311.66,0.47,0.4,2026-06-09,2012,N20,VIIRS,n,2,296.1,1.48,N,2
22.79119,86.20418,312.16,0.47,0.4,2026-06-09,2012,N20,VIIRS,n,2,295.98,1.48,N,2
22.80094,86.08904,310.43,0.47,0.4,2026-06-09,2012,N20,VIIRS,n,2,294.64,1.18,N,2
22.81612,86.08752,310.18,0.47,0.4,2026-06-09,2012,N20,VIIRS,n,2,294.44,1.54,N,0
22.87275,86.06225,307.34,0.47,0.39,2026-06-09,2012,N20,VIIRS,n,2,294.06,0.53,N,2
23.56007,87.24281,299.24,0.52,0.41,2026-06-09,2012,N20,VIIRS,n,2,277.69,0.59,N,2
23.56175,87.0857,304.21,0.51,0.41,2026-06-09,2012,N20,VIIRS,n,2,287.59,1.12,N,2
23.61585,86.79052,309.96,0.49,0.4,2026-06-09,2012,N20,VIIRS,n,2,291.78,2.52,N,2
23.62616,85.6774,312.44,0.44,0.38,2026-06-09,2012,N20,VIIRS,n,2,285.5,1.21,N,0
23.62692,85.67318,306.25,0.44,0.38,2026-06-09,2012,N20,VIIRS,n,2,284.73,1.21,N,0
23.64882,85.43892,327.23,0.43,0.38,2026-06-09,2012,N20,VIIRS,n,2,289.82,1.64,N,2
23.64954,85.43474,305.39,0.43,0.38,2026-06-09,2012,N20,VIIRS,n,2,288.63,1.64,N,2
23.65625,85.50864,306.79,0.43,0.38,2026-06-09,2012,N20,VIIRS,n,2,286.93,0.94,N,2
23.66209,87.15643,310.41,0.51,0.41,2026-06-09,2012,N20,VIIRS,n,2,284.89,1.29,N,2
23.66583,87.15724,309.07,0.51,0.41,2026-06-09,2012,N20,VIIRS,n,2,285.93,1.29,N,2
23.66777,86.09336,303.99,0.46,0.39,2026-06-09,2012,N20,VIIRS,n,2,284.19,0.61,N,2
23.67216,86.39705,308.14,0.47,0.4,2026-06-09,2012,N20,VIIRS,n,2,293.7,1.79,N,2
23.67494,86.40234,311.85,0.47,0.4,2026-06-09,2012,N20,VIIRS,n,2,294.64,3,N,2
23.67576,86.39779,314.77,0.47,0.4,2026-06-09,2012,N20,VIIRS,n,2,296.27,2.17,N,2
23.67647,86.08605,311.29,0.46,0.39,2026-06-09,2012,N20,VIIRS,n,2,285.27,1.69,N,2
23.67658,86.39324,307.29,0.47,0.4,2026-06-09,2012,N20,VIIRS,n,2,292.92,2.17,N,2
23.67937,86.39853,319.47,0.47,0.4,2026-06-09,2012,N20,VIIRS,n,2,296.42,2.17,N,2
23.68196,86.09639,307.62,0.46,0.39,2026-06-09,2012,N20,VIIRS,n,2,283.43,1.23,N,2
23.68338,87.12514,308.54,0.51,0.41,2026-06-09,2012,N20,VIIRS,n,2,286.35,1.56,N,0
23.68379,86.39473,330.72,0.47,0.4,2026-06-09,2012,N20,VIIRS,n,2,296.28,5.3,N,2
23.68452,87.1224,307.77,0.51,0.41,2026-06-09,2012,N20,VIIRS,n,2,286.64,1.42,N,2
23.6846,86.39023,314.38,0.47,0.4,2026-06-09,2012,N20,VIIRS,n,2,293.19,3.36,N,2
23.68801,87.12106,311.5,0.51,0.41,2026-06-09,2012,N20,VIIRS,n,2,287.27,1.56,N,2
23.68825,87.1232,308.85,0.51,0.41,2026-06-09,2012,N20,VIIRS,n,2,286.78,1.42,N,2
23.68918,87.09778,306.72,0.51,0.41,2026-06-09,2012,N20,VIIRS,n,2,287.34,2.33,N,2
23.69162,87.10131,307.85,0.51,0.41,2026-06-09,2012,N20,VIIRS,n,2,287.74,1.82,N,2
23.69198,87.124,310.97,0.51,0.41,2026-06-09,2012,N20,VIIRS,n,2,287.91,2.66,N,2
23.70835,86.45018,308.52,0.47,0.4,2026-06-09,2012,N20,VIIRS,n,2,293.74,2.55,N,0
23.71195,86.45094,324.49,0.47,0.4,2026-06-09,2012,N20,VIIRS,n,2,295.03,2.55,N,2
23.71614,86.4282,309.36,0.47,0.4,2026-06-09,2012,N20,VIIRS,n,2,293.52,2.27,N,2
23.71724,86.44258,310.4,0.47,0.4,2026-06-09,2012,N20,VIIRS,n,2,294.72,3.18,N,2
23.72528,86.43955,307.9,0.47,0.4,2026-06-09,2012,N20,VIIRS,n,2,293.25,2.57,N,2
23.72722,86.44942,308.67,0.47,0.4,2026-06-09,2012,N20,VIIRS,n,2,294.28,2.5,N,0
23.73693,86.43729,311.07,0.47,0.4,2026-06-09,2012,N20,VIIRS,n,2,294.92,3.67,N,2
23.73776,86.43273,332.56,0.47,0.4,2026-06-09,2012,N20,VIIRS,n,2,295.02,3.67,N,2
23.74656,85.50548,305.01,0.43,0.38,2026-06-09,2012,N20,VIIRS,n,2,287.18,0.64,N,2
23.75189,86.41677,310.4,0.47,0.4,2026-06-09,2012,N20,VIIRS,n,2,292.57,2.64,N,2
23.75476,85.85374,306.07,0.45,0.39,2026-06-09,2012,N20,VIIRS,n,2,287.29,1.29,N,2
23.75797,86.40392,319.46,0.47,0.4,2026-06-09,2012,N20,VIIRS,n,2,294.57,4.79,N,2
23.75827,85.85448,307.09,0.45,0.39,2026-06-09,2012,N20,VIIRS,n,2,286.78,1.28,N,2
23.76156,86.40466,326.04,0.47,0.4,2026-06-09,2012,N20,VIIRS,n,2,294.3,2.18,N,2
23.76238,86.40016,312.93,0.47,0.4,2026-06-09,2012,N20,VIIRS,n,2,293.38,2.18,N,2
23.76516,86.40544,321.58,0.47,0.4,2026-06-09,2012,N20,VIIRS,n,2,294.08,2.18,N,2
23.76598,86.40092,311.03,0.47,0.4,2026-06-09,2012,N20,VIIRS,n,2,293.77,2.18,N,2
23.76875,86.4062,311.27,0.47,0.4,2026-06-09,2012,N20,VIIRS,n,2,292.96,1.76,N,2
23.76957,86.40169,311.36,0.47,0.4,2026-06-09,2012,N20,VIIRS,n,2,293.51,1.76,N,2
23.77254,86.36467,317.58,0.47,0.4,2026-06-09,2012,N20,VIIRS,n,2,291.67,2.71,N,2
23.77436,86.2112,303.07,0.46,0.39,2026-06-09,2012,N20,VIIRS,n,2,281.44,1.31,N,2
23.77613,86.36543,312.23,0.47,0.4,2026-06-09,2012,N20,VIIRS,n,2,291.92,2.8,N,2
23.77793,86.21191,313.57,0.46,0.39,2026-06-09,2012,N20,VIIRS,n,2,281.84,1.31,N,2
23.77852,86.14748,300.89,0.46,0.39,2026-06-09,2012,N20,VIIRS,n,2,278.95,0.33,N,0
23.77874,86.20746,305.47,0.46,0.39,2026-06-09,2012,N20,VIIRS,n,2,283.06,1.31,N,2
23.77923,86.38954,323.85,0.47,0.4,2026-06-09,2012,N20,VIIRS,n,2,290.57,3.81,N,2
23.7794,86.34738,308.78,0.47,0.39,2026-06-09,2012,N20,VIIRS,n,2,290.55,2.27,N,2
23.78218,85.57661,314.18,0.43,0.38,2026-06-09,2012,N20,VIIRS,n,2,288.69,2.85,N,0
23.7823,86.20819,308.55,0.46,0.39,2026-06-09,2012,N20,VIIRS,n,2,283.12,2.09,N,2
23.7838,86.34363,309.9,0.47,0.39,2026-06-09,2012,N20,VIIRS,n,2,289.07,2.05,N,2
23.78664,85.55135,306.25,0.43,0.38,2026-06-09,2012,N20,VIIRS,n,2,287.75,0.94,N,2
23.79652,86.35566,310.39,0.47,0.4,2026-06-09,2012,N20,VIIRS,n,2,284.3,1.8,N,2
23.79733,86.35117,308.48,0.47,0.39,2026-06-09,2012,N20,VIIRS,n,2,281.98,1.8,N,2
23.80058,86.33307,304.62,0.47,0.39,2026-06-09,2012,N20,VIIRS,n,2,282.88,0.85,N,2
23.80416,86.33383,307.36,0.47,0.39,2026-06-09,2012,N20,VIIRS,n,2,283.05,1.19,N,2
23.80498,86.32933,316.45,0.47,0.39,2026-06-09,2012,N20,VIIRS,n,2,284.56,2.46,N,2
23.81072,84.84682,307.95,0.41,0.37,2026-06-09,2012,N20,VIIRS,n,2,292.88,3.14,N,2
23.82466,85.49839,309.84,0.43,0.38,2026-06-09,2012,N20,VIIRS,n,2,291.2,2.87,N,2
20.53395,85.90906,312.78,0.49,0.4,2026-06-09,2013,N20,VIIRS,n,2,297.33,1.4,N,2
20.76095,85.29832,322.94,0.46,0.39,2026-06-09,2013,N20,VIIRS,n,2,297.89,2.02,N,2
20.76171,85.29404,313.74,0.46,0.39,2026-06-09,2013,N20,VIIRS,n,2,297.24,2.02,N,2
20.78484,85.26739,308.6,0.46,0.39,2026-06-09,2013,N20,VIIRS,n,2,296.71,1.38,N,2
20.78561,85.26307,314.57,0.45,0.39,2026-06-09,2013,N20,VIIRS,n,2,297.26,1.38,N,2
20.78637,85.25874,308.66,0.45,0.39,2026-06-09,2013,N20,VIIRS,n,2,296.39,1.16,N,2
20.78992,85.25945,312.4,0.45,0.39,2026-06-09,2013,N20,VIIRS,n,2,296.6,3.4,N,2
20.79424,85.25581,330.9,0.45,0.39,2026-06-09,2013,N20,VIIRS,n,2,298.69,3.4,N,2
20.79702,85.26084,312.32,0.45,0.39,2026-06-09,2013,N20,VIIRS,n,2,296.37,1.93,N,2
20.80487,85.25798,319.13,0.45,0.39,2026-06-09,2013,N20,VIIRS,n,2,297.34,1.66,N,2
20.80842,85.25871,313.34,0.45,0.39,2026-06-09,2013,N20,VIIRS,n,2,297.05,1.66,N,2
20.83857,84.25223,310.48,0.42,0.37,2026-06-09,2013,N20,VIIRS,n,2,295.31,0.56,N,0
20.86323,84.98754,314.59,0.44,0.39,2026-06-09,2013,N20,VIIRS,n,2,295.76,6.21,N,0
20.86527,84.99667,332.79,0.44,0.39,2026-06-09,2013,N20,VIIRS,n,2,296.71,9.26,N,2
20.86601,84.99244,318.29,0.44,0.39,2026-06-09,2013,N20,VIIRS,n,2,296.68,7.5,N,2
20.8857,84.98334,319.86,0.44,0.39,2026-06-09,2013,N20,VIIRS,n,2,296.57,6.84,N,2
20.94893,85.0602,316.28,0.44,0.39,2026-06-09,2013,N20,VIIRS,n,2,295.98,3.51,N,0
20.94979,86.04695,308.14,0.49,0.4,2026-06-09,2013,N20,VIIRS,n,2,295.6,2.06,N,2
20.95347,86.04769,313.04,0.49,0.4,2026-06-09,2013,N20,VIIRS,n,2,295.9,1.43,N,2
20.95353,85.01321,314.37,0.44,0.39,2026-06-09,2013,N20,VIIRS,n,2,297.41,1.86,N,2
20.95703,85.01394,316.46,0.44,0.39,2026-06-09,2013,N20,VIIRS,n,2,298.09,2.88,N,2
20.95777,85.00973,322.43,0.44,0.39,2026-06-09,2013,N20,VIIRS,n,2,298.43,3.17,N,2
20.96207,85.17262,325.3,0.45,0.39,2026-06-09,2013,N20,VIIRS,n,2,297.41,5.9,N,2
20.96281,85.16836,323.92,0.45,0.39,2026-06-09,2013,N20,VIIRS,n,2,297.12,3.27,N,2
20.96355,85.16412,313.73,0.45,0.39,2026-06-09,2013,N20,VIIRS,n,2,295.26,3.27,N,2
20.96395,86.01122,309.7,0.49,0.4,2026-06-09,2013,N20,VIIRS,n,2,295.95,2.11,N,2
20.96411,85.18185,305.02,0.45,0.39,2026-06-09,2013,N20,VIIRS,n,2,290.51,2.8,N,2
20.96427,85.07639,311.83,0.44,0.39,2026-06-09,2013,N20,VIIRS,n,2,296.06,3.94,N,0
20.96429,85.15986,310.37,0.45,0.39,2026-06-09,2013,N20,VIIRS,n,2,295.83,3.56,N,2
20.96449,86.04996,310.73,0.49,0.4,2026-06-09,2013,N20,VIIRS,n,2,296.1,1.43,N,2
20.9648,86.00655,327.1,0.49,0.4,2026-06-09,2013,N20,VIIRS,n,2,295.91,2.11,N,2
20.96485,85.17758,311.26,0.45,0.39,2026-06-09,2013,N20,VIIRS,n,2,296.14,3.47,N,2
20.96559,85.17333,324.47,0.45,0.39,2026-06-09,2013,N20,VIIRS,n,2,296.22,3.47,N,2
20.96633,85.16908,323.49,0.45,0.39,2026-06-09,2013,N20,VIIRS,n,2,295.72,3.62,N,2
20.96761,86.01198,330.51,0.49,0.4,2026-06-09,2013,N20,VIIRS,n,2,297.06,2.7,N,2
20.96811,85.03358,309.36,0.44,0.39,2026-06-09,2013,N20,VIIRS,n,2,296.79,4.22,N,0
20.96838,85.1783,323.61,0.45,0.39,2026-06-09,2013,N20,VIIRS,n,2,296.27,3.47,N,2
20.96855,85.15633,319.28,0.45,0.39,2026-06-09,2013,N20,VIIRS,n,2,296.27,5.66,N,2
20.96912,85.17405,338.59,0.45,0.39,2026-06-09,2013,N20,VIIRS,n,2,297.96,3.47,N,2
20.9693,85.15206,320.54,0.45,0.39,2026-06-09,2013,N20,VIIRS,n,2,296.65,3.15,N,2
20.96931,86.00267,315.37,0.49,0.4,2026-06-09,2013,N20,VIIRS,n,2,295.86,1.73,N,2
20.96958,86.02205,312.85,0.49,0.4,2026-06-09,2013,N20,VIIRS,n,2,296.15,3.53,N,2
20.96986,85.16979,320.75,0.45,0.39,2026-06-09,2013,N20,VIIRS,n,2,296.85,3.62,N,2
20.97021,85.12583,313.94,0.45,0.39,2026-06-09,2013,N20,VIIRS,n,2,297.31,3.61,N,2
20.97128,86.01275,312.88,0.49,0.4,2026-06-09,2013,N20,VIIRS,n,2,296.46,2.7,N,2
20.97189,85.17665,338.04,0.45,0.39,2026-06-09,2013,N20,VIIRS,n,2,297.65,5.13,N,2
20.9719,85.17902,324.45,0.45,0.39,2026-06-09,2013,N20,VIIRS,n,2,296.37,2.91,N,2
20.97264,85.17476,327.77,0.45,0.39,2026-06-09,2013,N20,VIIRS,n,2,297.01,2.91,N,2
20.97281,85.15279,321.83,0.45,0.39,2026-06-09,2013,N20,VIIRS,n,2,296.32,3.15,N,2
20.97297,86.00344,318.91,0.49,0.4,2026-06-09,2013,N20,VIIRS,n,2,296.24,1.73,N,2
20.97617,85.17548,315.01,0.45,0.39,2026-06-09,2013,N20,VIIRS,n,2,296.44,2.91,N,2
20.97618,85.17312,328.31,0.45,0.39,2026-06-09,2013,N20,VIIRS,n,2,297.94,5.13,N,2
20.97691,85.17122,324.51,0.45,0.39,2026-06-09,2013,N20,VIIRS,n,2,297.67,3.44,N,2
20.97693,85.16888,323.01,0.45,0.39,2026-06-09,2013,N20,VIIRS,n,2,297.81,5.53,N,2
20.97765,85.16698,315.44,0.45,0.39,2026-06-09,2013,N20,VIIRS,n,2,296.63,3.44,N,2
20.97929,85.13648,339.27,0.45,0.39,2026-06-09,2013,N20,VIIRS,n,2,299.39,4.46,N,2
20.97948,85.13421,347.8,0.45,0.39,2026-06-09,2013,N20,VIIRS,n,2,299.11,4.05,N,2
20.98003,85.13223,330.91,0.45,0.39,2026-06-09,2013,N20,VIIRS,n,2,297.2,4.46,N,2
20.98024,85.12995,311.04,0.45,0.39,2026-06-09,2013,N20,VIIRS,n,2,296.56,4.05,N,2
20.983,85.1349,315.63,0.45,0.39,2026-06-09,2013,N20,VIIRS,n,2,296.88,4.05,N,2
20.98355,85.13293,313.49,0.45,0.39,2026-06-09,2013,N20,VIIRS,n,2,296.25,4.46,N,2
20.99781,86.01332,310.5,0.49,0.4,2026-06-09,2013,N20,VIIRS,n,2,295.12,1.34,N,2
21.07186,85.0433,313.05,0.44,0.39,2026-06-09,2013,N20,VIIRS,n,2,296.46,1.18,N,0
21.07536,85.04401,310.3,0.44,0.39,2026-06-09,2013,N20,VIIRS,n,2,296.86,2.31,N,2
21.07609,85.03982,311.48,0.44,0.39,2026-06-09,2013,N20,VIIRS,n,2,298.29,1.36,N,2
21.07682,85.03561,311.11,0.44,0.39,2026-06-09,2013,N20,VIIRS,n,2,298.4,1.36,N,2
21.07959,85.04052,312.33,0.44,0.39,2026-06-09,2013,N20,VIIRS,n,2,297.71,1.36,N,2
21.08032,85.03632,315.41,0.44,0.39,2026-06-09,2013,N20,VIIRS,n,2,299.5,1.36,N,2
21.18293,82.29107,310.06,0.38,0.36,2026-06-09,2013,N20,VIIRS,n,2,294.59,4.45,N,0
21.73243,82.21411,312.37,0.38,0.36,2026-06-09,2013,N20,VIIRS,n,2,292.76,3.56,N,2
21.7326,83.98598,310.49,0.4,0.37,2026-06-09,2013,N20,VIIRS,n,2,297.12,4.14,N,2
21.73772,83.84127,319.82,0.4,0.37,2026-06-09,2013,N20,VIIRS,n,2,297.42,2.68,N,0
21.74043,83.84575,315.67,0.4,0.37,2026-06-09,2013,N20,VIIRS,n,2,297.6,2.68,N,2
21.74107,83.84192,340.27,0.4,0.37,2026-06-09,2013,N20,VIIRS,n,2,300.03,2.68,N,2
21.74442,83.84257,335.43,0.4,0.37,2026-06-09,2013,N20,VIIRS,n,2,299.79,5.56,N,2
21.74776,83.84322,348.48,0.4,0.37,2026-06-09,2013,N20,VIIRS,n,2,299.64,5.56,N,2
21.748,83.97697,330.89,0.4,0.37,2026-06-09,2013,N20,VIIRS,n,2,297.73,5.85,N,0
21.74865,83.97311,321.36,0.4,0.37,2026-06-09,2013,N20,VIIRS,n,2,296.48,2.45,N,0
21.74886,83.81578,313.47,0.4,0.37,2026-06-09,2013,N20,VIIRS,n,2,297.88,1.32,N,0
21.74928,83.84645,324.32,0.4,0.37,2026-06-09,2013,N20,VIIRS,n,2,297.88,3.51,N,0
21.74993,83.84261,338.17,0.4,0.37,2026-06-09,2013,N20,VIIRS,n,2,299.66,3.51,N,2
21.75201,83.97375,309.57,0.4,0.37,2026-06-09,2013,N20,VIIRS,n,2,296.58,2.45,N,0
21.75327,83.84326,335.97,0.4,0.37,2026-06-09,2013,N20,VIIRS,n,2,298.42,3.51,N,2
21.75662,83.84391,312.17,0.4,0.37,2026-06-09,2013,N20,VIIRS,n,2,297.3,1.1,N,2
21.75715,83.82029,323.97,0.4,0.37,2026-06-09,2013,N20,VIIRS,n,2,297.71,1.67,N,0
21.75997,83.84455,314.53,0.4,0.37,2026-06-09,2013,N20,VIIRS,n,2,297.71,1.1,N,2
21.76164,84.01942,315.14,0.4,0.37,2026-06-09,2013,N20,VIIRS,n,2,297.35,3.26,N,2
21.76267,83.84903,324.54,0.4,0.37,2026-06-09,2013,N20,VIIRS,n,2,297.34,1.66,N,0
21.76501,84.02007,313.5,0.4,0.37,2026-06-09,2013,N20,VIIRS,n,2,294.98,3.26,N,2
21.77799,83.84011,314.51,0.4,0.37,2026-06-09,2013,N20,VIIRS,n,2,298.14,1.3,N,2
21.77928,83.83244,342.96,0.4,0.37,2026-06-09,2013,N20,VIIRS,n,2,299.53,5.38,N,2
21.78262,83.83308,338.4,0.4,0.37,2026-06-09,2013,N20,VIIRS,n,2,298.69,5.38,N,2
21.79437,83.98988,311.54,0.4,0.37,2026-06-09,2013,N20,VIIRS,n,2,296.57,4.39,N,2
21.79835,83.88351,321.32,0.4,0.37,2026-06-09,2013,N20,VIIRS,n,2,297.77,2.42,N,0
21.80106,83.88799,329.76,0.4,0.37,2026-06-09,2013,N20,VIIRS,n,2,298.25,2.42,N,0
21.80505,83.8848,313.71,0.4,0.37,2026-06-09,2013,N20,VIIRS,n,2,297.66,1.25,N,2
21.82659,83.90078,310.38,0.4,0.37,2026-06-09,2013,N20,VIIRS,n,2,297.47,1.56,N,0
21.85891,83.96575,314.87,0.4,0.37,2026-06-09,2013,N20,VIIRS,n,2,297.3,4.42,N,2
21.91821,82.56554,308.43,0.38,0.36,2026-06-09,2013,N20,VIIRS,n,2,295.17,0.65,N,0
21.92486,85.22267,320.44,0.44,0.38,2026-06-09,2013,N20,VIIRS,n,2,296.23,1.74,N,2
21.92836,85.22337,305.51,0.44,0.38,2026-06-09,2013,N20,VIIRS,n,2,294.18,1.74,N,2
21.96757,85.31318,308.07,0.44,0.39,2026-06-09,2013,N20,VIIRS,n,2,294.3,1.31,N,2
22.0035,82.67155,313.63,0.38,0.36,2026-06-09,2013,N20,VIIRS,n,2,296.66,1.27,N,2
22.00409,82.66786,315.89,0.38,0.36,2026-06-09,2013,N20,VIIRS,n,2,296.55,1.78,N,2
22.00679,82.67216,311.3,0.38,0.36,2026-06-09,2013,N20,VIIRS,n,2,296.44,1.27,N,2
22.01731,83.75482,330.09,0.4,0.37,2026-06-09,2013,N20,VIIRS,n,2,298.81,6.82,N,0
22.03716,83.739,318.17,0.4,0.37,2026-06-09,2013,N20,VIIRS,n,2,296.86,5.82,N,2
22.03842,83.7314,328.34,0.4,0.37,2026-06-09,2013,N20,VIIRS,n,2,297.98,7.85,N,2
22.03905,83.7276,325.1,0.4,0.37,2026-06-09,2013,N20,VIIRS,n,2,296.42,5.19,N,2
22.04049,83.73964,316.52,0.4,0.37,2026-06-09,2013,N20,VIIRS,n,2,299.53,6.54,N,2
22.04112,83.73585,317.65,0.4,0.37,2026-06-09,2013,N20,VIIRS,n,2,299.55,3.77,N,2
22.04175,83.73204,315.46,0.4,0.37,2026-06-09,2013,N20,VIIRS,n,2,299.02,3.77,N,2
22.04239,83.72824,340.19,0.4,0.37,2026-06-09,2013,N20,VIIRS,n,2,298.86,7.75,N,2
22.04905,83.72952,315.64,0.4,0.37,2026-06-09,2013,N20,VIIRS,n,2,296.85,2.32,N,2
22.05238,83.73016,313.12,0.4,0.37,2026-06-09,2013,N20,VIIRS,n,2,296.72,2.32,N,0
22.05301,83.72636,312.27,0.4,0.37,2026-06-09,2013,N20,VIIRS,n,2,296.9,2.32,N,0
22.05334,85.46551,308.1,0.45,0.39,2026-06-09,2013,N20,VIIRS,n,2,294.8,1.23,N,2
22.05364,83.72256,316.56,0.4,0.37,2026-06-09,2013,N20,VIIRS,n,2,296.86,3.56,N,0
22.05367,88.12732,306.63,0.41,0.45,2026-06-09,2013,N20,VIIRS,n,2,282.35,1.9,N,2
22.05427,83.71877,322.87,0.4,0.37,2026-06-09,2013,N20,VIIRS,n,2,297.36,3.56,N,0
22.05442,88.1234,304.35,0.41,0.45,2026-06-09,2013,N20,VIIRS,n,2,281.29,1.2,N,2
22.09369,83.12626,308.16,0.39,0.36,2026-06-09,2013,N20,VIIRS,n,2,293.88,4.23,N,0
22.31474,82.53363,318.78,0.38,0.36,2026-06-09,2013,N20,VIIRS,n,2,297.7,6.03,N,2
22.31935,82.56867,313.7,0.38,0.36,2026-06-09,2013,N20,VIIRS,n,2,295.8,4,N,0
22.32241,82.59206,314.94,0.38,0.36,2026-06-09,2013,N20,VIIRS,n,2,292.96,3.38,N,2
22.32287,82.5465,317.93,0.38,0.36,2026-06-09,2013,N20,VIIRS,n,2,297.18,4.82,N,0
22.32323,82.56558,316.15,0.38,0.36,2026-06-09,2013,N20,VIIRS,n,2,296.74,4.64,N,2
22.33052,82.60494,319.07,0.38,0.36,2026-06-09,2013,N20,VIIRS,n,2,295.09,3.93,N,2
22.33251,82.57108,316.26,0.38,0.36,2026-06-09,2013,N20,VIIRS,n,2,295.26,4.74,N,2
22.35805,82.30196,303.06,0.38,0.36,2026-06-09,2013,N20,VIIRS,n,2,278.76,0.56,N,2
20.67346,82.17106,331.4,0.39,0.44,2026-06-10,725,N20,VIIRS,n,2,299.92,0.93,D,0
20.93582,82.52592,338.06,0.56,0.43,2026-06-10,725,N20,VIIRS,n,2,300.1,5.53,D,0
20.97607,82.21492,353.15,0.39,0.44,2026-06-10,725,N20,VIIRS,n,2,299.16,8.25,D,0
21.08785,82.31835,333.4,0.57,0.43,2026-06-10,725,N20,VIIRS,n,2,298.63,3.6,D,0
21.10013,82.01855,339.62,0.39,0.44,2026-06-10,725,N20,VIIRS,n,2,304.02,3.73,D,0
21.15216,82.11945,336.63,0.39,0.44,2026-06-10,725,N20,VIIRS,n,2,301.96,1.56,D,0
21.15407,82.10754,348.57,0.39,0.44,2026-06-10,725,N20,VIIRS,n,2,304.53,11.97,D,0
21.15476,82.11124,343.39,0.39,0.44,2026-06-10,725,N20,VIIRS,n,2,301.28,11.97,D,0
21.15735,82.103,340.31,0.39,0.44,2026-06-10,725,N20,VIIRS,n,2,300.72,3.85,D,0
21.15804,82.1067,346.42,0.39,0.44,2026-06-10,725,N20,VIIRS,n,2,301.72,4.39,D,0
21.28767,82.12856,355.85,0.39,0.44,2026-06-10,725,N20,VIIRS,n,2,304.27,14.01,D,0
21.29162,82.1277,355.06,0.39,0.44,2026-06-10,725,N20,VIIRS,l,2,298,14.01,D,0
21.31581,82.77235,339.86,0.53,0.42,2026-06-10,725,N20,VIIRS,n,2,302.79,9.49,D,0
21.82839,82.03195,343.86,0.38,0.43,2026-06-10,725,N20,VIIRS,n,2,307.11,5.78,D,0
21.91219,82.64353,331.22,0.53,0.42,2026-06-10,725,N20,VIIRS,n,2,301.08,1.48,D,0
21.95236,82.60359,337.85,0.53,0.42,2026-06-10,725,N20,VIIRS,n,2,304.32,5.73,D,0
21.95424,82.60062,334.78,0.53,0.42,2026-06-10,725,N20,VIIRS,n,2,302.76,6.85,D,0
22.01563,83.75411,338.19,0.47,0.39,2026-06-10,725,N20,VIIRS,l,2,303.55,7.45,D,0
22.03766,83.73122,332.96,0.47,0.4,2026-06-10,725,N20,VIIRS,l,2,303.02,3.69,D,2
22.03843,83.73567,333.42,0.47,0.39,2026-06-10,725,N20,VIIRS,l,2,305.53,3.69,D,2
22.0392,83.74012,337.19,0.47,0.39,2026-06-10,725,N20,VIIRS,l,2,305.39,8.22,D,2
22.04125,83.73047,338.85,0.47,0.4,2026-06-10,725,N20,VIIRS,l,2,303.92,8.57,D,2
22.04843,83.72901,335.29,0.47,0.4,2026-06-10,725,N20,VIIRS,l,2,304.36,5.21,D,2
22.05018,83.73042,333.46,0.47,0.39,2026-06-10,725,N20,VIIRS,l,2,300.9,4.98,D,2
22.05219,83.72079,332.72,0.47,0.4,2026-06-10,725,N20,VIIRS,l,2,303.18,5.43,D,0
22.14898,82.06025,335.38,0.57,0.43,2026-06-10,725,N20,VIIRS,l,2,306.4,3.13,D,0
22.19126,83.0004,343.43,0.5,0.41,2026-06-10,725,N20,VIIRS,n,2,305.27,6.02,D,0
22.21215,84.86745,332.81,0.42,0.38,2026-06-10,725,N20,VIIRS,l,2,303.05,4.78,D,2
22.2163,82.18221,348.39,0.56,0.43,2026-06-10,725,N20,VIIRS,n,2,307.97,7.26,D,0
22.21632,82.18497,340.28,0.56,0.43,2026-06-10,725,N20,VIIRS,n,2,308.11,7.77,D,0
22.21668,82.97013,337.54,0.51,0.41,2026-06-10,725,N20,VIIRS,n,2,305.75,3.45,D,0
22.23655,82.13929,334.64,0.56,0.43,2026-06-10,725,N20,VIIRS,l,2,305.97,1.91,D,0
22.35621,82.30322,344.67,0.54,0.42,2026-06-10,725,N20,VIIRS,n,2,312.85,5.74,D,2
22.36006,82.30242,340.34,0.54,0.42,2026-06-10,725,N20,VIIRS,l,2,311.29,5.74,D,2
22.46815,83.17844,339.55,0.49,0.4,2026-06-10,725,N20,VIIRS,n,2,306.43,3.12,D,0
22.50358,83.1856,330.63,0.49,0.4,2026-06-10,725,N20,VIIRS,l,2,303.88,0.93,D,0
23.62411,85.67596,334.28,0.39,0.36,2026-06-10,726,N20,VIIRS,l,2,304.4,2.52,D,0
23.64698,85.4394,349.63,0.4,0.37,2026-06-10,726,N20,VIIRS,n,2,311.08,7.97,D,2
23.69515,85.29102,335.09,0.4,0.37,2026-06-10,726,N20,VIIRS,l,2,308.35,4.47,D,2
23.78141,85.57589,337.23,0.39,0.36,2026-06-10,726,N20,VIIRS,l,2,308.63,8.13,D,0
23.7883,85.55493,331.47,0.39,0.36,2026-06-10,726,N20,VIIRS,l,2,306.14,4.77,D,0
23.80891,84.8453,336.65,0.41,0.37,2026-06-10,726,N20,VIIRS,l,2,309.86,6,D,2
24.07121,83.73248,342.47,0.44,0.39,2026-06-10,726,N20,VIIRS,n,2,307.75,5.29,D,0
24.13788,82.63432,332.97,0.49,0.41,2026-06-10,726,N20,VIIRS,l,2,303.32,2.23,D,2
24.15646,82.70196,333.09,0.49,0.4,2026-06-10,726,N20,VIIRS,l,2,306.46,2.63,D,0
24.15711,82.69978,332.74,0.49,0.4,2026-06-10,726,N20,VIIRS,l,2,306.87,1.99,D,0
24.16824,82.62039,334.62,0.49,0.41,2026-06-10,726,N20,VIIRS,l,2,306.81,4.13,D,0
24.17794,82.65278,334.47,0.49,0.4,2026-06-10,726,N20,VIIRS,l,2,307.35,3.28,D,0
24.20369,82.71098,344.3,0.49,0.4,2026-06-10,726,N20,VIIRS,n,2,312.01,6.89,D,2
24.21132,83.5127,341.56,0.45,0.39,2026-06-10,726,N20,VIIRS,l,2,310.68,6.01,D,0
24.21483,83.51195,350.83,0.45,0.39,2026-06-10,726,N20,VIIRS,n,2,310.54,18.86,D,0
24.99333,82.00921,336.67,0.51,0.41,2026-06-10,726,N20,VIIRS,l,2,309.88,4.81,D,0
23.62559,85.67355,304.1,0.41,0.37,2026-06-10,1953,N20,VIIRS,n,2,275.89,0.65,N,0
23.6456,85.43925,299.93,0.41,0.37,2026-06-10,1953,N20,VIIRS,n,2,276.18,1.03,N,2
23.64901,85.43983,317.22,0.41,0.37,2026-06-10,1953,N20,VIIRS,n,2,276.47,1.03,N,2
23.64959,85.43581,305.97,0.41,0.37,2026-06-10,1953,N20,VIIRS,n,2,276.22,1.03,N,2
23.65676,85.50715,301.81,0.41,0.37,2026-06-10,1953,N20,VIIRS,n,2,277.37,0.52,N,2
23.66579,84.99781,302.83,0.43,0.38,2026-06-10,1953,N20,VIIRS,n,2,280.95,1.41,N,2
23.66881,86.09351,301.47,0.4,0.37,2026-06-10,1953,N20,VIIRS,n,2,276.13,0.55,N,2
23.67667,86.08692,311.16,0.4,0.37,2026-06-10,1953,N20,VIIRS,n,2,276.97,1.36,N,2
23.68002,86.0875,317.07,0.4,0.37,2026-06-10,1953,N20,VIIRS,n,2,275.95,1.74,N,2
23.68222,86.09584,321.63,0.4,0.37,2026-06-10,1953,N20,VIIRS,n,2,275.56,2.08,N,2
23.6846,85.36305,300.92,0.42,0.37,2026-06-10,1953,N20,VIIRS,n,2,276.1,0.62,N,0
23.69514,85.28982,303.64,0.42,0.38,2026-06-10,1953,N20,VIIRS,n,2,277.64,1.38,N,2
23.6977,85.36945,306.92,0.42,0.37,2026-06-10,1953,N20,VIIRS,n,2,276.23,0.71,N,0
23.70639,86.07217,331.1,0.4,0.37,2026-06-10,1953,N20,VIIRS,n,2,274.84,3.98,N,2
23.73865,85.01007,303.81,0.43,0.38,2026-06-10,1953,N20,VIIRS,n,2,279.47,1.64,N,2
23.74409,85.50792,299.72,0.41,0.37,2026-06-10,1953,N20,VIIRS,n,2,276.72,0.54,N,2
23.75717,85.85577,299.94,0.4,0.37,2026-06-10,1953,N20,VIIRS,n,2,272.84,0.75,N,2
23.75774,85.85182,299.61,0.4,0.37,2026-06-10,1953,N20,VIIRS,n,2,271.74,0.75,N,2
23.7722,86.19849,301.13,0.4,0.37,2026-06-10,1953,N20,VIIRS,n,2,275.32,0.84,N,2
23.77969,86.14818,297.95,0.4,0.37,2026-06-10,1953,N20,VIIRS,n,2,273.11,0.15,N,0
23.7805,86.21187,306.87,0.4,0.37,2026-06-10,1953,N20,VIIRS,n,2,275.8,2.15,N,2
23.78304,85.57625,305.4,0.41,0.37,2026-06-10,1953,N20,VIIRS,n,2,277.84,1.21,N,0
23.79433,86.2341,298.91,0.4,0.37,2026-06-10,1953,N20,VIIRS,n,2,275.14,0.71,N,2
23.80914,84.84721,302.63,0.43,0.38,2026-06-10,1953,N20,VIIRS,n,2,277.08,1.03,N,2
23.82291,85.49577,302.71,0.41,0.37,2026-06-10,1953,N20,VIIRS,n,2,277.83,1.24,N,2
23.82512,84.57518,318.81,0.45,0.39,2026-06-10,1953,N20,VIIRS,n,2,287.49,1.59,N,0
23.82515,84.57243,318.89,0.45,0.39,2026-06-10,1953,N20,VIIRS,n,2,287.81,3.63,N,0
23.82574,84.57082,306.59,0.45,0.39,2026-06-10,1953,N20,VIIRS,n,2,286.73,2.33,N,0
23.82574,85.5004,301.9,0.41,0.37,2026-06-10,1953,N20,VIIRS,n,2,277.52,1.41,N,2
23.82866,84.57578,308.58,0.45,0.39,2026-06-10,1953,N20,VIIRS,n,2,287.17,1.59,N,0
23.83222,84.57364,310.06,0.45,0.39,2026-06-10,1953,N20,VIIRS,n,2,286.78,1.58,N,0
24.14095,82.63475,317.78,0.56,0.43,2026-06-10,1953,N20,VIIRS,n,2,297.7,1.87,N,2
24.15693,82.69862,309.02,0.55,0.43,2026-06-10,1953,N20,VIIRS,n,2,298.53,0.97,N,0
24.16071,82.60491,312.87,0.56,0.43,2026-06-10,1953,N20,VIIRS,n,2,297.39,1.59,N,2
24.17049,82.62286,315.4,0.56,0.43,2026-06-10,1953,N20,VIIRS,n,2,297.27,1.8,N,2
24.17838,82.65343,311.27,0.56,0.43,2026-06-10,1953,N20,VIIRS,n,2,298.55,2.23,N,0
24.17885,82.65176,311.24,0.56,0.43,2026-06-10,1953,N20,VIIRS,n,2,298.37,1.64,N,0
24.20319,82.71223,321.5,0.55,0.43,2026-06-10,1953,N20,VIIRS,n,2,300.44,2.97,N,2
24.20383,82.70699,312.49,0.55,0.43,2026-06-10,1953,N20,VIIRS,n,2,298.51,2.97,N,0
25.93056,84.54379,313.1,0.47,0.4,2026-06-10,1953,N20,VIIRS,n,2,294.54,4.68,N,0
20.51583,85.727,308.32,0.39,0.36,2026-06-10,1954,N20,VIIRS,n,2,291.12,1.27,N,0
20.53246,85.90913,308.06,0.39,0.36,2026-06-10,1954,N20,VIIRS,n,2,288.76,1.74,N,2
20.76043,85.2999,317.64,0.4,0.37,2026-06-10,1954,N20,VIIRS,n,2,293.85,2.14,N,2
20.761,85.29604,316.5,0.4,0.37,2026-06-10,1954,N20,VIIRS,n,2,293.05,2.62,N,2
20.78411,85.25678,307.76,0.4,0.37,2026-06-10,1954,N20,VIIRS,n,2,291.36,1.28,N,2
20.78633,85.26501,316.76,0.4,0.37,2026-06-10,1954,N20,VIIRS,n,2,292.77,2.22,N,2
20.78691,85.26118,309.58,0.4,0.37,2026-06-10,1954,N20,VIIRS,n,2,292.63,1.28,N,2
20.79478,85.25468,334.15,0.4,0.37,2026-06-10,1954,N20,VIIRS,n,2,293.88,7.61,N,2
20.79757,85.25907,311.39,0.4,0.37,2026-06-10,1954,N20,VIIRS,n,2,291.47,2.11,N,2
20.80657,85.25617,320.5,0.4,0.37,2026-06-10,1954,N20,VIIRS,n,2,292.96,2.76,N,2
20.8631,84.98853,307.73,0.41,0.37,2026-06-10,1954,N20,VIIRS,n,2,282.2,2.02,N,0
20.86592,84.993,305.36,0.41,0.37,2026-06-10,1954,N20,VIIRS,n,2,281.49,1.57,N,2
20.95037,85.06193,307.06,0.41,0.37,2026-06-10,1954,N20,VIIRS,n,2,284.57,1.04,N,0
20.95435,85.0107,305.54,0.41,0.37,2026-06-10,1954,N20,VIIRS,n,2,281.66,1.4,N,2
20.95775,85.01125,313.98,0.41,0.37,2026-06-10,1954,N20,VIIRS,n,2,281.7,1.4,N,2
20.96152,85.175,322.34,0.4,0.37,2026-06-10,1954,N20,VIIRS,n,2,289.02,3.53,N,2
20.96209,85.17114,310.96,0.4,0.37,2026-06-10,1954,N20,VIIRS,n,2,288.56,2.15,N,2
20.96263,85.19099,327.6,0.4,0.37,2026-06-10,1954,N20,VIIRS,n,2,293.56,2.4,N,2
20.96266,85.16727,318.7,0.4,0.37,2026-06-10,1954,N20,VIIRS,n,2,288.13,2.15,N,2
20.96319,85.18716,337.27,0.4,0.37,2026-06-10,1954,N20,VIIRS,n,2,292.48,3.21,N,2
20.96324,85.16339,314.58,0.4,0.37,2026-06-10,1954,N20,VIIRS,n,2,287.13,2.45,N,2
20.96376,85.18329,312.9,0.4,0.37,2026-06-10,1954,N20,VIIRS,n,2,291.03,3.21,N,2
20.9649,85.17558,315.81,0.4,0.37,2026-06-10,1954,N20,VIIRS,n,2,288.57,3.36,N,2
20.96496,86.01302,306.12,0.39,0.36,2026-06-10,1954,N20,VIIRS,n,2,284.47,1.78,N,2
20.96547,85.1717,312.53,0.4,0.37,2026-06-10,1954,N20,VIIRS,n,2,287.92,1.67,N,2
20.966,85.19157,308.09,0.4,0.37,2026-06-10,1954,N20,VIIRS,n,2,290.66,2.4,N,2
20.96604,85.16783,321.56,0.4,0.37,2026-06-10,1954,N20,VIIRS,n,2,288.26,1.67,N,2
20.96661,85.16396,305.14,0.4,0.37,2026-06-10,1954,N20,VIIRS,n,2,286.3,1.64,N,2
20.96666,86.00188,319.72,0.39,0.36,2026-06-10,1954,N20,VIIRS,n,2,283.67,1.72,N,2
20.96775,85.1562,312.82,0.4,0.37,2026-06-10,1954,N20,VIIRS,n,2,285.8,0.98,N,2
20.96827,86.01359,313.77,0.39,0.36,2026-06-10,1954,N20,VIIRS,n,2,283.02,2.26,N,2
20.96828,85.17613,335.71,0.4,0.37,2026-06-10,1954,N20,VIIRS,n,2,290.47,3.36,N,2
20.96832,85.15234,309.84,0.4,0.37,2026-06-10,1954,N20,VIIRS,n,2,285.74,0.98,N,2
20.96884,86.00987,304.86,0.39,0.36,2026-06-10,1954,N20,VIIRS,n,2,281.91,1.69,N,2
20.96885,85.17226,316.71,0.4,0.37,2026-06-10,1954,N20,VIIRS,n,2,288.53,1.67,N,2
20.96893,85.12469,304.22,0.41,0.37,2026-06-10,1954,N20,VIIRS,n,2,282.94,0.74,N,2
20.96942,85.16839,313.56,0.4,0.37,2026-06-10,1954,N20,VIIRS,n,2,287.66,1.67,N,2
20.96998,86.00245,307.34,0.39,0.36,2026-06-10,1954,N20,VIIRS,n,2,282.06,1.64,N,2
20.97045,86.02159,315.24,0.39,0.36,2026-06-10,1954,N20,VIIRS,n,2,282.72,2.06,N,2
20.97113,85.15676,303.7,0.4,0.37,2026-06-10,1954,N20,VIIRS,n,2,284.09,0.98,N,2
20.97166,85.1767,339.77,0.4,0.37,2026-06-10,1954,N20,VIIRS,n,2,291.07,5.84,N,2
20.97171,85.15289,310.81,0.4,0.37,2026-06-10,1954,N20,VIIRS,n,2,284,0.98,N,2
20.97561,85.17339,316.35,0.4,0.37,2026-06-10,1954,N20,VIIRS,n,2,288.75,2.19,N,2
20.97604,86.00731,305.4,0.39,0.36,2026-06-10,1954,N20,VIIRS,n,2,277.97,0.84,N,2
20.97618,85.16951,319.19,0.4,0.37,2026-06-10,1954,N20,VIIRS,n,2,287.95,2.19,N,2
20.97737,85.13797,304.73,0.41,0.37,2026-06-10,1954,N20,VIIRS,n,2,283.28,2.02,N,2
20.97794,85.1341,323.29,0.41,0.37,2026-06-10,1954,N20,VIIRS,n,2,283.48,2.66,N,2
20.98132,85.13467,325.91,0.41,0.37,2026-06-10,1954,N20,VIIRS,n,2,283.04,2.66,N,2
21.00029,86.02677,310.31,0.39,0.36,2026-06-10,1954,N20,VIIRS,n,2,276.03,1.1,N,2
21.07229,85.04176,303.51,0.41,0.37,2026-06-10,1954,N20,VIIRS,n,2,279.32,0.77,N,2
21.07568,85.04232,304.97,0.41,0.37,2026-06-10,1954,N20,VIIRS,n,2,279.14,0.77,N,2
21.07625,85.03841,307.66,0.41,0.37,2026-06-10,1954,N20,VIIRS,n,2,280.9,2.24,N,2
21.07908,85.04288,304.72,0.41,0.37,2026-06-10,1954,N20,VIIRS,n,2,279.27,0.93,N,2
21.07965,85.03897,310.02,0.41,0.37,2026-06-10,1954,N20,VIIRS,n,2,280.9,1.12,N,2
21.08022,85.03506,308.14,0.41,0.37,2026-06-10,1954,N20,VIIRS,n,2,282.37,1.12,N,2
21.76503,84.02576,324.58,0.45,0.39,2026-06-10,1954,N20,VIIRS,n,2,283.08,3.49,N,2
21.91597,83.35455,298.02,0.48,0.4,2026-06-10,1954,N20,VIIRS,n,2,277.37,0.78,N,2
21.92028,83.35048,319.42,0.48,0.4,2026-06-10,1954,N20,VIIRS,n,2,287.06,3.03,N,2
21.92395,83.35105,307.1,0.48,0.4,2026-06-10,1954,N20,VIIRS,n,2,285.74,3,N,2
21.92424,85.22234,308.55,0.41,0.37,2026-06-10,1954,N20,VIIRS,n,2,280.46,1.13,N,2
21.92522,83.34174,312.12,0.48,0.4,2026-06-10,1954,N20,VIIRS,n,2,287.28,2.95,N,2
21.9544,83.8087,306.28,0.46,0.39,2026-06-10,1954,N20,VIIRS,n,2,283.16,1.39,N,0
21.98386,83.23373,308.49,0.49,0.4,2026-06-10,1954,N20,VIIRS,n,2,287.36,1.47,N,2
22.00375,82.67113,309.71,0.52,0.42,2026-06-10,1954,N20,VIIRS,n,2,281.7,2.43,N,2
22.03967,83.73359,303.06,0.46,0.39,2026-06-10,1954,N20,VIIRS,n,2,278.45,1.73,N,2
22.04028,83.7291,314.23,0.46,0.39,2026-06-10,1954,N20,VIIRS,n,2,277.69,1.37,N,2
22.05239,88.10306,316.8,0.39,0.36,2026-06-10,1954,N20,VIIRS,n,2,293.26,1.18,N,2
22.05263,88.12242,327.68,0.39,0.36,2026-06-10,1954,N20,VIIRS,n,2,294.01,1.29,N,2
22.05594,88.12305,329.15,0.39,0.36,2026-06-10,1954,N20,VIIRS,n,2,294.1,3.38,N,2
22.06564,83.70559,307.78,0.47,0.39,2026-06-10,1954,N20,VIIRS,n,2,283.15,3.4,N,2
22.20105,84.57827,305.11,0.43,0.38,2026-06-10,1954,N20,VIIRS,n,2,281.4,0.98,N,2
22.20276,84.5804,304.08,0.43,0.38,2026-06-10,1954,N20,VIIRS,n,2,281.48,1,N,0
22.2055,84.84825,302.92,0.42,0.38,2026-06-10,1954,N20,VIIRS,n,2,278.09,0.61,N,2
22.21064,84.8616,304.12,0.42,0.38,2026-06-10,1954,N20,VIIRS,n,2,279,1.54,N,2
22.21888,84.75436,304.11,0.42,0.38,2026-06-10,1954,N20,VIIRS,n,2,280.25,1.41,N,2
22.24621,87.3892,302.04,0.38,0.36,2026-06-10,1954,N20,VIIRS,n,2,280.39,0.61,N,2
22.57404,85.89891,308.85,0.4,0.37,2026-06-10,1954,N20,VIIRS,n,2,279.68,1.57,N,2
22.60971,85.91294,305.71,0.4,0.37,2026-06-10,1954,N20,VIIRS,n,2,281.96,0.78,N,0
22.78932,86.20927,304.05,0.39,0.36,2026-06-10,1954,N20,VIIRS,n,2,274.42,1.25,N,2
22.79104,86.19788,324.22,0.39,0.36,2026-06-10,1954,N20,VIIRS,n,2,277.24,2.23,N,2
22.8754,86.06358,304.18,0.4,0.37,2026-06-10,1954,N20,VIIRS,n,2,280.13,0.76,N,2
23.16434,82.3395,317.1,0.56,0.43,2026-06-10,1954,N20,VIIRS,n,2,296.17,1.6,N,2
23.16761,82.34563,309.99,0.56,0.43,2026-06-10,1954,N20,VIIRS,n,2,295.47,1.6,N,2
23.16828,82.34016,310.44,0.56,0.43,2026-06-10,1954,N20,VIIRS,n,2,296.09,1.6,N,2
20.82265,83.87968,331.61,0.6,0.53,2026-06-11,706,N20,VIIRS,n,2,296.21,4.12,D,0
20.82746,83.87862,334.53,0.6,0.53,2026-06-11,706,N20,VIIRS,n,2,296.37,4.12,D,0
20.92415,82.78049,347.94,0.35,0.57,2026-06-11,706,N20,VIIRS,n,2,292.49,4.7,D,0
20.9458,86.04676,330.69,0.44,0.46,2026-06-11,706,N20,VIIRS,n,2,293.4,4.05,D,0
20.9534,85.01278,331.94,0.51,0.49,2026-06-11,706,N20,VIIRS,n,2,300.16,5.85,D,2
20.96069,85.18877,333.34,0.5,0.49,2026-06-11,706,N20,VIIRS,n,2,299.28,7.94,D,2
20.96232,85.17383,332.07,0.5,0.49,2026-06-11,706,N20,VIIRS,n,2,298.37,5.57,D,2
20.96461,86.00819,343.77,0.44,0.46,2026-06-11,706,N20,VIIRS,n,2,296.53,12.24,D,2
20.96673,85.17281,333.27,0.5,0.49,2026-06-11,706,N20,VIIRS,n,2,298.33,5.96,D,2
20.96767,85.17751,345.51,0.5,0.49,2026-06-11,706,N20,VIIRS,n,2,298.98,5.96,D,2
20.9947,82.2148,330.02,0.38,0.59,2026-06-11,706,N20,VIIRS,n,2,289.36,3.47,D,0
20.99546,82.21838,332.56,0.38,0.59,2026-06-11,706,N20,VIIRS,n,2,289.09,3.47,D,0
20.99791,82.21435,331.26,0.38,0.59,2026-06-11,706,N20,VIIRS,n,2,289.17,4.93,D,0
21.07758,85.04148,333.42,0.5,0.49,2026-06-11,706,N20,VIIRS,n,2,298.84,4.43,D,2
21.07853,85.04627,330.59,0.5,0.49,2026-06-11,706,N20,VIIRS,n,2,299.63,4.43,D,2
21.18688,82.00293,330.84,0.39,0.59,2026-06-11,706,N20,VIIRS,n,2,298.59,2.01,D,0
21.21258,83.18146,348.25,0.33,0.55,2026-06-11,706,N20,VIIRS,n,2,294.73,4.07,D,0
21.21933,83.68415,347.55,0.61,0.53,2026-06-11,706,N20,VIIRS,n,2,295.14,19.38,D,0
21.23573,83.83504,331.13,0.6,0.53,2026-06-11,706,N20,VIIRS,n,2,295.71,2.81,D,0
21.23706,83.83672,333.24,0.6,0.53,2026-06-11,706,N20,VIIRS,n,2,295.77,3.03,D,0
21.30896,83.467,332.19,0.63,0.54,2026-06-11,706,N20,VIIRS,n,2,296.99,1.86,D,0
21.36153,83.96301,336.35,0.58,0.52,2026-06-11,706,N20,VIIRS,n,2,295.03,4.05,D,0
21.3617,83.96143,333.24,0.58,0.52,2026-06-11,706,N20,VIIRS,n,2,294.74,5.51,D,0
21.3836,83.87543,335.09,0.59,0.53,2026-06-11,706,N20,VIIRS,n,2,295.46,6.68,D,0
21.40891,83.82877,338.01,0.59,0.53,2026-06-11,706,N20,VIIRS,n,2,297.38,6.04,D,0
21.4611,83.89021,334.78,0.59,0.52,2026-06-11,706,N20,VIIRS,n,2,297.4,3.7,D,0
21.53127,84.06224,338.09,0.57,0.52,2026-06-11,706,N20,VIIRS,n,2,295.24,7.16,D,0
21.5564,84.01696,334.12,0.57,0.52,2026-06-11,706,N20,VIIRS,n,2,294.22,3.82,D,0
21.64759,83.90305,342.5,0.58,0.52,2026-06-11,706,N20,VIIRS,n,2,298.57,13.37,D,0
21.73968,83.84362,338.94,0.58,0.52,2026-06-11,706,N20,VIIRS,n,2,301.95,7.79,D,2
21.77747,83.83459,331.72,0.58,0.52,2026-06-11,706,N20,VIIRS,n,2,300.37,6.85,D,2
21.77766,83.83306,331.11,0.58,0.52,2026-06-11,706,N20,VIIRS,n,2,299.82,6.03,D,2
21.79967,83.8911,330.56,0.58,0.52,2026-06-11,706,N20,VIIRS,n,2,299.93,4.69,D,0
21.88119,82.27598,333.47,0.36,0.58,2026-06-11,707,N20,VIIRS,n,2,298.95,1.54,D,0
22.00149,82.70451,330.03,0.34,0.56,2026-06-11,707,N20,VIIRS,n,2,299.46,0.82,D,0
22.05395,82.51615,340.86,0.35,0.57,2026-06-11,707,N20,VIIRS,n,2,298.73,4.18,D,0
22.05467,82.51945,339.05,0.35,0.57,2026-06-11,707,N20,VIIRS,n,2,298.41,4.72,D,0
22.12783,82.15293,331.5,0.37,0.58,2026-06-11,707,N20,VIIRS,n,2,298.06,2.21,D,0
22.1834,82.08338,332.1,0.37,0.58,2026-06-11,707,N20,VIIRS,n,2,297.61,2.15,D,0
22.18401,82.06118,333.5,0.37,0.58,2026-06-11,707,N20,VIIRS,n,2,298.76,4.18,D,0
22.30298,83.13866,334.53,0.63,0.54,2026-06-11,707,N20,VIIRS,n,2,297.1,6.14,D,0
22.33006,82.60811,333.61,0.34,0.56,2026-06-11,707,N20,VIIRS,n,2,301.86,1.84,D,2
23.64659,85.44163,333.61,0.43,0.46,2026-06-11,707,N20,VIIRS,n,2,293.84,3.32,D,2
23.77265,86.36659,332.77,0.56,0.43,2026-06-11,707,N20,VIIRS,n,2,293.46,4.9,D,2
23.77772,86.39382,331.15,0.56,0.43,2026-06-11,707,N20,VIIRS,n,2,292.6,7.92,D,2
23.77922,86.21088,330.04,0.38,0.43,2026-06-11,707,N20,VIIRS,n,2,296.72,3.81,D,2
23.80276,86.33158,334.28,0.57,0.43,2026-06-11,707,N20,VIIRS,n,2,297.76,5.57,D,2
23.82457,84.57452,337.48,0.48,0.48,2026-06-11,707,N20,VIIRS,n,2,301.74,6.16,D,0
23.92068,84.23322,340,0.5,0.49,2026-06-11,707,N20,VIIRS,n,2,302.97,4.99,D,0
24.09096,82.90708,338.39,0.6,0.53,2026-06-11,707,N20,VIIRS,n,2,302.92,6.7,D,0
24.09238,82.90861,337.6,0.6,0.53,2026-06-11,707,N20,VIIRS,n,2,302.3,5.31,D,0
24.20403,82.71137,332.74,0.61,0.54,2026-06-11,707,N20,VIIRS,n,2,301.85,6.99,D,2
24.22491,83.5494,337.3,0.54,0.51,2026-06-11,707,N20,VIIRS,n,2,300.98,1.53,D,0
24.22787,83.54617,337.48,0.54,0.51,2026-06-11,707,N20,VIIRS,n,2,300.54,2.51,D,0
23.66244,87.15581,299.72,0.57,0.43,2026-06-11,1934,N20,VIIRS,n,2,278.62,1.8,N,2
23.7747,86.3632,301.29,0.42,0.45,2026-06-11,1934,N20,VIIRS,n,2,273.69,1.29,N,2
23.80416,86.32963,305.81,0.42,0.45,2026-06-11,1934,N20,VIIRS,n,2,280.29,2.74,N,2
24.15206,82.58446,305.9,0.37,0.58,2026-06-11,1934,N20,VIIRS,n,2,286.63,1.16,N,0
24.16378,82.63271,305.37,0.36,0.58,2026-06-11,1934,N20,VIIRS,n,2,286.08,0.86,N,0
24.17011,82.62239,313,0.37,0.58,2026-06-11,1934,N20,VIIRS,n,2,284.4,0.71,N,2
24.20359,82.71107,313.3,0.36,0.57,2026-06-11,1934,N20,VIIRS,n,2,287.31,1.06,N,2
24.20388,82.7078,304.31,0.36,0.57,2026-06-11,1934,N20,VIIRS,n,2,286.96,1.06,N,0
24.20459,82.71199,313.23,0.36,0.57,2026-06-11,1934,N20,VIIRS,n,2,287.48,1.13,N,2
24.2049,82.70867,305.64,0.36,0.57,2026-06-11,1934,N20,VIIRS,n,2,287.2,1.13,N,2
24.44942,83.0391,305.19,0.35,0.56,2026-06-11,1934,N20,VIIRS,n,2,290.25,1.35,N,2
20.76119,85.29609,313.84,0.45,0.47,2026-06-11,1935,N20,VIIRS,n,2,288.97,2.48,N,2
20.78679,85.26448,312.15,0.45,0.47,2026-06-11,1935,N20,VIIRS,n,2,289.57,1.68,N,2
20.7873,85.26018,309.45,0.45,0.47,2026-06-11,1935,N20,VIIRS,n,2,289.38,1.68,N,2
20.79263,85.25218,304.66,0.45,0.47,2026-06-11,1935,N20,VIIRS,n,2,287.92,2.66,N,2
20.79693,85.25279,322.94,0.45,0.47,2026-06-11,1935,N20,VIIRS,n,2,287.98,2.66,N,2
20.80501,85.25826,307.99,0.45,0.47,2026-06-11,1935,N20,VIIRS,n,2,285.13,1.58,N,2
20.80931,85.2588,303.08,0.45,0.47,2026-06-11,1935,N20,VIIRS,n,2,285.53,1.27,N,2
20.86364,84.99313,302.38,0.47,0.48,2026-06-11,1935,N20,VIIRS,n,2,282.19,1.24,N,2
20.86417,84.98872,315.86,0.47,0.48,2026-06-11,1935,N20,VIIRS,n,2,283.11,1.5,N,2
20.88791,84.98096,306.87,0.47,0.48,2026-06-11,1935,N20,VIIRS,n,2,283.78,1.43,N,2
20.95535,85.01285,309.21,0.47,0.48,2026-06-11,1935,N20,VIIRS,n,2,287.4,2.89,N,2
20.98144,85.13663,309.07,0.46,0.47,2026-06-11,1935,N20,VIIRS,n,2,284.88,2.74,N,2
22.80187,86.09087,306.55,0.42,0.46,2026-06-11,1935,N20,VIIRS,n,2,286.03,1.8,N,2
22.85707,86.05652,302.34,0.43,0.46,2026-06-11,1935,N20,VIIRS,n,2,281.95,0.72,N,2
22.87336,86.06302,303.69,0.43,0.46,2026-06-11,1935,N20,VIIRS,n,2,280.15,0.82,N,2
23.16807,82.33976,299.9,0.37,0.58,2026-06-11,1935,N20,VIIRS,n,2,272.12,0.62,N,2
23.67836,86.08595,297.88,0.44,0.46,2026-06-11,1935,N20,VIIRS,n,2,272.08,1.33,N,2
23.6816,86.09507,298.39,0.44,0.46,2026-06-11,1935,N20,VIIRS,n,2,268.88,0.93,N,2
22.37638,87.28119,333.12,0.34,0.56,2026-06-12,648,N20,VIIRS,n,2,292.31,4.95,D,2
23.64509,85.44133,330.24,0.42,0.61,2026-06-12,648,N20,VIIRS,n,2,288.67,4.49,D,2
20.28351,83.27396,330.6,0.49,0.65,2026-06-12,828,N20,VIIRS,n,2,292.45,2.59,D,0
21.90085,82.68114,331.57,0.47,0.64,2026-06-12,828,N20,VIIRS,n,2,290.54,3.85,D,0
22.3546,82.30269,333.85,0.45,0.63,2026-06-12,828,N20,VIIRS,n,2,293.59,5.91,D,2
22.35482,82.30659,339.15,0.45,0.63,2026-06-12,828,N20,VIIRS,n,2,294.11,3.84,D,2
22.35497,82.30701,333.07,0.45,0.63,2026-06-12,828,N20,VIIRS,n,2,293.46,4.13,D,2
22.3604,82.30205,353.63,0.45,0.63,2026-06-12,828,N20,VIIRS,n,2,294.11,6.51,D,2
25.03635,87.38978,308.02,0.37,0.58,2026-06-12,1915,N20,VIIRS,n,2,289.39,1.07,N,0
25.03764,87.37504,305.68,0.37,0.58,2026-06-12,1915,N20,VIIRS,n,2,289.26,0.93,N,2
21.68112,84.04,309.77,0.56,0.69,2026-06-12,1916,N20,VIIRS,n,2,284.72,3.37,N,2
21.7443,83.8408,304.37,0.58,0.7,2026-06-12,1916,N20,VIIRS,n,2,283.18,1.44,N,2
21.75564,84.02241,303.54,0.56,0.69,2026-06-12,1916,N20,VIIRS,n,2,283.89,2.53,N,2
21.76883,84.01817,302.76,0.56,0.69,2026-06-12,1916,N20,VIIRS,n,2,282.39,1.38,N,2
21.91974,83.35339,303.28,0.63,0.72,2026-06-12,1916,N20,VIIRS,n,2,285.41,3.53,N,2
21.92021,83.34728,311.52,0.63,0.72,2026-06-12,1916,N20,VIIRS,n,2,285.58,4.7,N,2
22.04035,83.74102,303.1,0.59,0.7,2026-06-12,1916,N20,VIIRS,n,2,286.35,2.24,N,2
22.04078,83.73527,303.57,0.59,0.7,2026-06-12,1916,N20,VIIRS,n,2,286.78,3.24,N,2
22.05263,88.10364,313.7,0.62,0.54,2026-06-12,1916,N20,VIIRS,n,2,289.87,4.35,N,2
22.05564,88.12228,311.73,0.62,0.54,2026-06-12,1916,N20,VIIRS,n,2,290.33,5.25,N,2
22.24557,87.38859,305.37,0.35,0.56,2026-06-12,1916,N20,VIIRS,n,2,290.31,0.8,N,2
22.36495,87.30312,305.57,0.35,0.57,2026-06-12,1916,N20,VIIRS,n,2,289.25,1.76,N,2
22.3653,87.29969,309.27,0.35,0.57,2026-06-12,1916,N20,VIIRS,n,2,289.02,1.88,N,2
22.36534,87.30096,314.12,0.35,0.57,2026-06-12,1916,N20,VIIRS,n,2,289.75,2.43,N,2
22.36663,87.02042,304.91,0.37,0.58,2026-06-12,1916,N20,VIIRS,n,2,287.18,1.08,N,2
22.36699,87.01684,312.62,0.37,0.58,2026-06-12,1916,N20,VIIRS,n,2,286.62,1.38,N,2
22.37779,87.28162,313.31,0.35,0.57,2026-06-12,1916,N20,VIIRS,n,2,289.08,2.79,N,2
22.37789,87.28034,323.34,0.35,0.57,2026-06-12,1916,N20,VIIRS,n,2,289.75,1.95,N,2
22.37812,87.27817,322.21,0.35,0.57,2026-06-12,1916,N20,VIIRS,n,2,289.59,3.77,N,2
22.37825,87.27689,311.8,0.35,0.57,2026-06-12,1916,N20,VIIRS,n,2,289.03,1.95,N,2
23.48491,87.36695,303.14,0.36,0.57,2026-06-12,1916,N20,VIIRS,n,2,284.68,0.84,N,2
23.48525,87.36342,306.78,0.36,0.57,2026-06-12,1916,N20,VIIRS,n,2,285.07,1.41,N,2
23.56075,87.08368,302.75,0.37,0.58,2026-06-12,1916,N20,VIIRS,n,2,275.19,1.25,N,2
23.56345,87.08406,303.81,0.38,0.58,2026-06-12,1916,N20,VIIRS,n,2,275.93,0.91,N,2
23.61745,86.78909,305.99,0.39,0.59,2026-06-12,1916,N20,VIIRS,n,2,283.98,1.43,N,2
23.66303,87.15426,305.09,0.37,0.58,2026-06-12,1916,N20,VIIRS,n,2,276.99,0.89,N,2
23.66545,87.15565,308.11,0.37,0.58,2026-06-12,1916,N20,VIIRS,n,2,277.18,1.12,N,2
23.68056,86.39677,301.93,0.42,0.61,2026-06-12,1916,N20,VIIRS,n,2,276.78,3.31,N,2
23.68656,86.39328,302.57,0.42,0.61,2026-06-12,1916,N20,VIIRS,n,2,274.46,2.15,N,2
23.68788,87.11993,306.42,0.37,0.58,2026-06-12,1916,N20,VIIRS,n,2,280.17,1.35,N,2
23.68988,87.09791,304.93,0.38,0.58,2026-06-12,1916,N20,VIIRS,n,2,281.63,1.19,N,2
23.69291,87.12433,303.22,0.37,0.58,2026-06-12,1916,N20,VIIRS,n,2,280.62,1.01,N,2
23.69325,87.12061,309.61,0.37,0.58,2026-06-12,1916,N20,VIIRS,n,2,280.21,1.01,N,2
23.69426,87.10957,302.53,0.37,0.58,2026-06-12,1916,N20,VIIRS,n,2,280.42,0.74,N,2
23.6946,87.1059,305.43,0.38,0.58,2026-06-12,1916,N20,VIIRS,n,2,281.08,0.74,N,2
23.69561,87.09483,305.01,0.38,0.58,2026-06-12,1916,N20,VIIRS,n,2,282.26,1.03,N,2
23.76844,86.40505,303.6,0.42,0.61,2026-06-12,1916,N20,VIIRS,n,2,265.75,1.67,N,2
23.76881,86.40086,298.44,0.42,0.61,2026-06-12,1916,N20,VIIRS,n,2,268.95,2.03,N,2
23.77588,86.38514,301.64,0.42,0.61,2026-06-12,1916,N20,VIIRS,n,2,277.32,1.88,N,2
23.77771,86.36421,311.08,0.42,0.61,2026-06-12,1916,N20,VIIRS,n,2,278.72,2.7,N,2
23.77979,86.20786,300.61,0.43,0.62,2026-06-12,1916,N20,VIIRS,n,2,275.78,1.75,N,2
23.78078,86.39404,300.95,0.42,0.61,2026-06-12,1916,N20,VIIRS,n,2,276.58,1.77,N,2
23.78114,86.38998,318.96,0.42,0.61,2026-06-12,1916,N20,VIIRS,n,2,280.33,1.77,N,2
23.80176,86.35023,310.61,0.42,0.61,2026-06-12,1916,N20,VIIRS,n,2,282.68,3.33,N,2
23.8036,86.32951,312.08,0.42,0.61,2026-06-12,1916,N20,VIIRS,n,2,283.61,2.31,N,2
23.83912,84.94761,297.78,0.52,0.67,2026-06-12,1916,N20,VIIRS,n,2,271.18,0.8,N,2
24.11793,86.86034,300.89,0.39,0.6,2026-06-12,1916,N20,VIIRS,n,2,278.98,0.75,N,2
24.20452,82.71042,305.49,0.72,0.76,2026-06-12,1916,N20,VIIRS,n,2,287.85,2.14,N,2
24.20617,82.71237,305.71,0.72,0.76,2026-06-12,1916,N20,VIIRS,n,2,287.42,2.49,N,2
23.62725,85.67474,306.16,0.66,0.73,2026-06-12,2056,N20,VIIRS,n,2,279.63,1.31,N,0
23.683,86.39475,300.78,0.73,0.76,2026-06-12,2056,N20,VIIRS,n,2,272.93,1.51,N,2
23.68399,86.39326,301.46,0.72,0.76,2026-06-12,2056,N20,VIIRS,n,2,272.85,2.76,N,2
23.73937,86.43177,300.03,0.73,0.76,2026-06-12,2056,N20,VIIRS,n,2,271.07,1.44,N,2
23.76182,86.40143,307.61,0.72,0.76,2026-06-12,2056,N20,VIIRS,n,2,272.85,3.72,N,2
23.78254,86.2108,307.16,0.7,0.75,2026-06-12,2056,N20,VIIRS,n,2,275.48,2.35,N,2
25.04017,87.38475,302.83,0.77,0.77,2026-06-12,2056,N20,VIIRS,n,2,285.28,0.9,N,0
20.98232,85.12945,310.35,0.7,0.75,2026-06-12,2057,N20,VIIRS,n,2,279.73,4.81,N,2
20.98388,85.13165,309.09,0.7,0.75,2026-06-12,2057,N20,VIIRS,n,2,280.32,6.39,N,2
21.76166,83.84745,305.68,0.56,0.69,2026-06-12,2057,N20,VIIRS,n,2,284.23,3.42,N,2
21.77898,83.82967,328.65,0.56,0.68,2026-06-12,2057,N20,VIIRS,n,2,288.11,4.7,N,2
21.7851,83.83138,319.99,0.56,0.68,2026-06-12,2057,N20,VIIRS,n,2,288.29,4.7,N,0
21.79841,83.88544,312.63,0.56,0.69,2026-06-12,2057,N20,VIIRS,n,2,288.3,3.12,N,0
21.79844,83.87603,303.94,0.56,0.69,2026-06-12,2057,N20,VIIRS,n,2,287.97,2.23,N,0
21.79966,83.88018,311.4,0.56,0.69,2026-06-12,2057,N20,VIIRS,n,2,288.04,3.25,N,0
21.80203,83.88819,304.65,0.56,0.69,2026-06-12,2057,N20,VIIRS,n,2,288.66,2.22,N,0
21.80331,83.88294,308.95,0.56,0.69,2026-06-12,2057,N20,VIIRS,n,2,288.48,2.22,N,2
20.75882,85.29876,332.94,0.33,0.55,2026-06-13,809,N20,VIIRS,n,2,293.9,5.54,D,2
20.87466,83.86882,330.93,0.53,0.5,2026-06-13,809,N20,VIIRS,n,2,296.76,2.03,D,0
20.92498,82.78239,337.25,0.46,0.47,2026-06-13,809,N20,VIIRS,n,2,303.12,2.88,D,0
20.94935,86.04826,331.84,0.37,0.58,2026-06-13,809,N20,VIIRS,n,2,292.83,3.36,D,2
20.96208,83.94963,337.71,0.54,0.51,2026-06-13,809,N20,VIIRS,n,2,295.91,4.53,D,0
20.96764,86.01371,334.86,0.37,0.58,2026-06-13,809,N20,VIIRS,n,2,293.15,5.52,D,2
20.9682,83.83367,341.35,0.53,0.5,2026-06-13,809,N20,VIIRS,n,2,295.33,3.88,D,0
20.99475,86.01434,351.09,0.37,0.58,2026-06-13,809,N20,VIIRS,n,2,292.13,4.55,D,2
21.01053,83.8004,335.6,0.53,0.5,2026-06-13,809,N20,VIIRS,n,2,297.74,5.59,D,0
21.01107,83.79735,335.57,0.53,0.5,2026-06-13,809,N20,VIIRS,n,2,296.95,2.84,D,0
21.01626,83.81008,332.52,0.53,0.5,2026-06-13,809,N20,VIIRS,n,2,297.09,10.22,D,0
21.01688,83.80703,343.02,0.53,0.5,2026-06-13,809,N20,VIIRS,n,2,297.75,8.23,D,0
21.02034,83.80438,330.22,0.53,0.5,2026-06-13,809,N20,VIIRS,n,2,297.24,4.68,D,0
21.05515,83.77929,334.18,0.53,0.5,2026-06-13,809,N20,VIIRS,n,2,296.16,2.86,D,0
21.10258,83.78396,335.57,0.53,0.5,2026-06-13,809,N20,VIIRS,n,2,296.04,3,D,0
21.14548,83.84357,342.09,0.54,0.51,2026-06-13,809,N20,VIIRS,n,2,295.73,4.79,D,0
21.15716,82.26586,334.64,0.43,0.46,2026-06-13,809,N20,VIIRS,n,2,299.64,4.87,D,0
21.15798,82.27905,340.12,0.43,0.46,2026-06-13,809,N20,VIIRS,n,2,297.23,8.58,D,0
21.15858,82.27821,337.39,0.43,0.46,2026-06-13,809,N20,VIIRS,n,2,298.3,3.63,D,0
21.15905,82.2823,332.99,0.43,0.46,2026-06-13,809,N20,VIIRS,n,2,296.38,2.39,D,0
21.16067,82.26619,332.23,0.43,0.46,2026-06-13,809,N20,VIIRS,n,2,299.2,8.15,D,0
21.20581,83.62724,341.36,0.52,0.5,2026-06-13,809,N20,VIIRS,n,2,297,7.19,D,0
21.20597,83.62949,338.98,0.52,0.5,2026-06-13,809,N20,VIIRS,n,2,296.42,2.86,D,0
21.22239,83.82698,332.02,0.54,0.51,2026-06-13,809,N20,VIIRS,n,2,295.4,2.54,D,0
21.22399,83.82886,330.74,0.54,0.5,2026-06-13,809,N20,VIIRS,n,2,294.74,3.32,D,0
21.22869,83.87048,332.25,0.54,0.51,2026-06-13,809,N20,VIIRS,n,2,295.14,6.75,D,0
21.22928,83.87566,351.8,0.54,0.51,2026-06-13,809,N20,VIIRS,n,2,296.03,15.61,D,0
21.232,83.87329,344.76,0.54,0.51,2026-06-13,809,N20,VIIRS,n,2,295.8,14.21,D,0
21.23941,83.67944,334.42,0.52,0.5,2026-06-13,809,N20,VIIRS,n,2,295.95,2.27,D,0
21.24105,83.56698,339.9,0.52,0.5,2026-06-13,809,N20,VIIRS,n,2,298,4.24,D,0
21.24244,83.88253,340.35,0.54,0.51,2026-06-13,809,N20,VIIRS,n,2,296.66,5.49,D,0
21.24446,83.88435,340.33,0.54,0.51,2026-06-13,809,N20,VIIRS,n,2,295.8,8.35,D,0
21.26457,82.63416,341.1,0.45,0.47,2026-06-13,809,N20,VIIRS,n,2,300.03,4.66,D,0
21.29026,83.47031,331.88,0.51,0.49,2026-06-13,809,N20,VIIRS,n,2,299.83,1.87,D,0
21.32643,83.58267,337.46,0.52,0.5,2026-06-13,809,N20,VIIRS,n,2,297.02,4.45,D,0
21.32698,83.5877,343.43,0.52,0.5,2026-06-13,809,N20,VIIRS,n,2,297.83,7.16,D,0
21.32727,83.42141,330.81,0.51,0.49,2026-06-13,809,N20,VIIRS,n,2,299.9,3.45,D,0
21.32829,82.91459,335.14,0.47,0.48,2026-06-13,809,N20,VIIRS,n,2,298.2,1.67,D,0
21.67663,84.04079,331.46,0.56,0.52,2026-06-13,809,N20,VIIRS,n,2,296.28,3.94,D,2
21.7368,83.84335,331.62,0.54,0.51,2026-06-13,809,N20,VIIRS,n,2,293.99,3.74,D,2
21.74149,83.84284,342.28,0.54,0.51,2026-06-13,809,N20,VIIRS,n,2,298.56,4.49,D,2
21.74618,83.84233,344.09,0.54,0.51,2026-06-13,809,N20,VIIRS,n,2,298.32,4.49,D,2
21.74669,83.97753,339.06,0.56,0.51,2026-06-13,809,N20,VIIRS,n,2,297.92,9.19,D,0
21.75088,83.84182,331.43,0.54,0.51,2026-06-13,809,N20,VIIRS,n,2,297.27,3.96,D,2
21.7534,83.84417,344.65,0.55,0.51,2026-06-13,809,N20,VIIRS,n,2,297.2,9.3,D,2
21.75557,83.8413,335.76,0.54,0.51,2026-06-13,809,N20,VIIRS,n,2,296.44,3.96,D,2
21.75616,83.84663,330.88,0.55,0.51,2026-06-13,809,N20,VIIRS,n,2,295.89,4.57,D,2
21.78041,83.83009,343.28,0.54,0.51,2026-06-13,809,N20,VIIRS,n,2,299.87,8.64,D,2
21.78098,83.83546,334.1,0.55,0.51,2026-06-13,809,N20,VIIRS,n,2,299.63,6.08,D,2
21.80013,83.88159,333.56,0.55,0.51,2026-06-13,809,N20,VIIRS,n,2,299.31,7.32,D,0
21.80069,83.88692,335.11,0.55,0.51,2026-06-13,809,N20,VIIRS,n,2,299.05,7.75,D,0
21.9195,83.35387,332.98,0.51,0.49,2026-06-13,809,N20,VIIRS,n,2,300.68,2.71,D,2
21.91999,83.35069,338.87,0.51,0.49,2026-06-13,809,N20,VIIRS,n,2,301.44,5.71,D,2
21.92349,83.34024,330.31,0.51,0.49,2026-06-13,809,N20,VIIRS,n,2,300.01,2.7,D,2
21.93488,82.34821,332.88,0.44,0.46,2026-06-13,809,N20,VIIRS,n,2,300.09,1.77,D,0
21.93637,83.12173,335.46,0.49,0.49,2026-06-13,809,N20,VIIRS,n,2,297.75,3.73,D,0
21.94082,82.43915,332.91,0.45,0.47,2026-06-13,809,N20,VIIRS,n,2,300.64,1.16,D,0
21.95741,83.27129,330.82,0.5,0.49,2026-06-13,809,N20,VIIRS,n,2,299.11,2.01,D,0
22.01818,82.58052,335.8,0.46,0.47,2026-06-13,809,N20,VIIRS,n,2,300.31,2.49,D,0
22.03657,83.35369,333.06,0.51,0.49,2026-06-13,809,N20,VIIRS,n,2,300.81,7.89,D,2
22.04006,83.7283,344.33,0.54,0.51,2026-06-13,809,N20,VIIRS,n,2,300.85,9.55,D,2
22.0967,83.27133,334.48,0.51,0.49,2026-06-13,809,N20,VIIRS,n,2,297.71,2.35,D,0
22.10518,83.12415,330.2,0.5,0.49,2026-06-13,809,N20,VIIRS,l,2,300.66,3.06,D,2
22.13205,82.04643,342.63,0.43,0.46,2026-06-13,809,N20,VIIRS,n,2,301.17,5.37,D,0
22.15586,82.4446,343.96,0.45,0.47,2026-06-13,809,N20,VIIRS,n,2,305.03,3.48,D,0
22.1798,82.16287,335.08,0.43,0.46,2026-06-13,809,N20,VIIRS,n,2,303.27,1.88,D,0
22.33035,82.5747,332.8,0.46,0.47,2026-06-13,809,N20,VIIRS,l,2,303.05,2.6,D,2
22.35892,82.30442,348.55,0.44,0.46,2026-06-13,809,N20,VIIRS,n,2,307.68,10.53,D,2
22.3627,82.29952,334.67,0.44,0.46,2026-06-13,809,N20,VIIRS,n,2,304.09,3.2,D,2
23.1661,82.34277,338.47,0.46,0.47,2026-06-13,810,N20,VIIRS,n,2,300.13,7.86,D,2
23.62645,85.67442,302.18,0.33,0.55,2026-06-13,2037,N20,VIIRS,n,2,280.18,0.48,N,0
23.64091,85.39724,303.54,0.32,0.55,2026-06-13,2037,N20,VIIRS,n,2,288.44,0.35,N,2
23.64762,85.43787,315.07,0.32,0.55,2026-06-13,2037,N20,VIIRS,n,2,288.79,1.53,N,2
23.6582,85.50903,307.71,0.32,0.55,2026-06-13,2037,N20,VIIRS,n,2,289.05,0.57,N,2
23.65887,85.50591,305.4,0.32,0.55,2026-06-13,2037,N20,VIIRS,n,2,288.79,0.57,N,2
23.6769,86.10559,304.86,0.35,0.57,2026-06-13,2037,N20,VIIRS,n,2,283.35,1.44,N,2
23.68145,86.0854,301.01,0.35,0.57,2026-06-13,2037,N20,VIIRS,n,2,283.26,1.39,N,2
23.69479,85.36836,311.52,0.63,0.54,2026-06-13,2037,N20,VIIRS,n,2,289.22,1.86,N,0
23.70049,86.07275,308.74,0.35,0.57,2026-06-13,2037,N20,VIIRS,n,2,284.2,1.24,N,2
23.74008,85.00951,305.34,0.6,0.53,2026-06-13,2037,N20,VIIRS,n,2,289.24,2.31,N,2
23.77197,86.19408,301.02,0.36,0.57,2026-06-13,2037,N20,VIIRS,n,2,282.74,0.84,N,0
23.77921,86.21022,323.96,0.36,0.57,2026-06-13,2037,N20,VIIRS,n,2,284.04,2.17,N,2
23.77997,86.20681,312.56,0.36,0.57,2026-06-13,2037,N20,VIIRS,n,2,283.7,2.17,N,2
23.79003,85.55158,307.62,0.32,0.55,2026-06-13,2037,N20,VIIRS,n,2,284.95,0.89,N,2
24.13553,82.70798,308.35,0.43,0.46,2026-06-13,2037,N20,VIIRS,n,2,292.92,2.34,N,0
24.14051,82.74872,310.99,0.43,0.46,2026-06-13,2037,N20,VIIRS,n,2,293.45,1.32,N,0
24.14207,82.74826,309.33,0.43,0.46,2026-06-13,2037,N20,VIIRS,n,2,293.21,0.9,N,0
24.14565,82.7093,306.02,0.43,0.46,2026-06-13,2037,N20,VIIRS,n,2,293.42,1.76,N,0
24.15957,82.56345,307.65,0.42,0.45,2026-06-13,2037,N20,VIIRS,n,2,292.94,2.66,N,2
24.16065,82.60172,312,0.42,0.45,2026-06-13,2037,N20,VIIRS,n,2,292.68,2.58,N,2
24.16229,82.62721,306.65,0.42,0.45,2026-06-13,2037,N20,VIIRS,n,2,294.14,1.33,N,2
24.16318,82.60159,311.06,0.42,0.45,2026-06-13,2037,N20,VIIRS,n,2,293.12,1.66,N,0
24.16401,82.62843,309.42,0.42,0.45,2026-06-13,2037,N20,VIIRS,n,2,294.05,2.45,N,2
24.16802,82.62011,315.12,0.42,0.45,2026-06-13,2037,N20,VIIRS,n,2,293.46,1.91,N,0
24.17944,82.64874,307.69,0.42,0.45,2026-06-13,2037,N20,VIIRS,n,2,292.94,1.48,N,0
24.20159,82.71033,307.54,0.43,0.46,2026-06-13,2037,N20,VIIRS,n,2,293.5,2.95,N,2
24.20335,82.72314,307.1,0.43,0.46,2026-06-13,2037,N20,VIIRS,n,2,293.79,1.7,N,0
24.20655,82.70705,310.1,0.43,0.46,2026-06-13,2037,N20,VIIRS,n,2,293.88,1.67,N,2
24.92765,84.14838,307.39,0.5,0.49,2026-06-13,2037,N20,VIIRS,n,2,292.36,1.25,N,2
25.03199,87.37585,301.33,0.4,0.6,2026-06-13,2037,N20,VIIRS,n,2,283.28,1.15,N,2
25.03552,87.38512,311.47,0.4,0.6,2026-06-13,2037,N20,VIIRS,n,2,282.81,1.65,N,0
26.76184,83.19947,309.35,0.41,0.45,2026-06-13,2037,N20,VIIRS,n,2,293.9,1.13,N,2
20.86572,84.9916,303.94,0.34,0.56,2026-06-13,2038,N20,VIIRS,n,2,277.29,0.57,N,2
20.86644,84.98827,304.59,0.34,0.56,2026-06-13,2038,N20,VIIRS,n,2,276.03,0.57,N,2
20.8887,84.98383,319.85,0.34,0.56,2026-06-13,2038,N20,VIIRS,n,2,276.72,2.31,N,2
20.96241,85.17422,299.31,0.35,0.57,2026-06-13,2038,N20,VIIRS,n,2,269.75,1.04,N,2
20.96311,85.17096,304.26,0.35,0.57,2026-06-13,2038,N20,VIIRS,n,2,267.4,1.04,N,2
20.96382,85.16766,296.84,0.35,0.57,2026-06-13,2038,N20,VIIRS,n,2,258.15,0.86,N,2
20.96467,85.18877,306.72,0.35,0.57,2026-06-13,2038,N20,VIIRS,n,2,260.11,1.73,N,2
20.96539,85.18542,306.64,0.35,0.57,2026-06-13,2038,N20,VIIRS,n,2,261.74,1.73,N,2
20.9661,85.1821,295.77,0.35,0.57,2026-06-13,2038,N20,VIIRS,n,2,263.17,1.6,N,2
20.96732,85.15134,297.6,0.35,0.57,2026-06-13,2038,N20,VIIRS,n,2,259.85,0.58,N,2
20.96751,85.17553,302.2,0.35,0.57,2026-06-13,2038,N20,VIIRS,n,2,267.63,1.04,N,2
20.96788,85.12376,299.39,0.35,0.57,2026-06-13,2038,N20,VIIRS,n,2,272.01,0.67,N,2
20.96821,85.17226,318.69,0.35,0.57,2026-06-13,2038,N20,VIIRS,n,2,266.47,1.04,N,2
20.96891,85.16901,299.36,0.35,0.57,2026-06-13,2038,N20,VIIRS,n,2,262.29,0.86,N,2
20.9704,86.01186,296.07,0.4,0.6,2026-06-13,2038,N20,VIIRS,n,2,258.5,1.38,N,2
20.97242,85.15265,307.73,0.35,0.57,2026-06-13,2038,N20,VIIRS,n,2,265.98,0.58,N,2
20.97261,85.17683,308.79,0.35,0.57,2026-06-13,2038,N20,VIIRS,n,2,265.79,1.18,N,2
20.97331,85.17357,307.82,0.35,0.57,2026-06-13,2038,N20,VIIRS,n,2,265.14,1.18,N,2
20.97664,85.13293,311.48,0.35,0.57,2026-06-13,2038,N20,VIIRS,n,2,277.05,2.59,N,2
20.97734,85.12965,300.55,0.35,0.57,2026-06-13,2038,N20,VIIRS,n,2,273.83,1.75,N,2
20.9791,85.17163,298.78,0.35,0.57,2026-06-13,2038,N20,VIIRS,n,2,269.05,1.73,N,2
20.98172,85.13424,317.78,0.35,0.57,2026-06-13,2038,N20,VIIRS,n,2,274.68,2.85,N,2
20.98243,85.13094,308.75,0.35,0.57,2026-06-13,2038,N20,VIIRS,n,2,272.28,1.8,N,2
21.07366,85.04179,301.2,0.34,0.56,2026-06-13,2038,N20,VIIRS,n,2,280.58,1.29,N,2
21.0794,85.03989,299.26,0.34,0.56,2026-06-13,2038,N20,VIIRS,n,2,278.27,0.83,N,2
21.08009,85.03667,299.15,0.34,0.56,2026-06-13,2038,N20,VIIRS,n,2,276.86,0.83,N,2
21.67965,84.03699,311.64,0.57,0.52,2026-06-13,2038,N20,VIIRS,n,2,286.73,4.08,N,2
21.68022,84.03957,315.45,0.57,0.52,2026-06-13,2038,N20,VIIRS,n,2,286.4,2.86,N,2
21.73373,83.81983,308.3,0.56,0.51,2026-06-13,2038,N20,VIIRS,n,2,290.37,3.99,N,0
21.73584,83.82288,308.73,0.55,0.51,2026-06-13,2038,N20,VIIRS,n,2,290.67,3.21,N,0
21.7407,83.84608,316.07,0.56,0.51,2026-06-13,2038,N20,VIIRS,n,2,290.83,8.07,N,2
21.74181,83.84078,330.88,0.56,0.51,2026-06-13,2038,N20,VIIRS,n,2,291.39,5.78,N,2
21.74643,83.84195,333.09,0.56,0.51,2026-06-13,2038,N20,VIIRS,n,2,291.42,5.78,N,2
21.74769,83.97611,320.69,0.57,0.52,2026-06-13,2038,N20,VIIRS,n,2,289.77,5.69,N,0
21.75105,83.84311,335.14,0.56,0.51,2026-06-13,2038,N20,VIIRS,n,2,291.2,7.99,N,2
21.75237,83.97719,306.91,0.57,0.52,2026-06-13,2038,N20,VIIRS,n,2,289.72,2.64,N,0
21.75567,83.84425,338.75,0.56,0.51,2026-06-13,2038,N20,VIIRS,n,2,291.49,7.99,N,2
21.75745,84.0237,311.78,0.57,0.52,2026-06-13,2038,N20,VIIRS,n,2,289.02,3.82,N,2
21.7603,83.84536,307.83,0.56,0.51,2026-06-13,2038,N20,VIIRS,n,2,290.56,4.02,N,2
21.76382,83.85179,309.8,0.56,0.51,2026-06-13,2038,N20,VIIRS,n,2,290.49,3.47,N,0
21.76793,84.02053,311.84,0.57,0.52,2026-06-13,2038,N20,VIIRS,n,2,289.09,4.76,N,2
21.7786,83.82747,313.64,0.55,0.51,2026-06-13,2038,N20,VIIRS,n,2,290.67,3.93,N,2
21.78212,83.83392,335.24,0.55,0.51,2026-06-13,2038,N20,VIIRS,n,2,291.79,7.33,N,2
21.78322,83.82858,309.83,0.55,0.51,2026-06-13,2038,N20,VIIRS,n,2,290.18,4.14,N,2
21.80013,83.88802,320.06,0.56,0.51,2026-06-13,2038,N20,VIIRS,n,2,291.02,3.95,N,0
21.80122,83.88273,319.94,0.56,0.51,2026-06-13,2038,N20,VIIRS,n,2,290.88,3.95,N,0
21.92336,83.35236,307.69,0.51,0.5,2026-06-13,2038,N20,VIIRS,n,2,284.92,1.44,N,2
21.92575,85.22327,312.11,0.34,0.56,2026-06-13,2038,N20,VIIRS,n,2,285.35,1.6,N,2
21.9315,85.22119,301.56,0.34,0.56,2026-06-13,2038,N20,VIIRS,n,2,283.99,1.23,N,2
21.96568,83.77196,305.5,0.55,0.51,2026-06-13,2038,N20,VIIRS,n,2,290.31,1.9,N,0
22.03769,83.3503,308.2,0.51,0.49,2026-06-13,2038,N20,VIIRS,n,2,288.56,3.72,N,2
22.03897,83.35341,305.89,0.51,0.49,2026-06-13,2038,N20,VIIRS,n,2,288.08,3.5,N,2
22.04056,83.73569,309.64,0.54,0.51,2026-06-13,2038,N20,VIIRS,n,2,290.56,4.91,N,2
22.04161,83.73058,323.91,0.54,0.51,2026-06-13,2038,N20,VIIRS,n,2,290.7,4.19,N,2
22.04266,83.72543,313.53,0.54,0.51,2026-06-13,2038,N20,VIIRS,n,2,289.1,4.19,N,2
22.05389,83.71741,310.1,0.54,0.51,2026-06-13,2038,N20,VIIRS,n,2,289.06,4.73,N,0
22.10493,83.12435,307.52,0.49,0.49,2026-06-13,2038,N20,VIIRS,n,2,289.54,6.76,N,2
22.2053,84.84618,295.93,0.63,0.54,2026-06-13,2038,N20,VIIRS,n,2,272.87,1.15,N,2
22.35781,82.30603,302.37,0.44,0.46,2026-06-13,2038,N20,VIIRS,n,2,286,4.09,N,2
22.35862,82.30189,331.1,0.44,0.46,2026-06-13,2038,N20,VIIRS,n,2,287.66,5.81,N,2
22.35885,82.30376,331.05,0.44,0.46,2026-06-13,2038,N20,VIIRS,n,2,287.65,6.69,N,2
22.35968,82.29964,301.2,0.43,0.46,2026-06-13,2038,N20,VIIRS,n,2,286.27,4.13,N,2
22.36279,82.3028,302.49,0.44,0.46,2026-06-13,2038,N20,VIIRS,n,2,282.56,2.54,N,2
23.16281,82.33622,321.46,0.42,0.45,2026-06-13,2038,N20,VIIRS,n,2,293.43,3.4,N,2
23.16611,82.34123,338.31,0.42,0.45,2026-06-13,2038,N20,VIIRS,n,2,295.51,7.71,N,2
23.16692,82.33714,317.36,0.42,0.45,2026-06-13,2038,N20,VIIRS,n,2,293.98,3.4,N,2
20.37871,83.87106,332.28,0.43,0.38,2026-06-14,750,N20,VIIRS,n,2,298.06,2.45,D,0
20.38017,83.87171,330.27,0.43,0.38,2026-06-14,750,N20,VIIRS,n,2,297.47,2.92,D,0
20.60661,83.89355,330.86,0.44,0.38,2026-06-14,750,N20,VIIRS,n,2,299.78,1.91,D,0
20.62468,82.58187,339.77,0.4,0.37,2026-06-14,750,N20,VIIRS,n,2,303.55,4.77,D,0
20.69555,82.16545,336.34,0.39,0.36,2026-06-14,750,N20,VIIRS,n,2,301.57,5.07,D,0
20.77706,84.03613,342.73,0.44,0.39,2026-06-14,750,N20,VIIRS,n,2,302.12,7.26,D,0
20.82635,83.86588,347.19,0.44,0.38,2026-06-14,750,N20,VIIRS,n,2,301.65,11.1,D,0
20.83508,82.47358,336.77,0.4,0.37,2026-06-14,750,N20,VIIRS,n,2,302.03,3.52,D,0
20.86229,84.98888,331.46,0.49,0.4,2026-06-14,750,N20,VIIRS,n,2,294.52,2.75,D,0
20.86333,83.9802,337.26,0.44,0.38,2026-06-14,750,N20,VIIRS,n,2,299.17,5.51,D,0
20.95996,83.94878,335.43,0.44,0.38,2026-06-14,750,N20,VIIRS,n,2,299.92,3.52,D,0
20.9651,85.16765,335.68,0.5,0.41,2026-06-14,750,N20,VIIRS,n,2,290.1,5.09,D,2
20.96696,85.15275,337.9,0.5,0.41,2026-06-14,750,N20,VIIRS,n,2,291.14,5.2,D,2
20.96737,83.8447,335.39,0.44,0.38,2026-06-14,750,N20,VIIRS,n,2,301.23,4.49,D,0
20.96947,85.17191,333.96,0.5,0.41,2026-06-14,750,N20,VIIRS,n,2,290.09,5.09,D,2
20.9701,85.17671,345.95,0.5,0.41,2026-06-14,750,N20,VIIRS,n,2,289.85,9.21,D,2
20.97722,85.13321,330.95,0.5,0.41,2026-06-14,750,N20,VIIRS,n,2,289.76,4.99,D,2
20.98491,83.39032,339.27,0.42,0.38,2026-06-14,750,N20,VIIRS,n,2,304.55,10.88,D,0
21.04068,83.564,332.75,0.43,0.38,2026-06-14,750,N20,VIIRS,n,2,297.95,2.54,D,0
21.04415,83.56346,331.37,0.43,0.38,2026-06-14,750,N20,VIIRS,n,2,298.17,2.8,D,0
21.06606,83.80069,332.79,0.44,0.38,2026-06-14,750,N20,VIIRS,n,2,297.7,2.13,D,0
21.06663,83.80488,333.16,0.44,0.38,2026-06-14,750,N20,VIIRS,n,2,296.88,2.13,D,0
21.0682,83.6604,332.42,0.43,0.38,2026-06-14,750,N20,VIIRS,n,2,300.07,1.37,D,0
21.07042,83.70226,334.05,0.43,0.38,2026-06-14,750,N20,VIIRS,n,2,300.16,2.54,D,0
21.08358,83.79799,330.73,0.44,0.38,2026-06-14,750,N20,VIIRS,n,2,296.67,1.08,D,0
21.09604,83.68138,340.14,0.43,0.38,2026-06-14,750,N20,VIIRS,n,2,301.75,6.62,D,0
21.10252,83.60038,332.44,0.43,0.38,2026-06-14,750,N20,VIIRS,n,2,301.58,1.71,D,0
21.10416,83.60061,338.22,0.43,0.38,2026-06-14,750,N20,VIIRS,n,2,301.56,4.52,D,0
21.1046,83.79474,331.07,0.44,0.38,2026-06-14,750,N20,VIIRS,n,2,297.83,2.82,D,0
21.12382,83.85599,340.92,0.44,0.38,2026-06-14,750,N20,VIIRS,n,2,298.56,2.93,D,0
21.12733,83.85544,336.56,0.44,0.38,2026-06-14,750,N20,VIIRS,n,2,301.4,3.84,D,0
21.19011,83.78639,331.3,0.44,0.38,2026-06-14,750,N20,VIIRS,n,2,295.53,2.52,D,0
21.193,82.76057,341.35,0.4,0.37,2026-06-14,750,N20,VIIRS,n,2,299.25,6.64,D,0
21.23202,83.35657,336.03,0.42,0.38,2026-06-14,750,N20,VIIRS,n,2,302.15,5.92,D,0
21.23258,83.36061,336.92,0.42,0.38,2026-06-14,750,N20,VIIRS,n,2,299.7,5.92,D,0
21.23259,83.93906,330.7,0.44,0.39,2026-06-14,750,N20,VIIRS,n,2,299.1,2.81,D,0
21.233,83.56884,336.88,0.43,0.38,2026-06-14,750,N20,VIIRS,n,2,298.53,2.76,D,0
21.233,83.69981,340.8,0.43,0.38,2026-06-14,750,N20,VIIRS,n,2,296.4,3.78,D,0
21.23445,83.87402,341.19,0.44,0.38,2026-06-14,750,N20,VIIRS,n,2,300.77,8.24,D,0
21.23503,83.87823,336.17,0.44,0.38,2026-06-14,750,N20,VIIRS,n,2,298.69,4.74,D,0
21.23546,83.35603,354.55,0.42,0.38,2026-06-14,750,N20,VIIRS,n,2,303.55,5.92,D,0
21.24512,83.57957,337.21,0.43,0.38,2026-06-14,750,N20,VIIRS,n,2,300.33,3.78,D,0
21.25262,83.92741,331.86,0.44,0.39,2026-06-14,750,N20,VIIRS,n,2,297.44,2.05,D,0
21.25293,83.9285,331.97,0.44,0.39,2026-06-14,750,N20,VIIRS,n,2,297.62,2.18,D,0
21.26857,83.467,341.52,0.43,0.38,2026-06-14,750,N20,VIIRS,n,2,303.41,4.48,D,0
21.27204,83.46645,337.44,0.43,0.38,2026-06-14,750,N20,VIIRS,n,2,304.38,4.48,D,0
21.27725,83.15614,338.27,0.42,0.37,2026-06-14,750,N20,VIIRS,n,2,301.51,1.73,D,0
21.31461,83.9581,336.13,0.44,0.39,2026-06-14,750,N20,VIIRS,n,2,298.63,1.92,D,0
21.32368,83.44136,337.95,0.42,0.38,2026-06-14,750,N20,VIIRS,n,2,301.42,2.4,D,0
21.34287,83.97996,342.15,0.45,0.39,2026-06-14,750,N20,VIIRS,n,2,298.55,3.77,D,0
21.34407,83.96235,340.24,0.44,0.39,2026-06-14,750,N20,VIIRS,n,2,296.95,3.38,D,0
21.36189,83.59069,332.88,0.43,0.38,2026-06-14,750,N20,VIIRS,n,2,299.76,2.15,D,0
21.37999,83.74939,335.16,0.44,0.38,2026-06-14,750,N20,VIIRS,n,2,297.53,2.68,D,0
21.39314,83.6366,332.48,0.43,0.38,2026-06-14,750,N20,VIIRS,n,2,298.14,2.13,D,0
21.40292,83.10435,338.36,0.41,0.37,2026-06-14,750,N20,VIIRS,n,2,302.03,7.63,D,0
21.41408,83.63335,337.04,0.43,0.38,2026-06-14,750,N20,VIIRS,n,2,299.36,3.32,D,0
21.41757,83.63281,341.2,0.43,0.38,2026-06-14,750,N20,VIIRS,n,2,300.07,3.32,D,0
21.50647,83.51839,335.27,0.43,0.38,2026-06-14,750,N20,VIIRS,n,2,297.29,4.77,D,0
21.50862,84.035,332.56,0.45,0.39,2026-06-14,750,N20,VIIRS,n,2,291.35,3.02,D,0
21.54063,84.03012,337.4,0.45,0.39,2026-06-14,750,N20,VIIRS,n,2,295.8,3.06,D,0
21.54121,84.03444,339.51,0.45,0.39,2026-06-14,750,N20,VIIRS,n,2,295.48,4.69,D,0
21.56183,84.10657,333.82,0.45,0.39,2026-06-14,750,N20,VIIRS,n,2,296.88,1.9,D,0
21.62189,83.9657,337.38,0.45,0.39,2026-06-14,750,N20,VIIRS,n,2,299.11,4.31,D,0
21.67807,83.24654,335.95,0.42,0.38,2026-06-14,750,N20,VIIRS,n,2,302.48,3.78,D,0
21.91981,83.35058,347.09,0.43,0.38,2026-06-14,750,N20,VIIRS,n,2,303.89,5.78,D,2
21.84715,82.70716,344.28,0.41,0.37,2026-06-14,751,N20,VIIRS,n,2,304.05,7.07,D,0
21.8477,82.71107,339.29,0.41,0.37,2026-06-14,751,N20,VIIRS,n,2,304.16,7.07,D,0
21.89644,82.63911,345.22,0.41,0.37,2026-06-14,751,N20,VIIRS,n,2,303.97,6.14,D,0
21.91853,82.57574,341.07,0.4,0.37,2026-06-14,751,N20,VIIRS,n,2,303.23,8.16,D,0
21.96415,83.27287,348.55,0.42,0.38,2026-06-14,751,N20,VIIRS,n,2,300.7,6.34,D,0
22.01759,82.09167,334.11,0.39,0.37,2026-06-14,751,N20,VIIRS,n,2,302.83,3.86,D,0
22.0232,82.05962,338.1,0.39,0.36,2026-06-14,751,N20,VIIRS,n,2,306.18,6.02,D,0
22.03901,83.3532,334.07,0.43,0.38,2026-06-14,751,N20,VIIRS,n,2,301.91,2.87,D,2
22.20411,82.16573,339.64,0.4,0.37,2026-06-14,751,N20,VIIRS,n,2,307.05,7.65,D,0
22.35617,82.30234,334.72,0.4,0.37,2026-06-14,751,N20,VIIRS,n,2,299.65,3.74,D,2
22.43627,82.03335,336.6,0.4,0.37,2026-06-14,751,N20,VIIRS,n,2,303.99,3.96,D,0
22.87361,86.0638,330,0.39,0.44,2026-06-14,751,N20,VIIRS,l,2,300.69,2.41,D,2
23.64705,85.43887,333.21,0.56,0.43,2026-06-14,751,N20,VIIRS,n,2,299.39,4.79,D,2
23.67318,86.39793,331.48,0.42,0.45,2026-06-14,751,N20,VIIRS,l,2,303.01,4.17,D,2
23.67734,86.39729,330.7,0.42,0.45,2026-06-14,751,N20,VIIRS,l,2,302.43,4.69,D,2
23.6815,86.3967,333.68,0.42,0.45,2026-06-14,751,N20,VIIRS,n,2,300.83,4.69,D,2
23.6852,86.39204,332.75,0.42,0.45,2026-06-14,751,N20,VIIRS,n,2,301.21,7.88,D,2
23.69087,87.10032,330.01,0.46,0.47,2026-06-14,751,N20,VIIRS,l,2,302.46,5.62,D,2
23.71333,86.45126,335.69,0.42,0.46,2026-06-14,751,N20,VIIRS,n,2,298.29,3.58,D,2
23.73831,86.43632,330.28,0.42,0.45,2026-06-14,751,N20,VIIRS,n,2,299.09,4.57,D,2
23.77977,86.20985,346.75,0.41,0.45,2026-06-14,751,N20,VIIRS,n,2,303.9,9.42,D,2
23.80245,86.331,332.64,0.42,0.45,2026-06-14,751,N20,VIIRS,n,2,298.11,7.19,D,2
24.39559,83.86674,336.51,0.47,0.4,2026-06-14,751,N20,VIIRS,n,2,305.87,7.15,D,0
24.56425,83.99161,336.33,0.48,0.4,2026-06-14,751,N20,VIIRS,n,2,304.39,6.37,D,0
24.63238,82.40995,340.34,0.42,0.37,2026-06-14,751,N20,VIIRS,n,2,310.31,6.47,D,0
24.70014,83.10437,340.86,0.44,0.38,2026-06-14,751,N20,VIIRS,n,2,309.11,9.78,D,0
25.38094,83.68426,335.28,0.47,0.4,2026-06-14,751,N20,VIIRS,l,2,305.31,1.93,D,0
25.72073,84.11634,336.18,0.5,0.41,2026-06-14,752,N20,VIIRS,l,2,306.19,3.6,D,0
25.83517,84.51565,340.79,0.53,0.42,2026-06-14,752,N20,VIIRS,n,2,301.3,8.28,D,0
25.89558,84.41444,332.92,0.52,0.42,2026-06-14,752,N20,VIIRS,n,2,301.29,2.9,D,0
26.0505,85.63134,330.13,0.41,0.45,2026-06-14,752,N20,VIIRS,l,2,300.58,1.25,D,0
26.15565,85.57604,333.05,0.4,0.45,2026-06-14,752,N20,VIIRS,n,2,302.32,2.77,D,0
24.11601,86.85799,298.71,0.39,0.44,2026-06-14,2018,N20,VIIRS,n,2,282.78,0.4,N,2
25.03383,87.37592,311.58,0.41,0.45,2026-06-14,2018,N20,VIIRS,n,2,294.05,1.1,N,2
25.03463,87.37189,312.48,0.41,0.45,2026-06-14,2018,N20,VIIRS,n,2,294.45,1.1,N,2
25.0355,87.38886,326.27,0.41,0.45,2026-06-14,2018,N20,VIIRS,n,2,294.48,2.65,N,0
26.75958,83.20596,307.88,0.39,0.36,2026-06-14,2018,N20,VIIRS,n,2,297.11,1.53,N,2
26.76023,83.20205,311.37,0.39,0.36,2026-06-14,2018,N20,VIIRS,n,2,298.35,2.15,N,2
21.73421,83.82064,306.61,0.45,0.39,2026-06-14,2019,N20,VIIRS,n,2,288.84,2.05,N,0
21.73745,83.84354,317.16,0.45,0.39,2026-06-14,2019,N20,VIIRS,n,2,282.5,2.17,N,2
21.74099,83.84428,332.05,0.45,0.39,2026-06-14,2019,N20,VIIRS,n,2,285.73,3.54,N,2
21.74175,83.83996,304.6,0.45,0.39,2026-06-14,2019,N20,VIIRS,n,2,285.21,1.61,N,2
21.74452,83.84502,331.02,0.45,0.39,2026-06-14,2019,N20,VIIRS,n,2,284.94,3.54,N,2
21.74529,83.8407,303.43,0.45,0.39,2026-06-14,2019,N20,VIIRS,n,2,285.6,1.61,N,2
21.74701,83.97578,309.38,0.46,0.39,2026-06-14,2019,N20,VIIRS,n,2,281.63,1.67,N,0
21.74805,83.84576,315.22,0.45,0.39,2026-06-14,2019,N20,VIIRS,n,2,284.6,2.57,N,2
21.74882,83.84143,329.27,0.45,0.39,2026-06-14,2019,N20,VIIRS,n,2,286.38,2.68,N,2
21.75057,83.97649,303.49,0.46,0.39,2026-06-14,2019,N20,VIIRS,n,2,278.36,1.67,N,0
21.75235,83.84216,308.56,0.45,0.39,2026-06-14,2019,N20,VIIRS,n,2,286.4,2.68,N,2
21.75588,83.8429,338.95,0.45,0.39,2026-06-14,2019,N20,VIIRS,n,2,287.35,3.3,N,2
21.75941,83.84362,309.2,0.45,0.39,2026-06-14,2019,N20,VIIRS,n,2,287.14,3.3,N,2
21.76063,84.02389,306.53,0.46,0.39,2026-06-14,2019,N20,VIIRS,n,2,285.02,1.16,N,2
21.76218,83.84866,309.75,0.45,0.39,2026-06-14,2019,N20,VIIRS,n,2,284.96,1.53,N,2
21.76419,84.02462,306.56,0.46,0.39,2026-06-14,2019,N20,VIIRS,n,2,287.68,1.16,N,2
21.76496,84.02023,307.28,0.46,0.39,2026-06-14,2019,N20,VIIRS,n,2,286.17,1.16,N,2
21.76775,84.02535,308.98,0.46,0.39,2026-06-14,2019,N20,VIIRS,n,2,287.95,1.42,N,2
21.77208,84.02171,306.92,0.46,0.39,2026-06-14,2019,N20,VIIRS,n,2,287.59,1.42,N,2
21.77936,83.83427,330.98,0.45,0.39,2026-06-14,2019,N20,VIIRS,n,2,295.11,4.19,N,2
21.78012,83.82994,330.99,0.45,0.39,2026-06-14,2019,N20,VIIRS,n,2,294.57,6.33,N,2
21.78289,83.83499,311.79,0.45,0.39,2026-06-14,2019,N20,VIIRS,n,2,294.01,4.19,N,2
21.79653,83.88243,302.6,0.45,0.39,2026-06-14,2019,N20,VIIRS,n,2,288.42,2.36,N,0
21.79906,83.88534,320.84,0.45,0.39,2026-06-14,2019,N20,VIIRS,n,2,290.59,2.42,N,0
21.79931,83.88747,328.78,0.45,0.39,2026-06-14,2019,N20,VIIRS,n,2,290.74,2.48,N,0
21.79984,83.88102,321.07,0.45,0.39,2026-06-14,2019,N20,VIIRS,n,2,289.35,2.42,N,0
21.80007,83.88315,323.52,0.45,0.39,2026-06-14,2019,N20,VIIRS,n,2,289.78,2.48,N,0
21.8026,83.88605,316.28,0.45,0.39,2026-06-14,2019,N20,VIIRS,n,2,292.28,2.42,N,2
21.80285,83.88818,306.3,0.45,0.39,2026-06-14,2019,N20,VIIRS,n,2,291.96,2.48,N,2
21.87572,83.49692,302.06,0.44,0.38,2026-06-14,2019,N20,VIIRS,n,2,281.19,0.68,N,2
22.03747,83.73233,300.95,0.44,0.39,2026-06-14,2019,N20,VIIRS,n,2,270.6,0.96,N,2
22.03894,83.35265,309.65,0.43,0.38,2026-06-14,2019,N20,VIIRS,n,2,278.33,1.23,N,2
22.04024,83.7373,309,0.44,0.39,2026-06-14,2019,N20,VIIRS,n,2,280.35,0.96,N,2
22.04098,83.73306,299.85,0.44,0.39,2026-06-14,2019,N20,VIIRS,n,2,273.69,0.96,N,2
22.05284,88.12444,319.24,0.51,0.5,2026-06-14,2019,N20,VIIRS,n,2,290.59,6.47,N,2
22.16971,83.47598,305.76,0.43,0.38,2026-06-14,2019,N20,VIIRS,n,2,284.05,0.8,N,0
22.31386,82.53037,306.32,0.4,0.37,2026-06-14,2019,N20,VIIRS,n,2,289.92,1.56,N,2
22.31602,82.55877,303.1,0.4,0.37,2026-06-14,2019,N20,VIIRS,n,2,288.62,1.36,N,2
22.31657,82.53489,306.67,0.4,0.37,2026-06-14,2019,N20,VIIRS,n,2,289.06,1.48,N,2
22.32189,82.6684,308.1,0.41,0.37,2026-06-14,2019,N20,VIIRS,n,2,291.2,1.54,N,0
22.32209,82.56396,318.24,0.4,0.37,2026-06-14,2019,N20,VIIRS,n,2,292.94,2.36,N,2
22.32424,82.59245,309.65,0.4,0.37,2026-06-14,2019,N20,VIIRS,n,2,292.32,1.69,N,0
22.329,82.60543,311.92,0.4,0.37,2026-06-14,2019,N20,VIIRS,n,2,291.83,1.99,N,2
22.33085,82.57375,323.06,0.4,0.37,2026-06-14,2019,N20,VIIRS,n,2,292.75,3.01,N,2
22.33237,82.60609,316.39,0.4,0.37,2026-06-14,2019,N20,VIIRS,n,2,292.75,2.02,N,2
22.35525,82.30412,311.44,0.4,0.37,2026-06-14,2019,N20,VIIRS,n,2,294.05,3.37,N,2
22.35859,82.30476,334.92,0.4,0.37,2026-06-14,2019,N20,VIIRS,n,2,295.49,3.37,N,2
22.36256,82.30157,309.54,0.4,0.37,2026-06-14,2019,N20,VIIRS,n,2,292.09,1.88,N,2
23.06775,83.04712,306.59,0.41,0.37,2026-06-14,2019,N20,VIIRS,n,2,293.25,0.89,N,0
23.16342,82.33996,311.4,0.39,0.37,2026-06-14,2019,N20,VIIRS,n,2,287.43,1.47,N,2
23.16406,82.33613,319.76,0.39,0.37,2026-06-14,2019,N20,VIIRS,n,2,284.88,1.47,N,2
23.16611,82.34441,325.9,0.39,0.37,2026-06-14,2019,N20,VIIRS,n,2,292.64,2.61,N,2
23.16674,82.34058,326.35,0.39,0.37,2026-06-14,2019,N20,VIIRS,n,2,291.4,3.18,N,2
23.56041,87.24157,307.2,0.42,0.46,2026-06-14,2019,N20,VIIRS,n,2,291.33,1.68,N,2
23.56108,87.08525,315.73,0.42,0.45,2026-06-14,2019,N20,VIIRS,n,2,292.64,3.12,N,2
23.61163,87.14665,308.47,0.42,0.45,2026-06-14,2019,N20,VIIRS,n,2,292.58,1.64,N,2
23.61469,86.78988,312.73,0.4,0.44,2026-06-14,2019,N20,VIIRS,n,2,293.38,3.4,N,2
23.6648,87.15895,310.7,0.42,0.45,2026-06-14,2019,N20,VIIRS,n,2,292.81,1.86,N,2
23.66558,87.15495,318.01,0.42,0.45,2026-06-14,2019,N20,VIIRS,n,2,293.43,1.86,N,2
23.67846,86.39728,311.74,0.57,0.43,2026-06-14,2019,N20,VIIRS,n,2,285.91,4.79,N,2
23.68336,87.12965,307.32,0.42,0.45,2026-06-14,2019,N20,VIIRS,n,2,292.81,2.37,N,2
23.68342,86.39268,319.16,0.57,0.43,2026-06-14,2019,N20,VIIRS,n,2,292.34,4.57,N,2
23.68492,87.12165,306.53,0.42,0.45,2026-06-14,2019,N20,VIIRS,n,2,292.4,1.66,N,2
23.68734,86.39354,315.36,0.57,0.43,2026-06-14,2019,N20,VIIRS,n,2,293.65,4.57,N,2
23.68884,87.10155,307.32,0.41,0.45,2026-06-14,2019,N20,VIIRS,n,2,292.68,1.59,N,2
23.689,87.12258,312.97,0.42,0.45,2026-06-14,2019,N20,VIIRS,n,2,293.01,1.66,N,2
23.68962,87.09756,309.84,0.41,0.45,2026-06-14,2019,N20,VIIRS,n,2,292.81,2.94,N,2
23.69135,87.11053,307.92,0.42,0.45,2026-06-14,2019,N20,VIIRS,n,2,292.33,2.07,N,2
23.69213,87.10651,308.47,0.42,0.45,2026-06-14,2019,N20,VIIRS,n,2,292.37,1.59,N,2
23.69308,87.12351,323.05,0.42,0.45,2026-06-14,2019,N20,VIIRS,n,2,293.69,4.22,N,2
23.69887,86.07563,300.9,0.55,0.42,2026-06-14,2019,N20,VIIRS,n,2,273.24,2.37,N,2
23.70922,86.4499,307.31,0.57,0.43,2026-06-14,2019,N20,VIIRS,n,2,293.74,2.35,N,2
23.71314,86.45077,318.65,0.57,0.43,2026-06-14,2019,N20,VIIRS,n,2,293.77,4.52,N,2
23.73589,86.43494,326.16,0.57,0.43,2026-06-14,2019,N20,VIIRS,n,2,294.13,3.41,N,2
23.73692,86.43321,329.71,0.57,0.43,2026-06-14,2019,N20,VIIRS,n,2,293.81,6.07,N,2
23.73697,86.42944,306.13,0.57,0.43,2026-06-14,2019,N20,VIIRS,n,2,292.09,2.89,N,2
23.73981,86.43579,308.56,0.57,0.43,2026-06-14,2019,N20,VIIRS,n,2,293.87,3.41,N,2
23.7512,86.39845,305.59,0.57,0.43,2026-06-14,2019,N20,VIIRS,n,2,291.97,3.44,N,0
23.75197,86.39664,308.09,0.57,0.43,2026-06-14,2019,N20,VIIRS,n,2,292.08,2.17,N,2
23.75797,86.40559,311.83,0.57,0.43,2026-06-14,2019,N20,VIIRS,n,2,292.96,2.36,N,2
23.75902,86.40018,314.45,0.57,0.43,2026-06-14,2019,N20,VIIRS,n,2,293.17,2.84,N,2
23.76188,86.40643,309.72,0.57,0.43,2026-06-14,2019,N20,VIIRS,n,2,292.84,2.36,N,2
23.76293,86.40104,324.2,0.57,0.43,2026-06-14,2019,N20,VIIRS,n,2,293.61,2.84,N,2
23.76398,86.39562,307.96,0.57,0.43,2026-06-14,2019,N20,VIIRS,n,2,295.04,2.84,N,2
23.76683,86.40192,315.96,0.57,0.43,2026-06-14,2019,N20,VIIRS,n,2,294.91,5.79,N,2
23.77422,86.36386,322.29,0.56,0.43,2026-06-14,2019,N20,VIIRS,n,2,295.05,5.02,N,2
23.77783,86.38725,309.18,0.56,0.43,2026-06-14,2019,N20,VIIRS,n,2,294.21,2.32,N,2
23.77875,86.2112,309.96,0.55,0.43,2026-06-14,2019,N20,VIIRS,n,2,280.23,2.14,N,2
23.78017,86.20808,312.85,0.55,0.43,2026-06-14,2019,N20,VIIRS,n,2,279.95,2.6,N,2
23.78067,86.3936,310.26,0.57,0.43,2026-06-14,2019,N20,VIIRS,n,2,295.13,2.32,N,2
23.78173,86.38811,312.47,0.56,0.43,2026-06-14,2019,N20,VIIRS,n,2,294.37,2.32,N,2
23.78621,86.34396,306.29,0.56,0.43,2026-06-14,2019,N20,VIIRS,n,2,293.33,2.24,N,2
23.79536,86.23379,305.64,0.55,0.43,2026-06-14,2019,N20,VIIRS,n,2,288.23,2.03,N,2
23.79685,86.35197,321.37,0.56,0.43,2026-06-14,2019,N20,VIIRS,n,2,294.49,5.37,N,2
23.80491,86.33114,323.89,0.56,0.43,2026-06-14,2019,N20,VIIRS,n,2,296.96,6.35,N,2
23.82647,84.57102,306.08,0.46,0.39,2026-06-14,2019,N20,VIIRS,n,2,288.04,1.43,N,0
23.82923,84.57619,309.41,0.46,0.39,2026-06-14,2019,N20,VIIRS,n,2,289.95,1.5,N,0
24.13534,82.70709,312.33,0.4,0.37,2026-06-14,2019,N20,VIIRS,n,2,295.88,0.68,N,0
24.13868,82.70772,310.03,0.4,0.37,2026-06-14,2019,N20,VIIRS,n,2,295.72,0.68,N,0
24.1407,82.5927,314.15,0.39,0.37,2026-06-14,2019,N20,VIIRS,n,2,295.91,1.12,N,0
24.14317,82.68084,308.45,0.4,0.37,2026-06-14,2019,N20,VIIRS,n,2,295.69,0.66,N,0
24.14535,82.70903,310.66,0.4,0.37,2026-06-14,2019,N20,VIIRS,n,2,295.91,1.3,N,0
24.14933,82.70582,307.29,0.4,0.37,2026-06-14,2019,N20,VIIRS,n,2,295.95,0.37,N,0
24.15336,82.59911,308.57,0.39,0.37,2026-06-14,2019,N20,VIIRS,n,2,296.33,0.55,N,0
24.15727,82.69943,308.31,0.4,0.37,2026-06-14,2019,N20,VIIRS,n,2,296.34,0.48,N,0
24.15779,82.6757,307.07,0.4,0.37,2026-06-14,2019,N20,VIIRS,n,2,296.29,0.35,N,2
24.16217,82.62872,312.95,0.4,0.37,2026-06-14,2019,N20,VIIRS,n,2,297.3,1.46,N,2
24.16269,82.60495,324.12,0.39,0.37,2026-06-14,2019,N20,VIIRS,n,2,295.88,2.23,N,2
24.16334,82.60109,310.35,0.39,0.37,2026-06-14,2019,N20,VIIRS,n,2,295.22,1.7,N,0
24.1701,82.62237,317.11,0.4,0.37,2026-06-14,2019,N20,VIIRS,n,2,295.63,1.02,N,2
24.17892,82.652,313.69,0.4,0.37,2026-06-14,2019,N20,VIIRS,n,2,296.6,2,N,0
24.18097,82.66038,312.19,0.4,0.37,2026-06-14,2019,N20,VIIRS,n,2,296.17,1.83,N,2
24.1843,82.66105,307.42,0.4,0.37,2026-06-14,2019,N20,VIIRS,n,2,296.3,0.81,N,2
24.18494,82.65719,307.67,0.4,0.37,2026-06-14,2019,N20,VIIRS,n,2,295.64,0.81,N,0
24.19854,82.71462,310.79,0.4,0.37,2026-06-14,2019,N20,VIIRS,n,2,296.92,1.76,N,0
24.20059,82.72293,311.88,0.4,0.37,2026-06-14,2019,N20,VIIRS,n,2,296.95,1.48,N,0
24.20251,82.71147,320.38,0.4,0.37,2026-06-14,2019,N20,VIIRS,n,2,298.05,1.25,N,2
24.20317,82.70759,311.2,0.4,0.37,2026-06-14,2019,N20,VIIRS,n,2,296.58,1.25,N,0
24.20584,82.71214,309.09,0.4,0.37,2026-06-14,2019,N20,VIIRS,n,2,297.55,1.25,N,2
24.2065,82.70824,312.04,0.4,0.37,2026-06-14,2019,N20,VIIRS,n,2,297.62,1.25,N,2
24.2078,82.70049,308.26,0.4,0.37,2026-06-14,2019,N20,VIIRS,n,2,297.19,1.39,N,0
24.4483,83.04076,312.03,0.4,0.37,2026-06-14,2019,N20,VIIRS,n,2,298.34,1.26,N,2
20.88689,84.98177,331.96,0.39,0.36,2026-06-15,731,N20,VIIRS,l,2,301.14,6.08,D,2
20.95626,85.01131,342.49,0.39,0.36,2026-06-15,731,N20,VIIRS,l,2,305.2,6.94,D,2
20.96142,85.17402,337.98,0.39,0.36,2026-06-15,731,N20,VIIRS,l,2,299.76,3.54,D,2
20.96316,85.1851,332.74,0.39,0.36,2026-06-15,731,N20,VIIRS,l,2,298.66,2.45,D,2
20.96344,85.07861,331.08,0.39,0.36,2026-06-15,731,N20,VIIRS,l,2,302.79,3.66,D,0
20.96374,85.18878,346.52,0.39,0.36,2026-06-15,731,N20,VIIRS,n,2,300.99,4.07,D,2
20.96415,85.16973,341.82,0.39,0.36,2026-06-15,731,N20,VIIRS,l,2,299.82,7.48,D,2
20.96431,85.19247,332.02,0.39,0.36,2026-06-15,731,N20,VIIRS,l,2,300.13,4.07,D,2
20.96472,85.17343,333.86,0.39,0.36,2026-06-15,731,N20,VIIRS,l,2,299.47,3.54,D,2
20.96745,85.16914,341.42,0.39,0.36,2026-06-15,731,N20,VIIRS,l,2,300.91,6.39,D,2
20.96803,85.17284,334.81,0.39,0.36,2026-06-15,731,N20,VIIRS,l,2,299.83,6.39,D,2
20.96844,85.15376,342.53,0.39,0.36,2026-06-15,731,N20,VIIRS,l,2,300.94,6.99,D,2
20.97099,85.12672,330.21,0.39,0.36,2026-06-15,731,N20,VIIRS,l,2,302.35,3.82,D,0
20.97191,85.17594,338.88,0.39,0.36,2026-06-15,731,N20,VIIRS,l,2,298.44,6.39,D,2
20.97794,85.17107,335.36,0.39,0.36,2026-06-15,731,N20,VIIRS,l,2,300.64,5,D,2
20.97876,85.13293,342.07,0.39,0.36,2026-06-15,731,N20,VIIRS,l,2,303.13,6.45,D,2
20.97934,85.13661,346.22,0.39,0.36,2026-06-15,731,N20,VIIRS,n,2,303.74,6.45,D,2
21.07335,85.04284,333.05,0.39,0.36,2026-06-15,731,N20,VIIRS,l,2,301.83,4.74,D,2
21.07607,85.03854,335.19,0.39,0.36,2026-06-15,731,N20,VIIRS,l,2,304.69,4.61,D,2
21.0788,85.03424,335.03,0.39,0.36,2026-06-15,731,N20,VIIRS,l,2,306.1,6.07,D,2
21.07938,85.03795,337.12,0.39,0.36,2026-06-15,731,N20,VIIRS,l,2,304.62,4.61,D,2
21.30163,83.902,336.76,0.41,0.37,2026-06-15,732,N20,VIIRS,l,2,310.03,5.15,D,0
21.45135,83.80949,335.04,0.41,0.37,2026-06-15,732,N20,VIIRS,l,2,308.4,5.94,D,0
21.67885,84.03989,336.25,0.4,0.37,2026-06-15,732,N20,VIIRS,l,2,304.47,2.53,D,2
21.74945,83.97517,344.75,0.4,0.37,2026-06-15,732,N20,VIIRS,l,2,315.02,11.63,D,0
21.87709,82.12905,343.6,0.47,0.4,2026-06-15,732,N20,VIIRS,n,2,306.14,7.15,D,0
21.90056,82.62048,335.12,0.45,0.39,2026-06-15,732,N20,VIIRS,l,2,305.31,2.25,D,0
21.91367,82.50799,330.19,0.45,0.39,2026-06-15,732,N20,VIIRS,l,2,304.3,2.1,D,0
21.92464,85.22485,336.13,0.39,0.36,2026-06-15,732,N20,VIIRS,l,2,306.8,6.24,D,2
21.92597,83.34171,336.27,0.42,0.38,2026-06-15,732,N20,VIIRS,l,2,306.28,3.08,D,2
21.95286,82.88109,337.66,0.44,0.38,2026-06-15,732,N20,VIIRS,l,2,306.14,2.29,D,0
21.95513,82.87987,338.69,0.44,0.38,2026-06-15,732,N20,VIIRS,n,2,306.09,2.84,D,0
22.00363,82.67142,334.12,0.44,0.39,2026-06-15,732,N20,VIIRS,l,2,304.5,3.41,D,2
22.03704,83.3541,335.42,0.42,0.38,2026-06-15,732,N20,VIIRS,l,2,310.32,7.96,D,2
22.03957,83.72892,343.27,0.41,0.37,2026-06-15,732,N20,VIIRS,l,2,314.32,14.85,D,2
22.32397,82.5452,339.58,0.44,0.39,2026-06-15,732,N20,VIIRS,l,2,306.87,4.96,D,2
22.36492,87.30191,331.28,0.41,0.37,2026-06-15,732,N20,VIIRS,n,2,288.69,5.83,D,2
22.57345,85.89259,335.27,0.39,0.36,2026-06-15,732,N20,VIIRS,l,2,307.61,2.9,D,2
22.57401,85.89631,340.97,0.39,0.36,2026-06-15,732,N20,VIIRS,n,2,307.22,4.67,D,2
22.78981,86.20709,332.48,0.39,0.36,2026-06-15,732,N20,VIIRS,l,2,305.53,5.21,D,2
22.79036,86.21085,333.91,0.39,0.36,2026-06-15,732,N20,VIIRS,l,2,305.41,3.94,D,2
22.87358,86.06209,334.59,0.39,0.36,2026-06-15,732,N20,VIIRS,l,2,309.16,1.92,D,2
23.56084,87.23116,333.27,0.41,0.37,2026-06-15,732,N20,VIIRS,n,2,300.92,1.79,D,2
23.56101,87.08409,338.29,0.41,0.37,2026-06-15,732,N20,VIIRS,n,2,307.99,6.83,D,2
23.58078,86.72712,334.96,0.4,0.37,2026-06-15,732,N20,VIIRS,l,2,309.85,3.3,D,2
23.61379,86.78947,332.97,0.4,0.37,2026-06-15,732,N20,VIIRS,l,2,306.67,3.86,D,2
23.64588,85.43839,333.92,0.38,0.36,2026-06-15,732,N20,VIIRS,l,2,304.71,3.49,D,2
23.64918,85.43781,336.34,0.38,0.36,2026-06-15,732,N20,VIIRS,n,2,303.68,3.49,D,2
23.65212,86.56419,334.84,0.4,0.37,2026-06-15,732,N20,VIIRS,n,2,302.15,4.12,D,0
23.66191,87.15376,330.65,0.41,0.37,2026-06-15,732,N20,VIIRS,n,2,300.62,3.17,D,2
23.67442,86.08585,335.13,0.39,0.36,2026-06-15,732,N20,VIIRS,l,2,307.99,3.72,D,2
23.67611,86.39825,337.63,0.39,0.36,2026-06-15,732,N20,VIIRS,l,2,312.35,7.68,D,2
23.67666,86.40208,337.29,0.39,0.36,2026-06-15,732,N20,VIIRS,l,2,310.45,6.31,D,2
23.67944,86.39767,340.67,0.39,0.36,2026-06-15,732,N20,VIIRS,l,2,311.96,5.38,D,2
23.68272,86.0961,337.35,0.39,0.36,2026-06-15,732,N20,VIIRS,n,2,304.45,3.34,D,2
23.68278,86.39709,341.19,0.39,0.36,2026-06-15,732,N20,VIIRS,n,2,309.32,5.38,D,2
23.68555,86.39268,347.53,0.39,0.36,2026-06-15,732,N20,VIIRS,n,2,311.75,8.48,D,2
23.68915,87.10021,334.84,0.41,0.37,2026-06-15,732,N20,VIIRS,l,2,308.71,6.25,D,2
23.69538,87.0951,336.75,0.41,0.37,2026-06-15,732,N20,VIIRS,l,2,309.57,8.21,D,2
23.69592,87.09525,339.42,0.41,0.37,2026-06-15,732,N20,VIIRS,l,2,310.45,5.27,D,2
23.71289,86.79718,331.63,0.4,0.37,2026-06-15,732,N20,VIIRS,n,2,300.46,2.47,D,0
23.72201,86.43802,331.06,0.39,0.37,2026-06-15,732,N20,VIIRS,l,2,305.48,5.33,D,2
23.75375,86.39714,338.77,0.39,0.36,2026-06-15,732,N20,VIIRS,l,2,309.04,7.48,D,2
23.75557,85.85369,335.46,0.39,0.36,2026-06-15,732,N20,VIIRS,l,2,307.76,3.23,D,2
23.7582,86.40424,339.85,0.39,0.36,2026-06-15,732,N20,VIIRS,n,2,306.8,4.51,D,2
23.76098,86.39983,332.97,0.39,0.36,2026-06-15,732,N20,VIIRS,l,2,306.69,6.92,D,2
23.76154,86.40367,351.02,0.39,0.36,2026-06-15,732,N20,VIIRS,n,2,309.56,4.03,D,2
23.76488,86.4031,338.89,0.39,0.36,2026-06-15,732,N20,VIIRS,n,2,308.54,4.03,D,2
23.76543,86.40694,340.74,0.39,0.37,2026-06-15,732,N20,VIIRS,n,2,308.4,4.03,D,2
23.76821,86.40253,336.57,0.39,0.36,2026-06-15,732,N20,VIIRS,l,2,307.62,5.3,D,2
23.7725,86.19768,334.92,0.39,0.36,2026-06-15,732,N20,VIIRS,l,2,308.19,5.77,D,2
23.77321,86.36624,333.34,0.39,0.36,2026-06-15,732,N20,VIIRS,l,2,306.48,4.69,D,2
23.77655,86.38927,338.9,0.39,0.36,2026-06-15,732,N20,VIIRS,l,2,309.69,8.19,D,2
23.7775,86.20854,336.71,0.39,0.36,2026-06-15,732,N20,VIIRS,l,2,310.06,7.67,D,2
23.77806,86.21235,339.36,0.39,0.36,2026-06-15,732,N20,VIIRS,n,2,306.79,4.66,D,2
23.77989,86.3887,341.44,0.39,0.36,2026-06-15,732,N20,VIIRS,n,2,309.88,5.14,D,2
23.78045,86.39255,343.68,0.39,0.36,2026-06-15,732,N20,VIIRS,n,2,310.29,7.7,D,2
23.78139,86.21178,342.91,0.39,0.36,2026-06-15,732,N20,VIIRS,n,2,309.8,5.26,D,2
23.79544,86.35457,341.77,0.39,0.36,2026-06-15,732,N20,VIIRS,n,2,306.3,4.12,D,2
23.79821,86.35017,340.77,0.39,0.36,2026-06-15,732,N20,VIIRS,n,2,309.28,4.12,D,2
23.80208,86.32982,339.99,0.39,0.36,2026-06-15,732,N20,VIIRS,n,2,310.67,3.99,D,2
23.80264,86.33366,339.52,0.39,0.36,2026-06-15,732,N20,VIIRS,n,2,309.35,3.56,D,2
23.80444,86.32875,335.9,0.39,0.36,2026-06-15,732,N20,VIIRS,l,2,307.7,1.76,D,2
23.80499,86.33259,338.28,0.39,0.36,2026-06-15,732,N20,VIIRS,n,2,309.33,4.44,D,2
24.11387,86.86008,332.25,0.41,0.37,2026-06-15,732,N20,VIIRS,l,2,306.84,3.48,D,2
24.20219,82.71075,338.17,0.42,0.38,2026-06-15,732,N20,VIIRS,l,2,309.52,5.63,D,2
24.20561,82.71007,336.07,0.42,0.38,2026-06-15,732,N20,VIIRS,l,2,308.93,5.53,D,2
24.86906,87.42293,335,0.43,0.38,2026-06-15,732,N20,VIIRS,n,2,299.87,3.35,D,0
25.03138,87.37695,333.68,0.43,0.38,2026-06-15,732,N20,VIIRS,l,2,304.53,6.63,D,2
25.03257,87.37246,337.47,0.43,0.38,2026-06-15,732,N20,VIIRS,n,2,305.16,3.92,D,2
25.03313,87.37669,331.9,0.43,0.38,2026-06-15,732,N20,VIIRS,l,2,303.84,5.91,D,2
25.03426,87.37215,335.55,0.43,0.38,2026-06-15,732,N20,VIIRS,n,2,303.89,5.08,D,2
25.4376,86.58125,333.11,0.41,0.37,2026-06-15,733,N20,VIIRS,n,2,302.76,3.28,D,0
26.21817,84.45816,331.49,0.38,0.36,2026-06-15,733,N20,VIIRS,l,2,302.62,0.83,D,0
26.39285,84.55453,334.15,0.38,0.36,2026-06-15,733,N20,VIIRS,n,2,303.94,2.98,D,0
26.47134,84.42219,333.35,0.38,0.36,2026-06-15,733,N20,VIIRS,n,2,302.12,2.11,D,0
26.75908,83.19949,311.93,0.46,0.39,2026-06-15,1959,N20,VIIRS,n,2,299.54,2.27,N,2
26.82567,82.56526,307.85,0.5,0.41,2026-06-15,1959,N20,VIIRS,n,2,297.2,0.81,N,0
21.73455,83.82323,318.9,0.4,0.37,2026-06-15,2000,N20,VIIRS,n,2,294.91,3.23,N,0
21.73841,83.84373,327.45,0.4,0.37,2026-06-15,2000,N20,VIIRS,n,2,295.47,3.58,N,2
21.73899,83.83986,313.34,0.4,0.37,2026-06-15,2000,N20,VIIRS,n,2,294.23,3.58,N,0
21.74178,83.84428,337.45,0.4,0.37,2026-06-15,2000,N20,VIIRS,n,2,297.36,3.58,N,2
21.74515,83.84484,329.41,0.4,0.37,2026-06-15,2000,N20,VIIRS,n,2,295.64,3.04,N,2
21.74852,83.84541,319.34,0.4,0.37,2026-06-15,2000,N20,VIIRS,n,2,295.81,3.04,N,0
21.74909,83.84155,328.93,0.4,0.37,2026-06-15,2000,N20,VIIRS,n,2,295.12,3.04,N,2
21.74918,83.81781,312.62,0.4,0.37,2026-06-15,2000,N20,VIIRS,n,2,295.66,1.39,N,0
21.75583,83.84269,333.27,0.4,0.37,2026-06-15,2000,N20,VIIRS,n,2,296.1,9.06,N,2
21.75747,83.84241,310.47,0.4,0.37,2026-06-15,2000,N20,VIIRS,n,2,294.31,2.07,N,2
21.75929,83.81953,311.19,0.4,0.37,2026-06-15,2000,N20,VIIRS,n,2,294.64,1.52,N,2
21.76307,83.85128,315.07,0.4,0.37,2026-06-15,2000,N20,VIIRS,n,2,294.04,2.98,N,0
21.77938,83.83427,330.03,0.4,0.37,2026-06-15,2000,N20,VIIRS,n,2,296.36,2.06,N,2
21.77995,83.83041,318.59,0.4,0.37,2026-06-15,2000,N20,VIIRS,n,2,294.85,2.06,N,2
21.78275,83.83484,317.15,0.4,0.37,2026-06-15,2000,N20,VIIRS,n,2,295.13,2.06,N,2
21.79891,83.88908,322.93,0.4,0.37,2026-06-15,2000,N20,VIIRS,n,2,295.03,3.1,N,0
21.80006,83.88136,322.61,0.4,0.37,2026-06-15,2000,N20,VIIRS,n,2,294.9,3.46,N,0
21.80228,83.88966,316.95,0.4,0.37,2026-06-15,2000,N20,VIIRS,n,2,294.94,3.1,N,0
21.80285,83.8858,312.15,0.4,0.37,2026-06-15,2000,N20,VIIRS,n,2,295.12,3.46,N,2
21.92529,85.22372,322.74,0.38,0.36,2026-06-15,2000,N20,VIIRS,n,2,295.28,2.66,N,2
21.92858,85.22431,306.39,0.38,0.36,2026-06-15,2000,N20,VIIRS,n,2,294.03,0.82,N,2
21.92916,85.22063,305.83,0.38,0.36,2026-06-15,2000,N20,VIIRS,n,2,293.9,0.82,N,2
21.95404,83.8075,312.64,0.4,0.37,2026-06-15,2000,N20,VIIRS,n,2,293.41,3.63,N,0
21.96918,85.31493,309.18,0.38,0.36,2026-06-15,2000,N20,VIIRS,n,2,293.16,0.97,N,2
22.03054,83.7434,311.33,0.41,0.37,2026-06-15,2000,N20,VIIRS,n,2,293.35,6.51,N,2
22.03789,83.74062,311.63,0.41,0.37,2026-06-15,2000,N20,VIIRS,n,2,294.89,4.25,N,2
22.03903,83.73279,322.48,0.41,0.37,2026-06-15,2000,N20,VIIRS,n,2,296.15,3.79,N,2
22.0396,83.72887,327.98,0.41,0.37,2026-06-15,2000,N20,VIIRS,n,2,295.72,3.79,N,2
22.0407,83.74508,310.45,0.41,0.37,2026-06-15,2000,N20,VIIRS,n,2,295.32,6.15,N,0
22.04185,83.73727,313.79,0.41,0.37,2026-06-15,2000,N20,VIIRS,n,2,296.42,4.25,N,2
22.04299,83.72945,316.65,0.41,0.37,2026-06-15,2000,N20,VIIRS,n,2,295.23,3.79,N,2
22.05005,88.12586,322.34,0.43,0.38,2026-06-15,2000,N20,VIIRS,n,2,295.43,2.06,N,0
22.05077,88.12173,308.22,0.43,0.38,2026-06-15,2000,N20,VIIRS,n,2,295.18,2.06,N,2
22.0535,88.12653,313.25,0.43,0.38,2026-06-15,2000,N20,VIIRS,n,2,297.54,3.08,N,2
22.05416,85.46626,307.26,0.38,0.36,2026-06-15,2000,N20,VIIRS,n,2,293.4,1.15,N,2
22.05423,88.12242,323.72,0.43,0.38,2026-06-15,2000,N20,VIIRS,n,2,296.52,3.08,N,2
22.06734,83.70546,317.1,0.41,0.37,2026-06-15,2000,N20,VIIRS,n,2,294.76,5.31,N,2
22.13396,83.4654,316.3,0.41,0.37,2026-06-15,2000,N20,VIIRS,n,2,292.23,4.96,N,0
22.13503,85.38226,306.45,0.38,0.36,2026-06-15,2000,N20,VIIRS,n,2,292.13,0.61,N,2
22.36343,87.02005,313.24,0.4,0.37,2026-06-15,2000,N20,VIIRS,n,2,296.04,2.23,N,2
22.36443,87.30212,331.78,0.4,0.37,2026-06-15,2000,N20,VIIRS,n,2,297.93,3.72,N,2
22.36741,87.01688,315.52,0.4,0.37,2026-06-15,2000,N20,VIIRS,n,2,295.86,1.78,N,2
22.36779,87.30277,309.8,0.4,0.37,2026-06-15,2000,N20,VIIRS,n,2,296.54,1.02,N,2
22.36844,87.2989,309.88,0.4,0.37,2026-06-15,2000,N20,VIIRS,n,2,296.49,0.95,N,2
22.37841,87.28085,336.03,0.4,0.37,2026-06-15,2000,N20,VIIRS,n,2,299.42,4.37,N,2
22.37906,87.27699,318.25,0.4,0.37,2026-06-15,2000,N20,VIIRS,n,2,296.79,1.74,N,2
22.38783,87.28667,310.68,0.4,0.37,2026-06-15,2000,N20,VIIRS,n,2,296.62,1.08,N,2
22.57477,85.89404,333.01,0.38,0.36,2026-06-15,2000,N20,VIIRS,n,2,296.15,3.48,N,2
22.57536,85.89034,314.46,0.38,0.36,2026-06-15,2000,N20,VIIRS,n,2,295.95,3.48,N,2
22.59332,85.90509,306.77,0.38,0.36,2026-06-15,2000,N20,VIIRS,n,2,295.12,2.48,N,2
22.7892,86.21161,312.38,0.39,0.36,2026-06-15,2000,N20,VIIRS,n,2,296.49,4.02,N,2
22.7898,86.20788,314.68,0.39,0.36,2026-06-15,2000,N20,VIIRS,n,2,296.34,2.62,N,2
22.7904,86.20416,310.27,0.39,0.36,2026-06-15,2000,N20,VIIRS,n,2,296.64,2.62,N,2
22.79159,86.19673,310.3,0.39,0.36,2026-06-15,2000,N20,VIIRS,n,2,296.69,4.77,N,2
22.7925,86.21223,311.56,0.39,0.36,2026-06-15,2000,N20,VIIRS,n,2,296.15,3.61,N,2
22.79429,86.20107,312.39,0.39,0.36,2026-06-15,2000,N20,VIIRS,n,2,296.06,4.78,N,3
22.79638,86.20913,311.32,0.39,0.36,2026-06-15,2000,N20,VIIRS,n,2,296.62,3.91,N,2
22.80171,86.09142,311.93,0.38,0.36,2026-06-15,2000,N20,VIIRS,n,2,296.2,3.48,N,2
22.87452,86.06238,315.42,0.38,0.36,2026-06-15,2000,N20,VIIRS,n,2,294.48,2.26,N,2
23.48335,87.36159,307.14,0.4,0.37,2026-06-15,2000,N20,VIIRS,n,2,289.78,1.8,N,2
23.54943,86.54388,308.54,0.39,0.36,2026-06-15,2000,N20,VIIRS,n,2,295.8,1,N,2
23.55346,87.2435,332.68,0.4,0.37,2026-06-15,2000,N20,VIIRS,n,2,291.82,4.78,N,3
23.55743,87.24032,308.26,0.4,0.37,2026-06-15,2000,N20,VIIRS,n,2,291.32,2.49,N,2
23.56293,87.08357,315.23,0.39,0.36,2026-06-15,2000,N20,VIIRS,n,2,291.51,2.26,N,2
23.60934,85.67469,306.66,0.38,0.36,2026-06-15,2000,N20,VIIRS,n,2,293.78,0.51,N,0
23.61441,86.79232,309.25,0.39,0.36,2026-06-15,2000,N20,VIIRS,n,2,295.68,0.92,N,2
23.61503,86.78853,309.91,0.39,0.36,2026-06-15,2000,N20,VIIRS,n,2,295.51,0.92,N,2
23.61943,85.6535,307.29,0.38,0.36,2026-06-15,2000,N20,VIIRS,n,2,293.92,0.44,N,0
23.62638,85.67399,316.71,0.38,0.36,2026-06-15,2000,N20,VIIRS,n,2,293.69,1.6,N,0
23.64601,85.43902,322.8,0.39,0.36,2026-06-15,2000,N20,VIIRS,n,2,293.81,3.42,N,2
23.6493,85.43963,320.39,0.39,0.36,2026-06-15,2000,N20,VIIRS,n,2,294.13,2.71,N,2
23.64988,85.43588,313.62,0.39,0.36,2026-06-15,2000,N20,VIIRS,n,2,292.91,1.87,N,2
23.6632,86.91096,311.41,0.39,0.36,2026-06-15,2000,N20,VIIRS,n,2,294.75,0.64,N,2
23.66328,87.1572,321.47,0.39,0.36,2026-06-15,2000,N20,VIIRS,n,2,294.85,2.36,N,2
23.66391,87.15338,323.85,0.39,0.36,2026-06-15,2000,N20,VIIRS,n,2,294.88,1.96,N,2
23.66527,86.91917,309.14,0.39,0.36,2026-06-15,2000,N20,VIIRS,n,2,295.47,1.61,N,2
23.66547,85.00104,300.08,0.39,0.36,2026-06-15,2000,N20,VIIRS,n,2,274.52,0.79,N,2
23.66932,86.09273,312.16,0.38,0.36,2026-06-15,2000,N20,VIIRS,n,2,296.21,1.89,N,2
23.67191,86.39673,309.38,0.39,0.36,2026-06-15,2000,N20,VIIRS,n,2,296.06,1.18,N,2
23.67271,86.93523,317.07,0.39,0.36,2026-06-15,2000,N20,VIIRS,n,2,294.95,1.13,N,2
23.6738,86.08588,329.9,0.38,0.36,2026-06-15,2000,N20,VIIRS,n,2,295.85,1.87,N,2
23.6746,86.40108,310.5,0.39,0.36,2026-06-15,2000,N20,VIIRS,n,2,297.1,1.41,N,2
23.6752,86.39735,313.33,0.39,0.36,2026-06-15,2000,N20,VIIRS,n,2,298.14,1.41,N,2
23.67708,86.0865,322.26,0.38,0.36,2026-06-15,2000,N20,VIIRS,n,2,297.33,3.06,N,2
23.67789,86.40172,315.01,0.39,0.36,2026-06-15,2000,N20,VIIRS,n,2,297.25,1.41,N,2
23.67849,86.39797,325.22,0.39,0.36,2026-06-15,2000,N20,VIIRS,n,2,299.66,1.41,N,2
23.6791,86.39423,312.92,0.39,0.36,2026-06-15,2000,N20,VIIRS,n,2,295.93,1.91,N,2
23.68239,86.39484,327.95,0.39,0.36,2026-06-15,2000,N20,VIIRS,n,2,297.32,2.04,N,2
23.68247,86.0952,334.1,0.38,0.36,2026-06-15,2000,N20,VIIRS,n,2,295.5,3.47,N,2
23.68568,86.39547,316.49,0.39,0.36,2026-06-15,2000,N20,VIIRS,n,2,296.07,2.04,N,2
23.68622,87.12228,315.9,0.39,0.36,2026-06-15,2000,N20,VIIRS,n,2,294.28,2.13,N,2
23.68628,86.39174,325.04,0.39,0.36,2026-06-15,2000,N20,VIIRS,n,2,296.46,2.04,N,2
23.68954,87.12292,321.95,0.39,0.36,2026-06-15,2000,N20,VIIRS,n,2,294.63,2.13,N,2
23.69002,87.09938,316.21,0.39,0.36,2026-06-15,2000,N20,VIIRS,n,2,294.83,3.21,N,2
23.69018,86.38862,310.27,0.39,0.36,2026-06-15,2000,N20,VIIRS,n,2,297.06,1.17,N,2
23.69144,87.11147,312.25,0.39,0.36,2026-06-15,2000,N20,VIIRS,n,2,293.92,1.19,N,2
23.69207,87.10765,307.51,0.39,0.36,2026-06-15,2000,N20,VIIRS,n,2,293.43,1.19,N,2
23.69286,87.12356,317.97,0.39,0.36,2026-06-15,2000,N20,VIIRS,n,2,294.29,2.59,N,2
23.69413,87.11593,309.91,0.39,0.36,2026-06-15,2000,N20,VIIRS,n,2,293.98,2.61,N,2
23.69617,85.28986,309.43,0.39,0.36,2026-06-15,2000,N20,VIIRS,n,2,293.71,1.7,N,2
23.69728,87.09686,315.12,0.39,0.36,2026-06-15,2000,N20,VIIRS,n,2,295.05,2.46,N,2
23.6989,85.29421,304.58,0.39,0.36,2026-06-15,2000,N20,VIIRS,n,2,291.56,1.09,N,2
23.6997,86.07481,311.77,0.38,0.36,2026-06-15,2000,N20,VIIRS,n,2,295.09,0.97,N,2
23.7084,86.42292,309.19,0.39,0.36,2026-06-15,2000,N20,VIIRS,n,2,295.11,0.66,N,0
23.71077,86.45039,315.59,0.39,0.36,2026-06-15,2000,N20,VIIRS,n,2,296.39,2.11,N,2
23.71406,86.45101,329.49,0.39,0.36,2026-06-15,2000,N20,VIIRS,n,2,296.53,3.23,N,2
23.71438,86.42793,311.3,0.39,0.36,2026-06-15,2000,N20,VIIRS,n,2,295.96,1.42,N,2
23.71499,86.42417,310.06,0.39,0.36,2026-06-15,2000,N20,VIIRS,n,2,296.23,1.23,N,2
23.71852,85.01057,301.49,0.39,0.36,2026-06-15,2000,N20,VIIRS,n,2,281.3,1.07,N,2
23.71916,86.44039,309.31,0.39,0.36,2026-06-15,2000,N20,VIIRS,n,2,295.62,0.99,N,2
23.72305,86.43728,310.67,0.39,0.36,2026-06-15,2000,N20,VIIRS,n,2,295.23,1.23,N,2
23.72574,86.44164,312.22,0.39,0.36,2026-06-15,2000,N20,VIIRS,n,2,296.14,1.23,N,2
23.72783,86.44976,312.86,0.39,0.36,2026-06-15,2000,N20,VIIRS,n,2,296.06,1.29,N,0
23.73293,86.43915,313.89,0.39,0.36,2026-06-15,2000,N20,VIIRS,n,2,297.59,2.05,N,2
23.73683,86.43603,333.54,0.39,0.36,2026-06-15,2000,N20,VIIRS,n,2,298.62,3.5,N,2
23.73743,86.43229,330.7,0.39,0.36,2026-06-15,2000,N20,VIIRS,n,2,296.81,3.5,N,2
23.74436,85.50689,307.43,0.39,0.36,2026-06-15,2000,N20,VIIRS,n,2,291.79,1.32,N,2
23.75332,86.39671,332.08,0.39,0.36,2026-06-15,2000,N20,VIIRS,n,2,295.16,3.8,N,2
23.75361,86.41901,310.16,0.39,0.36,2026-06-15,2000,N20,VIIRS,n,2,295.43,1.03,N,2
23.7554,85.85078,309.32,0.38,0.36,2026-06-15,2000,N20,VIIRS,n,2,295.13,2.23,N,2
23.75602,86.40402,316.15,0.39,0.36,2026-06-15,2000,N20,VIIRS,n,2,295.6,1.59,N,2
23.75723,86.39654,316.6,0.39,0.36,2026-06-15,2000,N20,VIIRS,n,2,295.56,2.03,N,2
23.7581,85.85513,319.81,0.38,0.36,2026-06-15,2000,N20,VIIRS,n,2,296.87,2.23,N,2
23.75932,86.40465,317.42,0.39,0.36,2026-06-15,2000,N20,VIIRS,n,2,295.73,1.59,N,2
23.75992,86.4009,329.52,0.39,0.36,2026-06-15,2000,N20,VIIRS,n,2,296.64,2.03,N,2
23.76022,85.8632,307.4,0.38,0.36,2026-06-15,2000,N20,VIIRS,n,2,295.33,1.74,N,2
23.76261,86.40527,326.02,0.39,0.36,2026-06-15,2000,N20,VIIRS,n,2,296.43,2.63,N,2
23.76321,86.40153,320.13,0.39,0.36,2026-06-15,2000,N20,VIIRS,n,2,295.39,2.27,N,2
23.76442,86.39404,315.41,0.39,0.36,2026-06-15,2000,N20,VIIRS,n,2,296.8,1.68,N,2
23.7659,86.40589,332.46,0.39,0.36,2026-06-15,2000,N20,VIIRS,n,2,297.23,2.63,N,2
23.7665,86.40215,315.71,0.39,0.36,2026-06-15,2000,N20,VIIRS,n,2,296.17,2.27,N,2
23.76771,86.39466,310.27,0.39,0.36,2026-06-15,2000,N20,VIIRS,n,2,296.52,1.68,N,2
23.76979,86.40277,318.75,0.39,0.36,2026-06-15,2000,N20,VIIRS,n,2,295.57,1.89,N,2
23.77125,86.19978,310.29,0.38,0.36,2026-06-15,2000,N20,VIIRS,n,2,295.17,1.39,N,2
23.77185,86.19604,312.54,0.38,0.36,2026-06-15,2000,N20,VIIRS,n,2,294.77,2.46,N,2
23.77249,86.00002,306.85,0.38,0.36,2026-06-15,2000,N20,VIIRS,n,2,294.96,1.2,N,0
23.77252,86.36473,323.88,0.39,0.36,2026-06-15,2000,N20,VIIRS,n,2,295.47,2.77,N,2
23.77582,86.36535,323.97,0.39,0.36,2026-06-15,2000,N20,VIIRS,n,2,296.73,1.33,N,2
23.77604,86.21222,309.11,0.38,0.36,2026-06-15,2000,N20,VIIRS,n,2,296,1.55,N,2
23.7761,86.38468,310.42,0.39,0.36,2026-06-15,2000,N20,VIIRS,n,2,295.56,2.01,N,2
23.77637,85.99689,307.49,0.38,0.36,2026-06-15,2000,N20,VIIRS,n,2,295.45,1.53,N,0
23.77642,86.36161,312,0.38,0.36,2026-06-15,2000,N20,VIIRS,n,2,295.15,1.33,N,2
23.77664,86.20848,312.82,0.38,0.36,2026-06-15,2000,N20,VIIRS,n,2,296.73,1.55,N,2
23.77818,86.39279,314.5,0.39,0.36,2026-06-15,2000,N20,VIIRS,n,2,295.95,1.7,N,2
23.77879,86.38904,336.05,0.39,0.36,2026-06-15,2000,N20,VIIRS,n,2,296.71,2.43,N,2
23.77882,86.34664,310.54,0.38,0.36,2026-06-15,2000,N20,VIIRS,n,2,295.9,0.92,N,2
23.77899,86.15121,314.28,0.38,0.36,2026-06-15,2000,N20,VIIRS,n,2,293.47,2.14,N,0
23.77934,86.21284,325.1,0.38,0.36,2026-06-15,2000,N20,VIIRS,n,2,295.88,3.12,N,2
23.77993,86.20911,332.46,0.38,0.36,2026-06-15,2000,N20,VIIRS,n,2,297.83,3.12,N,2
23.78119,86.37408,318.5,0.39,0.36,2026-06-15,2000,N20,VIIRS,n,2,296.46,2.19,N,2
23.78148,86.39341,313.3,0.39,0.36,2026-06-15,2000,N20,VIIRS,n,2,296.47,1.7,N,2
23.78208,86.38966,314.72,0.39,0.36,2026-06-15,2000,N20,VIIRS,n,2,295.74,2.43,N,2
23.78211,86.34727,309.96,0.38,0.36,2026-06-15,2000,N20,VIIRS,n,2,296.34,0.92,N,2
23.79351,86.23384,310.18,0.38,0.36,2026-06-15,2000,N20,VIIRS,n,2,294.81,1.49,N,2
23.79467,86.35349,333.12,0.38,0.36,2026-06-15,2000,N20,VIIRS,n,2,297.79,4.43,N,2
23.79857,86.35037,325.25,0.38,0.36,2026-06-15,2000,N20,VIIRS,n,2,297.53,2.86,N,2
23.80157,86.33166,324.88,0.38,0.36,2026-06-15,2000,N20,VIIRS,n,2,297.49,1.75,N,2
23.80217,86.32792,311.44,0.38,0.36,2026-06-15,2000,N20,VIIRS,n,2,297.12,1.75,N,2
23.80486,86.33228,324.34,0.38,0.36,2026-06-15,2000,N20,VIIRS,n,2,298.4,1.75,N,2
23.80546,86.32854,319.55,0.38,0.36,2026-06-15,2000,N20,VIIRS,n,2,297.76,1.75,N,2
23.80775,84.84621,299.86,0.39,0.36,2026-06-15,2000,N20,VIIRS,n,2,271.76,0.4,N,2
23.81108,84.84681,296.57,0.39,0.36,2026-06-15,2000,N20,VIIRS,n,2,272,0.4,N,2
23.82448,84.5724,314.98,0.4,0.37,2026-06-15,2000,N20,VIIRS,n,2,294.71,2.48,N,0
23.82782,84.57299,311.4,0.4,0.37,2026-06-15,2000,N20,VIIRS,n,2,295.32,2.9,N,0
23.83989,84.94997,307.92,0.39,0.36,2026-06-15,2000,N20,VIIRS,n,2,290.03,1.65,N,2
24.11451,86.85897,310.6,0.39,0.36,2026-06-15,2000,N20,VIIRS,n,2,287.98,1.61,N,2
24.44909,83.03927,310.35,0.45,0.39,2026-06-15,2000,N20,VIIRS,n,2,293.37,3.04,N,2
24.92389,84.15594,308.4,0.41,0.37,2026-06-15,2000,N20,VIIRS,n,2,295.6,0.78,N,2
24.92788,84.15246,307.35,0.41,0.37,2026-06-15,2000,N20,VIIRS,n,2,295.29,0.6,N,2
20.51537,85.72578,308.69,0.39,0.36,2026-06-15,2001,N20,VIIRS,n,2,289.79,1.65,N,2
20.5336,85.90704,316.72,0.39,0.36,2026-06-15,2001,N20,VIIRS,n,2,294.95,2.58,N,2
20.76044,85.29852,320.52,0.38,0.36,2026-06-15,2001,N20,VIIRS,n,2,289.85,3.37,N,2
20.78649,85.26518,312.44,0.38,0.36,2026-06-15,2001,N20,VIIRS,n,2,292.45,4.57,N,2
20.79481,85.25539,333.91,0.38,0.36,2026-06-15,2001,N20,VIIRS,n,2,294.29,5.08,N,2
20.79752,85.25963,321.13,0.38,0.36,2026-06-15,2001,N20,VIIRS,n,2,294.17,5.08,N,2
20.80468,85.25715,316.71,0.38,0.36,2026-06-15,2001,N20,VIIRS,n,2,293.58,3.6,N,2
20.80797,85.25774,316.37,0.38,0.36,2026-06-15,2001,N20,VIIRS,n,2,292.77,2.5,N,2
20.86317,84.99291,321.63,0.38,0.36,2026-06-15,2001,N20,VIIRS,n,2,293.37,1.98,N,2
20.86374,84.98925,321.61,0.38,0.36,2026-06-15,2001,N20,VIIRS,n,2,293.98,1.98,N,2
20.86704,84.98984,318.95,0.38,0.36,2026-06-15,2001,N20,VIIRS,n,2,294.55,1.98,N,2
20.88523,84.98176,329.53,0.38,0.36,2026-06-15,2001,N20,VIIRS,n,2,292.92,2,N,2
20.88852,84.98234,324.43,0.38,0.36,2026-06-15,2001,N20,VIIRS,n,2,293.34,2,N,2
20.94056,86.0636,318.98,0.39,0.36,2026-06-15,2001,N20,VIIRS,n,2,295.43,4.05,N,2
20.94793,85.06057,311.07,0.38,0.36,2026-06-15,2001,N20,VIIRS,n,2,293.83,3.08,N,0
20.94957,86.05001,329.72,0.39,0.36,2026-06-15,2001,N20,VIIRS,n,2,292,2.91,N,2
20.95018,86.0463,315.54,0.39,0.36,2026-06-15,2001,N20,VIIRS,n,2,287.33,2.91,N,2
20.95539,85.01292,320.58,0.38,0.36,2026-06-15,2001,N20,VIIRS,n,2,295.89,2.78,N,2
20.95596,85.00925,317.1,0.38,0.36,2026-06-15,2001,N20,VIIRS,n,2,294.94,4.45,N,2
20.95868,85.0135,309.78,0.38,0.36,2026-06-15,2001,N20,VIIRS,n,2,294.84,2.78,N,2
20.96029,85.17574,309.61,0.38,0.36,2026-06-15,2001,N20,VIIRS,n,2,291.88,1.46,N,2
20.96087,85.17207,310.59,0.38,0.36,2026-06-15,2001,N20,VIIRS,n,2,292.95,1.46,N,2
20.96128,85.19098,308.07,0.38,0.36,2026-06-15,2001,N20,VIIRS,n,2,290.92,2.29,N,2
20.96186,85.18732,337.68,0.38,0.36,2026-06-15,2001,N20,VIIRS,n,2,292.34,2.29,N,2
20.96243,85.18365,310.08,0.38,0.36,2026-06-15,2001,N20,VIIRS,n,2,291.93,1.76,N,2
20.96278,86.01054,310.4,0.39,0.36,2026-06-15,2001,N20,VIIRS,n,2,294.74,2.78,N,2
20.96338,86.00684,321.68,0.39,0.36,2026-06-15,2001,N20,VIIRS,n,2,294.97,3.18,N,2
20.96416,85.17266,328.35,0.38,0.36,2026-06-15,2001,N20,VIIRS,n,2,294.7,2.76,N,2
20.96457,85.19157,322.37,0.38,0.36,2026-06-15,2001,N20,VIIRS,n,2,291.39,2.29,N,2
20.96474,85.16901,336.27,0.38,0.36,2026-06-15,2001,N20,VIIRS,n,2,295.64,2.79,N,2
20.96515,85.1879,322.03,0.38,0.36,2026-06-15,2001,N20,VIIRS,n,2,291.22,2.29,N,2
20.96532,85.16534,310.38,0.38,0.36,2026-06-15,2001,N20,VIIRS,n,2,294.48,2.79,N,2
20.96539,85.07875,312.81,0.38,0.36,2026-06-15,2001,N20,VIIRS,n,2,294.52,3.71,N,0
20.96589,85.16167,321.01,0.38,0.36,2026-06-15,2001,N20,VIIRS,n,2,295.24,3.55,N,2
20.96608,86.01115,311.74,0.39,0.36,2026-06-15,2001,N20,VIIRS,n,2,295.25,2.46,N,2
20.9663,85.18058,308.65,0.38,0.36,2026-06-15,2001,N20,VIIRS,n,2,292.18,1.76,N,2
20.96688,85.17691,310.26,0.38,0.36,2026-06-15,2001,N20,VIIRS,n,2,293.21,2.76,N,2
20.96705,85.15435,331.97,0.38,0.36,2026-06-15,2001,N20,VIIRS,n,2,296.4,3.49,N,2
20.96745,85.17325,331.86,0.38,0.36,2026-06-15,2001,N20,VIIRS,n,2,294.13,2.76,N,2
20.96803,85.16959,328.24,0.38,0.36,2026-06-15,2001,N20,VIIRS,n,2,294.91,2.79,N,2
20.96879,86.01546,317.58,0.39,0.36,2026-06-15,2001,N20,VIIRS,n,2,296.94,2.46,N,2
20.96939,86.01176,322.9,0.39,0.36,2026-06-15,2001,N20,VIIRS,n,2,296.45,2.46,N,2
20.97017,85.1775,345.65,0.38,0.36,2026-06-15,2001,N20,VIIRS,n,2,295.87,3.78,N,2
20.97034,85.15494,319.22,0.38,0.36,2026-06-15,2001,N20,VIIRS,n,2,295.19,3.49,N,2
20.97058,86.00437,317.05,0.39,0.36,2026-06-15,2001,N20,VIIRS,n,2,291.56,4.06,N,2
20.97075,85.17384,328.27,0.38,0.36,2026-06-15,2001,N20,VIIRS,n,2,294.55,3.78,N,2
20.97165,85.12505,316.39,0.38,0.36,2026-06-15,2001,N20,VIIRS,n,2,295.2,3.47,N,2
20.97389,86.00497,321.24,0.39,0.36,2026-06-15,2001,N20,VIIRS,n,2,294.49,3.41,N,2
20.97404,85.17442,316.64,0.38,0.36,2026-06-15,2001,N20,VIIRS,n,2,294.12,3.78,N,2
20.97709,85.13354,324.62,0.38,0.36,2026-06-15,2001,N20,VIIRS,n,2,295.74,2.88,N,2
20.97791,85.17136,323.31,0.38,0.36,2026-06-15,2001,N20,VIIRS,n,2,294.51,1.88,N,2
20.97848,85.16769,310.64,0.38,0.36,2026-06-15,2001,N20,VIIRS,n,2,294.19,1.88,N,2
20.9798,85.13779,318.12,0.38,0.36,2026-06-15,2001,N20,VIIRS,n,2,295.92,4.67,N,2
20.98038,85.13413,339.39,0.38,0.36,2026-06-15,2001,N20,VIIRS,n,2,296.5,2.88,N,2
20.98096,85.13047,309.55,0.38,0.36,2026-06-15,2001,N20,VIIRS,n,2,295.1,2.88,N,2
20.98367,85.13472,311.44,0.38,0.36,2026-06-15,2001,N20,VIIRS,n,2,294.42,2.75,N,2
21.00141,86.02512,309.45,0.39,0.36,2026-06-15,2001,N20,VIIRS,n,2,294.77,2.31,N,2
21.07267,85.04462,309.83,0.38,0.36,2026-06-15,2001,N20,VIIRS,n,2,294.44,1.85,N,2
21.07324,85.04095,310.62,0.38,0.36,2026-06-15,2001,N20,VIIRS,n,2,295.04,1.85,N,2
21.07596,85.04521,308.57,0.38,0.36,2026-06-15,2001,N20,VIIRS,n,2,294.92,1.85,N,2
21.07711,85.03787,320.72,0.38,0.36,2026-06-15,2001,N20,VIIRS,n,2,297.34,3.44,N,2
21.07769,85.03419,313.44,0.38,0.36,2026-06-15,2001,N20,VIIRS,n,2,296.53,3.44,N,2
21.07983,85.04212,313.13,0.38,0.36,2026-06-15,2001,N20,VIIRS,n,2,295.02,4.07,N,2
21.0804,85.03845,311.5,0.38,0.36,2026-06-15,2001,N20,VIIRS,n,2,295.67,2.39,N,2
21.08098,85.03478,309.22,0.38,0.36,2026-06-15,2001,N20,VIIRS,n,2,295.36,2.39,N,2
20.61024,82.59296,334.7,0.58,0.52,2026-06-16,713,N20,VIIRS,n,2,299.26,3.88,D,0
20.71856,83.59658,337.37,0.5,0.49,2026-06-16,713,N20,VIIRS,n,2,297.49,2.99,D,0
20.78605,85.26681,333.14,0.39,0.44,2026-06-16,713,N20,VIIRS,n,2,298.68,4.16,D,2
20.79198,85.25401,341.67,0.39,0.44,2026-06-16,713,N20,VIIRS,n,2,298.57,2.45,D,2
20.82116,83.86864,335.5,0.48,0.48,2026-06-16,713,N20,VIIRS,n,2,297.86,4.47,D,0
20.87699,84.20046,335.56,0.45,0.47,2026-06-16,713,N20,VIIRS,n,2,297.74,1.69,D,0
20.95249,86.04774,331.76,0.53,0.42,2026-06-16,713,N20,VIIRS,n,2,299.53,6.04,D,2
20.96057,85.18694,331.5,0.4,0.44,2026-06-16,713,N20,VIIRS,n,2,299.4,6.24,D,2
20.96126,85.19061,343.83,0.4,0.44,2026-06-16,713,N20,VIIRS,n,2,300.37,7.09,D,2
20.96143,86.00926,334.9,0.53,0.42,2026-06-16,713,N20,VIIRS,n,2,298.28,10.68,D,2
20.96177,85.17113,332.62,0.4,0.44,2026-06-16,713,N20,VIIRS,n,2,299.26,4.61,D,2
20.96247,85.17487,332.65,0.4,0.44,2026-06-16,713,N20,VIIRS,n,2,297.04,2.78,D,2
20.96298,86.00549,337.92,0.53,0.42,2026-06-16,713,N20,VIIRS,n,2,298.46,9.71,D,2
20.96436,85.16273,334.23,0.4,0.44,2026-06-16,713,N20,VIIRS,n,2,298.76,4.64,D,2
20.96576,85.17024,338.87,0.4,0.44,2026-06-16,713,N20,VIIRS,n,2,298.76,4.61,D,2
20.96647,85.17401,334.47,0.4,0.44,2026-06-16,713,N20,VIIRS,n,2,297.98,2.78,D,2
20.98017,85.13583,334.16,0.4,0.44,2026-06-16,713,N20,VIIRS,n,2,296.68,3.01,D,2
20.99474,83.80112,330.67,0.48,0.48,2026-06-16,713,N20,VIIRS,n,2,299.17,5.37,D,0
20.9957,83.99519,333.22,0.47,0.47,2026-06-16,713,N20,VIIRS,n,2,296.48,3.98,D,0
20.99654,83.99957,341.2,0.47,0.47,2026-06-16,713,N20,VIIRS,n,2,296.89,3.98,D,0
21.01036,83.78825,339.79,0.48,0.48,2026-06-16,713,N20,VIIRS,n,2,298.7,16.85,D,0
21.01126,83.79277,342.01,0.48,0.48,2026-06-16,713,N20,VIIRS,n,2,296.94,16.85,D,0
21.05043,83.78417,330.17,0.48,0.48,2026-06-16,713,N20,VIIRS,n,2,298.75,4.32,D,0
21.05048,83.80767,331.23,0.48,0.48,2026-06-16,713,N20,VIIRS,n,2,296.88,4.02,D,0
21.06439,83.80933,333.77,0.48,0.48,2026-06-16,713,N20,VIIRS,n,2,296.48,2.88,D,0
21.08176,83.82893,330.85,0.48,0.48,2026-06-16,713,N20,VIIRS,n,2,295.73,2.73,D,0
21.0952,82.4369,339.1,0.58,0.52,2026-06-16,713,N20,VIIRS,n,2,299.83,2.82,D,0
21.09761,83.69895,333.18,0.48,0.48,2026-06-16,713,N20,VIIRS,n,2,297.62,1.75,D,0
21.11391,83.64269,331.24,0.49,0.48,2026-06-16,713,N20,VIIRS,n,2,297.34,1.87,D,0
21.17905,82.00505,331.21,0.62,0.54,2026-06-16,713,N20,VIIRS,n,2,297.71,2.93,D,0
21.22859,83.83157,334.49,0.47,0.48,2026-06-16,713,N20,VIIRS,n,2,294,5.57,D,0
21.24084,83.27435,330.4,0.51,0.49,2026-06-16,713,N20,VIIRS,n,2,297.93,1.61,D,0
21.24655,83.76212,330.42,0.48,0.48,2026-06-16,713,N20,VIIRS,n,2,295.38,2.79,D,0
21.24667,83.57627,336.02,0.49,0.49,2026-06-16,713,N20,VIIRS,n,2,297.94,4.11,D,0
21.24692,83.90161,330.32,0.47,0.48,2026-06-16,713,N20,VIIRS,n,2,295.57,3.84,D,0
21.26184,82.8615,330.52,0.54,0.51,2026-06-16,713,N20,VIIRS,n,2,297.71,2.45,D,0
21.27677,83.66074,332.78,0.48,0.48,2026-06-16,713,N20,VIIRS,n,2,295.55,2.3,D,0
21.2865,83.75803,330.64,0.48,0.48,2026-06-16,713,N20,VIIRS,n,2,295.4,2.91,D,0
21.28798,82.50954,334.51,0.57,0.52,2026-06-16,713,N20,VIIRS,n,2,299.47,2.11,D,0
21.28984,83.7028,330.19,0.48,0.48,2026-06-16,713,N20,VIIRS,n,2,295.54,1.7,D,0
21.30805,83.56503,332.13,0.49,0.49,2026-06-16,713,N20,VIIRS,n,2,297.79,2.73,D,0
21.31321,83.87317,330.96,0.47,0.48,2026-06-16,713,N20,VIIRS,n,2,295.68,2.7,D,0
21.33269,83.57388,333.32,0.49,0.48,2026-06-16,713,N20,VIIRS,n,2,297.92,2.89,D,0
21.34417,83.58575,331.25,0.49,0.48,2026-06-16,713,N20,VIIRS,n,2,295.78,2.69,D,0
21.50164,84.03963,330.81,0.45,0.47,2026-06-16,713,N20,VIIRS,n,2,295.99,4.44,D,0
21.51481,85.03001,330.24,0.4,0.44,2026-06-16,713,N20,VIIRS,n,2,298.91,2.88,D,0
21.54658,84.04317,335.18,0.45,0.47,2026-06-16,713,N20,VIIRS,n,2,296.54,3.69,D,0
21.67716,84.03859,334.32,0.45,0.47,2026-06-16,713,N20,VIIRS,n,2,298.42,2.59,D,2
21.72128,83.74665,339.81,0.47,0.48,2026-06-16,713,N20,VIIRS,n,2,301.02,3.48,D,0
21.72214,83.75113,332.39,0.47,0.48,2026-06-16,713,N20,VIIRS,n,2,299.62,3.78,D,0
21.7401,83.84414,337.89,0.46,0.47,2026-06-16,713,N20,VIIRS,n,2,298.19,9.03,D,2
21.75375,83.8455,337.22,0.46,0.47,2026-06-16,713,N20,VIIRS,n,2,297.73,6.05,D,0
21.7555,83.84239,337.01,0.46,0.47,2026-06-16,713,N20,VIIRS,n,2,297.82,4.27,D,2
21.8,83.88714,337.42,0.46,0.47,2026-06-16,713,N20,VIIRS,n,2,300.51,5.69,D,0
22.21144,84.84222,344.14,0.39,0.44,2026-06-16,713,N20,VIIRS,n,2,300.7,5.3,D,2
22.36459,87.30311,341.49,0.44,0.39,2026-06-16,713,N20,VIIRS,l,2,304.03,8.77,D,2
22.37501,87.279,335.88,0.45,0.39,2026-06-16,713,N20,VIIRS,l,2,303.44,5.05,D,2
22.37573,87.28326,332.98,0.44,0.39,2026-06-16,713,N20,VIIRS,l,2,301.92,5.05,D,2
22.87441,86.06417,334.3,0.5,0.41,2026-06-16,713,N20,VIIRS,l,2,306.93,5.68,D,2
23.16379,82.34274,333.22,0.54,0.51,2026-06-16,713,N20,VIIRS,n,2,301.46,6.01,D,2
23.55989,87.0839,331.04,0.44,0.38,2026-06-16,713,N20,VIIRS,l,2,305.48,5.74,D,2
23.56064,87.08469,333.17,0.44,0.38,2026-06-16,713,N20,VIIRS,l,2,305.3,7.57,D,2
23.64717,85.44109,340.17,0.52,0.42,2026-06-16,713,N20,VIIRS,n,2,301.71,7.08,D,2
23.67621,86.39664,336.83,0.47,0.4,2026-06-16,713,N20,VIIRS,l,2,310.31,6.2,D,2
23.67702,86.40116,337.21,0.47,0.4,2026-06-16,713,N20,VIIRS,l,2,309.26,6.2,D,2
23.68341,86.39519,340.42,0.47,0.4,2026-06-16,713,N20,VIIRS,l,2,307.67,9.87,D,2
23.73525,86.43602,343.49,0.47,0.39,2026-06-16,713,N20,VIIRS,l,2,306.72,6.28,D,2
23.73883,86.43528,335.02,0.47,0.39,2026-06-16,713,N20,VIIRS,l,2,305.29,6.28,D,2
23.75081,86.41882,335.08,0.47,0.39,2026-06-16,713,N20,VIIRS,l,2,301.81,4.36,D,2
23.75692,85.85539,333.76,0.5,0.41,2026-06-16,713,N20,VIIRS,l,2,307.31,7.37,D,2
23.77231,86.3639,339.78,0.47,0.4,2026-06-16,713,N20,VIIRS,l,2,305.92,8.07,D,2
23.77718,86.3911,348.06,0.47,0.39,2026-06-16,713,N20,VIIRS,n,2,309.04,7.77,D,2
23.77869,86.21107,344.51,0.48,0.4,2026-06-16,713,N20,VIIRS,l,2,309.55,13.08,D,2
23.78077,86.39037,338.38,0.47,0.39,2026-06-16,713,N20,VIIRS,l,2,308.82,7.77,D,2
23.79666,86.35416,337.57,0.47,0.4,2026-06-16,713,N20,VIIRS,l,2,304.94,6.78,D,2
23.80343,86.32923,341.04,0.47,0.4,2026-06-16,713,N20,VIIRS,l,2,310.14,10.91,D,2
23.80423,86.33379,333.27,0.47,0.4,2026-06-16,713,N20,VIIRS,l,2,307.8,5.95,D,2
24.436,83.24449,335.66,0.45,0.47,2026-06-16,714,N20,VIIRS,n,2,302.17,4.61,D,0
25.03395,87.3771,330.29,0.42,0.37,2026-06-16,714,N20,VIIRS,l,2,302,4,D,2
25.03602,87.3893,344.12,0.42,0.37,2026-06-16,714,N20,VIIRS,l,2,302.79,8.06,D,0
25.20983,82.19186,346.05,0.5,0.49,2026-06-16,714,N20,VIIRS,n,2,304.05,13.58,D,0
25.93881,84.98609,331.83,0.51,0.41,2026-06-16,714,N20,VIIRS,n,2,300.02,0.99,D,0
26.68103,82.03278,345.45,0.48,0.48,2026-06-16,714,N20,VIIRS,n,2,298.72,7.42,D,0
26.5821,85.95377,311.2,0.39,0.44,2026-06-16,1940,N20,VIIRS,n,2,294.89,0.76,N,0
22.20582,84.85979,308,0.4,0.44,2026-06-16,1941,N20,VIIRS,n,2,291.22,0.94,N,2
22.20988,84.86038,311.31,0.4,0.44,2026-06-16,1941,N20,VIIRS,n,2,291.69,1.15,N,2
22.21207,84.87638,305.23,0.4,0.44,2026-06-16,1941,N20,VIIRS,n,2,291.76,0.72,N,2
22.21346,84.86482,305.12,0.4,0.44,2026-06-16,1941,N20,VIIRS,n,2,292.03,1.15,N,2
22.21838,84.75503,305.1,0.4,0.44,2026-06-16,1941,N20,VIIRS,n,2,288.55,0.9,N,2
22.33245,87.39861,302.88,0.44,0.39,2026-06-16,1941,N20,VIIRS,n,2,275.2,0.55,N,0
22.36237,87.01869,308,0.46,0.39,2026-06-16,1941,N20,VIIRS,n,2,287.26,1.34,N,2
22.3639,87.30215,304.29,0.45,0.39,2026-06-16,1941,N20,VIIRS,n,2,267.83,0.46,N,2
22.36597,87.01928,313.74,0.46,0.39,2026-06-16,1941,N20,VIIRS,n,2,287.48,1.79,N,2
22.36745,87.30273,295.89,0.45,0.39,2026-06-16,1941,N20,VIIRS,n,2,266.2,0.46,N,2
22.37757,87.28216,306.07,0.45,0.39,2026-06-16,1941,N20,VIIRS,n,2,270.52,1.31,N,2
22.37817,87.27781,308.29,0.45,0.39,2026-06-16,1941,N20,VIIRS,n,2,269.39,1.31,N,2
22.57518,85.89536,316.24,0.53,0.42,2026-06-16,1941,N20,VIIRS,n,2,292.25,5.82,N,2
22.7898,86.19885,335.36,0.51,0.41,2026-06-16,1941,N20,VIIRS,n,2,290.59,4.44,N,2
22.78984,86.20038,320.65,0.51,0.41,2026-06-16,1941,N20,VIIRS,n,2,289.64,2.11,N,2
22.79048,86.19539,311.83,0.51,0.41,2026-06-16,1941,N20,VIIRS,n,2,291.72,5.51,N,2
22.79225,86.20932,304.52,0.51,0.41,2026-06-16,1941,N20,VIIRS,n,2,288.83,1.77,N,2
22.79358,86.19944,305.25,0.51,0.41,2026-06-16,1941,N20,VIIRS,n,2,289.66,4.44,N,3
22.79362,86.20096,304.32,0.51,0.41,2026-06-16,1941,N20,VIIRS,n,2,288.9,2.11,N,3
22.80001,86.08983,313.95,0.52,0.41,2026-06-16,1941,N20,VIIRS,n,2,291.23,3.47,N,2
22.80065,86.08849,313.02,0.52,0.41,2026-06-16,1941,N20,VIIRS,n,2,290.96,3.68,N,2
22.85841,86.05765,306.51,0.52,0.42,2026-06-16,1941,N20,VIIRS,n,2,291.59,4.5,N,2
22.87299,86.06498,311.95,0.52,0.42,2026-06-16,1941,N20,VIIRS,n,2,292.12,5.48,N,0
23.48782,87.36983,309.25,0.46,0.39,2026-06-16,1941,N20,VIIRS,n,2,286.94,1.26,N,2
23.55848,87.24181,321.72,0.46,0.39,2026-06-16,1941,N20,VIIRS,n,2,290.78,3.46,N,2
23.55971,87.23273,322.29,0.46,0.39,2026-06-16,1941,N20,VIIRS,n,2,289.21,2.23,N,2
23.56115,87.08372,313.92,0.47,0.4,2026-06-16,1941,N20,VIIRS,n,2,295.01,2.37,N,2
23.60934,85.67526,304.57,0.56,0.43,2026-06-16,1941,N20,VIIRS,n,2,286.03,1.15,N,0
23.60995,85.67404,305.21,0.56,0.43,2026-06-16,1941,N20,VIIRS,n,2,285.66,0.68,N,0
23.61475,86.79147,311.06,0.49,0.4,2026-06-16,1941,N20,VIIRS,n,2,294.36,2.6,N,2
23.62965,86.29171,306.55,0.52,0.41,2026-06-16,1941,N20,VIIRS,n,2,292.89,1.95,N,2
23.63278,86.29733,306.24,0.52,0.41,2026-06-16,1941,N20,VIIRS,n,2,292.66,2.06,N,2
23.63281,86.29445,308.85,0.52,0.41,2026-06-16,1941,N20,VIIRS,n,2,292.41,2.45,N,2
23.64595,85.43919,324.73,0.38,0.43,2026-06-16,1941,N20,VIIRS,n,2,288.53,1.99,N,2
23.64993,85.4398,314.57,0.38,0.43,2026-06-16,1941,N20,VIIRS,n,2,288.42,1.99,N,2
23.65038,85.43608,313.22,0.38,0.43,2026-06-16,1941,N20,VIIRS,n,2,285.33,1.41,N,2
23.663,87.15775,315.23,0.47,0.4,2026-06-16,1941,N20,VIIRS,n,2,294.91,2.73,N,2
23.66361,87.15315,313.03,0.47,0.4,2026-06-16,1941,N20,VIIRS,n,2,294.69,2.41,N,2
23.67366,86.39787,308.2,0.51,0.41,2026-06-16,1941,N20,VIIRS,n,2,293.81,1.83,N,2
23.67678,86.40345,308.3,0.51,0.41,2026-06-16,1941,N20,VIIRS,n,2,294.03,2.74,N,2
23.67743,86.39849,316.05,0.51,0.41,2026-06-16,1941,N20,VIIRS,n,2,295.67,1.83,N,2
23.67807,86.39348,306.94,0.51,0.41,2026-06-16,1941,N20,VIIRS,n,2,293.13,1.83,N,2
23.68119,86.3991,307.27,0.51,0.41,2026-06-16,1941,N20,VIIRS,n,2,293.58,2.09,N,2
23.68184,86.3941,314.04,0.51,0.41,2026-06-16,1941,N20,VIIRS,n,2,293.25,2.09,N,2
23.68561,86.39471,322.97,0.51,0.41,2026-06-16,1941,N20,VIIRS,n,2,294.53,2.09,N,2
23.68605,87.12392,310.1,0.47,0.4,2026-06-16,1941,N20,VIIRS,n,2,295.74,2.43,N,2
23.68913,87.10095,312.84,0.47,0.4,2026-06-16,1941,N20,VIIRS,n,2,295.63,2.56,N,2
23.69004,86.39025,309.9,0.51,0.41,2026-06-16,1941,N20,VIIRS,n,2,294.63,2.81,N,2
23.6903,87.11991,316.1,0.47,0.4,2026-06-16,1941,N20,VIIRS,n,2,295.02,2.5,N,2
23.69153,87.11073,308.99,0.47,0.4,2026-06-16,1941,N20,VIIRS,n,2,294.78,1.91,N,2
23.69331,87.12512,307.48,0.47,0.4,2026-06-16,1941,N20,VIIRS,n,2,294.88,1.3,N,2
23.69455,87.11591,308.28,0.47,0.4,2026-06-16,1941,N20,VIIRS,n,2,295.2,2.44,N,2
23.69579,87.10671,306.63,0.47,0.4,2026-06-16,1941,N20,VIIRS,n,2,294.93,1.3,N,2
23.69676,85.2886,299.19,0.39,0.44,2026-06-16,1941,N20,VIIRS,n,2,275.23,0.3,N,2
23.69764,87.0929,306.78,0.47,0.4,2026-06-16,1941,N20,VIIRS,n,2,294.38,0.92,N,2
23.70924,86.44926,310.43,0.51,0.41,2026-06-16,1941,N20,VIIRS,n,2,291.15,2.22,N,2
23.71234,86.45485,305.46,0.51,0.41,2026-06-16,1941,N20,VIIRS,n,2,290.49,1.68,N,2
23.713,86.44986,315.7,0.51,0.41,2026-06-16,1941,N20,VIIRS,n,2,290.72,1.68,N,2
23.71563,86.42992,306.1,0.51,0.41,2026-06-16,1941,N20,VIIRS,n,2,291.2,1.67,N,2
23.71808,86.44051,306.29,0.51,0.41,2026-06-16,1941,N20,VIIRS,n,2,291.27,2.44,N,2
23.72071,86.42057,306.65,0.51,0.41,2026-06-16,1941,N20,VIIRS,n,2,291.47,2.48,N,2
23.72184,86.44111,308.39,0.51,0.41,2026-06-16,1941,N20,VIIRS,n,2,292.35,2.1,N,2
23.72261,86.437,307.56,0.51,0.41,2026-06-16,1941,N20,VIIRS,n,2,292.13,3.49,N,2
23.72561,86.4417,309.95,0.51,0.41,2026-06-16,1941,N20,VIIRS,n,2,292.93,2.1,N,2
23.7338,86.43789,308.38,0.51,0.41,2026-06-16,1941,N20,VIIRS,n,2,293.22,2.9,N,2
23.73391,86.43879,309.93,0.51,0.41,2026-06-16,1941,N20,VIIRS,n,2,294.26,2.93,N,2
23.73831,86.4344,334.35,0.51,0.41,2026-06-16,1941,N20,VIIRS,n,2,294.77,6.32,N,2
23.74552,85.50649,305.44,0.57,0.43,2026-06-16,1941,N20,VIIRS,n,2,285.72,0.99,N,2
23.75215,86.41628,322.15,0.51,0.41,2026-06-16,1941,N20,VIIRS,n,2,294,3.83,N,2
23.75471,86.39618,323.78,0.51,0.41,2026-06-16,1941,N20,VIIRS,n,2,293.95,3.68,N,2
23.7572,86.40687,310.4,0.51,0.41,2026-06-16,1941,N20,VIIRS,n,2,293.53,2.1,N,2
23.75785,86.40183,309.66,0.51,0.41,2026-06-16,1941,N20,VIIRS,n,2,293.76,2.1,N,2
23.75816,85.85863,295.54,0.55,0.42,2026-06-16,1941,N20,VIIRS,n,2,268.78,0.71,N,2
23.75849,86.39678,310.33,0.51,0.41,2026-06-16,1941,N20,VIIRS,n,2,293.74,4.19,N,2
23.76162,86.40244,322.55,0.51,0.41,2026-06-16,1941,N20,VIIRS,n,2,294.42,2.1,N,2
23.76475,86.40807,317.69,0.51,0.41,2026-06-16,1941,N20,VIIRS,n,2,294.54,3.34,N,2
23.7654,86.40303,328.14,0.51,0.41,2026-06-16,1941,N20,VIIRS,n,2,294.38,3.34,N,2
23.76668,86.39297,309.58,0.51,0.41,2026-06-16,1941,N20,VIIRS,n,2,295.23,4.79,N,2
23.76917,86.40361,327.36,0.51,0.41,2026-06-16,1941,N20,VIIRS,n,2,294.89,3.34,N,2
23.77211,86.19736,309.4,0.52,0.42,2026-06-16,1941,N20,VIIRS,n,2,292.37,2.79,N,2
23.77432,86.36343,327.8,0.51,0.41,2026-06-16,1941,N20,VIIRS,n,2,294.67,5.98,N,2
23.77552,86.3842,308.65,0.51,0.41,2026-06-16,1941,N20,VIIRS,n,2,293.59,4.47,N,2
23.77845,86.20886,319.69,0.52,0.42,2026-06-16,1941,N20,VIIRS,n,2,293.31,5.19,N,2
23.77865,86.38982,338.28,0.51,0.41,2026-06-16,1941,N20,VIIRS,n,2,296.21,4.47,N,2
23.78059,86.37473,311.8,0.51,0.41,2026-06-16,1941,N20,VIIRS,n,2,294.23,3.09,N,2
23.78226,86.20948,313.08,0.52,0.42,2026-06-16,1941,N20,VIIRS,n,2,291.07,2.46,N,2
23.78243,86.39042,310.96,0.51,0.41,2026-06-16,1941,N20,VIIRS,n,2,294.54,3.01,N,2
23.7884,85.55265,303.31,0.57,0.43,2026-06-16,1941,N20,VIIRS,n,2,284.92,1.24,N,2
23.79454,86.35635,312.03,0.51,0.41,2026-06-16,1941,N20,VIIRS,n,2,293.4,3.1,N,0
23.79519,86.35128,311.92,0.51,0.41,2026-06-16,1941,N20,VIIRS,n,2,293.57,3.47,N,2
23.79898,86.35188,318.72,0.51,0.41,2026-06-16,1941,N20,VIIRS,n,2,294,3.47,N,2
23.80158,86.33176,319.25,0.52,0.41,2026-06-16,1941,N20,VIIRS,n,2,293.91,4.45,N,2
23.80537,86.33234,317.07,0.52,0.41,2026-06-16,1941,N20,VIIRS,n,2,294.27,4.79,N,2
23.82452,84.57329,307.36,0.43,0.46,2026-06-16,1941,N20,VIIRS,n,2,283.89,1.25,N,0
23.82873,84.57391,309.14,0.43,0.46,2026-06-16,1941,N20,VIIRS,n,2,288.06,1.25,N,0
24.11519,86.86133,313.36,0.49,0.4,2026-06-16,1941,N20,VIIRS,n,2,293.93,3.05,N,2
24.14138,82.70865,308.12,0.57,0.52,2026-06-16,1941,N20,VIIRS,n,2,292.44,5.67,N,0
24.14615,82.70928,307.23,0.57,0.52,2026-06-16,1941,N20,VIIRS,n,2,292.05,5.67,N,0
24.16124,82.60753,313.68,0.58,0.52,2026-06-16,1941,N20,VIIRS,n,2,288.63,8.63,N,2
24.16179,82.60201,329.79,0.58,0.52,2026-06-16,1941,N20,VIIRS,n,2,291.3,8.63,N,2
24.1623,82.60285,335.6,0.58,0.52,2026-06-16,1941,N20,VIIRS,n,2,291.36,12.31,N,0
24.55545,87.44701,304.75,0.46,0.39,2026-06-16,1941,N20,VIIRS,n,2,287.21,0.65,N,0
25.03518,87.37528,308.1,0.47,0.4,2026-06-16,1941,N20,VIIRS,n,2,287.89,1.48,N,2
25.03579,87.37064,306.38,0.47,0.4,2026-06-16,1941,N20,VIIRS,n,2,288.33,0.72,N,2
25.03699,87.38985,326.47,0.47,0.4,2026-06-16,1941,N20,VIIRS,n,2,286.33,3.33,N,0
20.28159,86.68256,307.76,0.46,0.39,2026-06-16,1942,N20,VIIRS,n,2,291.99,2.39,N,0
20.95046,86.04898,299.3,0.5,0.41,2026-06-16,1942,N20,VIIRS,n,2,275.06,1.79,N,2
20.95626,85.01113,310.57,0.56,0.43,2026-06-16,1942,N20,VIIRS,n,2,289.45,2.34,N,2
21.67962,84.04113,307.33,0.44,0.46,2026-06-16,1942,N20,VIIRS,n,2,290.99,1.82,N,2
21.68012,84.03687,312.36,0.44,0.46,2026-06-16,1942,N20,VIIRS,n,2,289.97,1.82,N,2
21.73816,83.83985,308.29,0.45,0.47,2026-06-16,1942,N20,VIIRS,n,2,291.36,2.69,N,0
21.74194,83.84474,323.7,0.45,0.47,2026-06-16,1942,N20,VIIRS,n,2,292.67,3.58,N,2
21.74777,83.97728,306.49,0.44,0.46,2026-06-16,1942,N20,VIIRS,n,2,291.91,1.49,N,0
21.75107,83.84153,307.46,0.45,0.47,2026-06-16,1942,N20,VIIRS,n,2,291.55,1.92,N,2
21.75481,84.02599,309.43,0.44,0.46,2026-06-16,1942,N20,VIIRS,n,2,291.96,2.69,N,2
21.75537,83.84208,321.56,0.45,0.47,2026-06-16,1942,N20,VIIRS,n,2,291.94,3.01,N,2
21.75797,83.8204,309.44,0.45,0.47,2026-06-16,1942,N20,VIIRS,n,2,292.08,1.57,N,0
21.76436,84.01864,310.07,0.44,0.46,2026-06-16,1942,N20,VIIRS,n,2,292.59,2.5,N,2
21.7682,84.01791,316.75,0.44,0.46,2026-06-16,1942,N20,VIIRS,n,2,292.46,2.91,N,2
21.76861,84.01923,312.87,0.44,0.46,2026-06-16,1942,N20,VIIRS,n,2,292.33,1.52,N,2
21.77196,84.02277,306.71,0.44,0.46,2026-06-16,1942,N20,VIIRS,n,2,291.71,0.99,N,2
21.77286,84.01981,306.91,0.44,0.46,2026-06-16,1942,N20,VIIRS,n,2,291.54,1.52,N,2
21.7774,83.84067,307.19,0.45,0.47,2026-06-16,1942,N20,VIIRS,n,2,291.92,1.66,N,2
21.77845,83.83203,309.36,0.45,0.47,2026-06-16,1942,N20,VIIRS,n,2,291.97,2.84,N,2
21.80078,83.88684,321.74,0.45,0.47,2026-06-16,1942,N20,VIIRS,n,2,293.6,4.06,N,0
21.84139,83.98471,306.31,0.44,0.46,2026-06-16,1942,N20,VIIRS,n,2,292.75,1.48,N,0
21.87685,83.49732,306.89,0.48,0.48,2026-06-16,1942,N20,VIIRS,n,2,288.92,1.51,N,2
21.87923,83.5537,309.2,0.47,0.48,2026-06-16,1942,N20,VIIRS,n,2,290,2.04,N,2
21.92071,83.35188,318.84,0.49,0.48,2026-06-16,1942,N20,VIIRS,n,2,292.77,5.83,N,2
21.9565,83.80884,306.58,0.46,0.47,2026-06-16,1942,N20,VIIRS,n,2,292.49,1.11,N,0
21.98697,83.2321,308,0.5,0.49,2026-06-16,1942,N20,VIIRS,n,2,291.77,2.64,N,2
22.01585,83.75405,310.38,0.46,0.47,2026-06-16,1942,N20,VIIRS,n,2,292.23,2.34,N,0
22.01719,83.75598,310.49,0.46,0.47,2026-06-16,1942,N20,VIIRS,n,2,292.11,2.04,N,0
22.03174,83.74445,305.54,0.46,0.47,2026-06-16,1942,N20,VIIRS,n,2,291.27,1.71,N,2
22.03697,83.3509,308.47,0.49,0.48,2026-06-16,1942,N20,VIIRS,n,2,290.62,4.44,N,2
22.03763,83.7316,311.41,0.46,0.47,2026-06-16,1942,N20,VIIRS,n,2,291.3,2.05,N,2
22.04146,83.73663,308.07,0.46,0.47,2026-06-16,1942,N20,VIIRS,n,2,292.46,4,N,2
22.04198,83.73215,311.65,0.46,0.47,2026-06-16,1942,N20,VIIRS,n,2,292.09,2.05,N,2
22.06738,83.70374,305.9,0.46,0.47,2026-06-16,1942,N20,VIIRS,n,2,290.51,1.89,N,2
22.20349,84.57726,303.87,0.41,0.45,2026-06-16,1942,N20,VIIRS,n,2,288.22,0.81,N,2
22.21875,84.75621,306.72,0.4,0.44,2026-06-16,1942,N20,VIIRS,n,2,288.43,1.29,N,2
22.32115,82.56821,305.97,0.55,0.51,2026-06-16,1942,N20,VIIRS,n,2,287.87,3.13,N,2
22.32351,82.54668,318.83,0.55,0.51,2026-06-16,1942,N20,VIIRS,n,2,287.14,4.62,N,0
22.33113,82.60737,313.11,0.55,0.51,2026-06-16,1942,N20,VIIRS,n,2,288.07,3.09,N,2
20.9597,86.0064,340.86,0.35,0.57,2026-06-17,654,N20,VIIRS,n,2,290.25,6.64,D,0
20.96283,86.00588,350.82,0.35,0.57,2026-06-17,654,N20,VIIRS,n,2,290.35,4.19,D,2
20.96351,86.00914,334.25,0.35,0.57,2026-06-17,654,N20,VIIRS,n,2,290.15,4.19,D,2
21.04304,83.79581,332.2,0.48,0.65,2026-06-17,654,N20,VIIRS,n,2,292.5,4.57,D,0
21.42255,83.68713,331.24,0.48,0.65,2026-06-17,654,N20,VIIRS,n,2,293.02,4.61,D,0
23.64787,85.44051,337.43,0.33,0.56,2026-06-17,655,N20,VIIRS,n,2,295.47,3.74,D,2
23.67729,86.08913,330.21,0.61,0.53,2026-06-17,655,N20,VIIRS,n,2,298.43,8.23,D,2
23.73574,86.43739,334.15,0.58,0.52,2026-06-17,655,N20,VIIRS,n,2,298.64,8.78,D,2
23.75229,86.3984,330.46,0.58,0.52,2026-06-17,655,N20,VIIRS,n,2,297.46,6.14,D,2
23.76405,86.40738,335.42,0.58,0.52,2026-06-17,655,N20,VIIRS,n,2,296.55,5.74,D,2
23.77595,86.39069,334.58,0.58,0.52,2026-06-17,655,N20,VIIRS,n,2,297.3,6.84,D,2
23.79707,86.35033,331.72,0.58,0.52,2026-06-17,655,N20,VIIRS,n,2,298.45,7.34,D,2
23.80298,86.33139,334.79,0.58,0.52,2026-06-17,655,N20,VIIRS,n,2,299.83,6.36,D,2
24.29016,82.27229,333.55,0.51,0.66,2026-06-17,655,N20,VIIRS,n,2,293.19,1.67,D,0
24.29203,82.27023,332.77,0.51,0.66,2026-06-17,655,N20,VIIRS,n,2,292.89,3.65,D,0
24.49636,82.96677,331.68,0.46,0.63,2026-06-17,655,N20,VIIRS,n,2,295.67,2.36,D,0
25.03744,87.39002,333.17,0.47,0.48,2026-06-17,655,N20,VIIRS,n,2,295.39,6.06,D,0
21.04283,83.79493,330.97,0.69,0.74,2026-06-17,834,N20,VIIRS,n,2,290.99,6.05,D,0
21.77633,83.83226,330.09,0.7,0.75,2026-06-17,835,N20,VIIRS,n,2,292.18,7.3,D,2
22.36414,87.01643,309.9,0.58,0.52,2026-06-17,1922,N20,VIIRS,n,2,292.36,3.35,N,2
22.36739,87.30139,315.33,0.55,0.51,2026-06-17,1922,N20,VIIRS,n,2,293.1,6.21,N,2
22.36894,87.01709,309.45,0.58,0.52,2026-06-17,1922,N20,VIIRS,n,2,292.45,3.35,N,2
22.3792,87.28102,321.46,0.56,0.51,2026-06-17,1922,N20,VIIRS,n,2,293.66,8.23,N,2
22.57407,85.8923,304.76,0.34,0.56,2026-06-17,1922,N20,VIIRS,n,2,277,1.8,N,2
22.80389,86.09008,306.4,0.34,0.56,2026-06-17,1922,N20,VIIRS,n,2,285.69,1.62,N,2
22.8562,86.05614,301.55,0.34,0.56,2026-06-17,1922,N20,VIIRS,n,2,277.08,0.75,N,2
22.85929,86.05675,301.67,0.34,0.56,2026-06-17,1922,N20,VIIRS,n,2,276.72,0.71,N,2
22.87648,86.06192,302.18,0.34,0.56,2026-06-17,1922,N20,VIIRS,n,2,274.43,0.76,N,2
23.48691,87.36398,309.88,0.57,0.52,2026-06-17,1922,N20,VIIRS,n,2,278.55,1.97,N,2
23.48731,87.36585,307.57,0.57,0.52,2026-06-17,1922,N20,VIIRS,n,2,278.59,2.37,N,2
23.5534,87.24332,309.94,0.58,0.52,2026-06-17,1922,N20,VIIRS,n,2,274.55,2.97,N,3
23.60935,85.67487,300.44,0.36,0.58,2026-06-17,1922,N20,VIIRS,n,2,276.62,0.7,N,0
23.64809,85.43874,317.49,0.38,0.59,2026-06-17,1922,N20,VIIRS,n,2,279.22,1.48,N,2
23.64844,85.43506,303.71,0.38,0.59,2026-06-17,1922,N20,VIIRS,n,2,280.38,1.48,N,2
23.67929,86.1056,301.12,0.34,0.56,2026-06-17,1922,N20,VIIRS,n,2,270.44,0.29,N,2
23.68128,86.0853,308.94,0.34,0.56,2026-06-17,1922,N20,VIIRS,n,2,270.56,1,N,2
23.78037,86.21075,302.01,0.34,0.56,2026-06-17,1922,N20,VIIRS,n,2,268.58,1.08,N,2
24.15975,82.60355,301.67,0.58,0.7,2026-06-17,1922,N20,VIIRS,n,2,273.5,1.96,N,2
24.20513,82.7093,302.76,0.57,0.69,2026-06-17,1922,N20,VIIRS,n,2,276.87,1.69,N,2
20.79319,85.25368,323.69,0.36,0.57,2026-06-17,1923,N20,VIIRS,n,2,288.66,2.65,N,2
20.80794,85.25824,305.78,0.36,0.57,2026-06-17,1923,N20,VIIRS,n,2,288.77,0.89,N,2
20.96157,86.00459,301.12,0.32,0.55,2026-06-17,1923,N20,VIIRS,n,2,284.59,1.27,N,2
20.96404,85.18927,316.93,0.37,0.58,2026-06-17,1923,N20,VIIRS,n,2,287.38,1.6,N,2
20.96439,85.18581,306.46,0.37,0.58,2026-06-17,1923,N20,VIIRS,n,2,287.05,1.6,N,2
20.96544,85.17523,317.29,0.37,0.58,2026-06-17,1923,N20,VIIRS,n,2,286,1.63,N,2
20.9658,85.17166,308.89,0.37,0.58,2026-06-17,1923,N20,VIIRS,n,2,285.77,1.63,N,2
20.96598,86.01135,303.39,0.32,0.55,2026-06-17,1923,N20,VIIRS,n,2,286.19,1.43,N,2
20.96615,85.1681,310.76,0.37,0.58,2026-06-17,1923,N20,VIIRS,n,2,285.26,1.84,N,2
20.9663,86.00825,315.02,0.32,0.55,2026-06-17,1923,N20,VIIRS,n,2,287.33,2.77,N,2
20.96651,85.1645,313.68,0.37,0.58,2026-06-17,1923,N20,VIIRS,n,2,286.09,1.84,N,2
20.96662,86.00517,331.03,0.32,0.55,2026-06-17,1923,N20,VIIRS,n,2,287.58,2.77,N,2
20.96694,86.00205,309.33,0.32,0.55,2026-06-17,1923,N20,VIIRS,n,2,287.61,1.08,N,2
20.96757,85.15385,306.24,0.37,0.58,2026-06-17,1923,N20,VIIRS,n,2,285.91,1.55,N,2
20.97007,86.02126,317.95,0.32,0.55,2026-06-17,1923,N20,VIIRS,n,2,288.91,2.59,N,2
20.97042,85.17937,319.96,0.37,0.58,2026-06-17,1923,N20,VIIRS,n,2,287.38,4.39,N,2
20.97077,85.17581,318.85,0.37,0.58,2026-06-17,1923,N20,VIIRS,n,2,287.05,1.63,N,2
20.97103,86.01194,309.12,0.32,0.55,2026-06-17,1923,N20,VIIRS,n,2,289.49,1.43,N,2
20.97113,85.17226,306.98,0.37,0.58,2026-06-17,1923,N20,VIIRS,n,2,286.55,1.63,N,2
20.972,86.00262,306.58,0.32,0.55,2026-06-17,1923,N20,VIIRS,n,2,289.34,1.08,N,2
20.97647,85.17281,307.33,0.37,0.58,2026-06-17,1923,N20,VIIRS,n,2,287.12,1.36,N,2
20.97683,85.16922,304.23,0.37,0.58,2026-06-17,1923,N20,VIIRS,n,2,284.57,1.08,N,2
20.98003,85.13725,315.21,0.37,0.58,2026-06-17,1923,N20,VIIRS,n,2,287.03,1.84,N,2
20.98038,85.13369,306.61,0.37,0.58,2026-06-17,1923,N20,VIIRS,n,2,287.49,2.06,N,2
20.99657,86.01214,307.6,0.32,0.55,2026-06-17,1923,N20,VIIRS,n,2,288.69,0.61,N,2
21.00162,86.01272,307.38,0.32,0.55,2026-06-17,1923,N20,VIIRS,n,2,289.28,0.61,N,2
21.67918,84.03762,305.95,0.44,0.63,2026-06-17,1923,N20,VIIRS,n,2,272.66,1.17,N,2
21.68016,84.03675,301.97,0.44,0.63,2026-06-17,1923,N20,VIIRS,n,2,271.2,1.36,N,2
21.75718,84.02386,301.47,0.44,0.63,2026-06-17,1923,N20,VIIRS,n,2,269.3,1.53,N,2
21.92714,85.2246,305.1,0.37,0.58,2026-06-17,1923,N20,VIIRS,n,2,283.09,2.91,N,2
21.97068,85.31395,304.64,0.37,0.58,2026-06-17,1923,N20,VIIRS,n,2,283.68,0.62,N,2
22.00511,82.66895,302.51,0.55,0.68,2026-06-17,1923,N20,VIIRS,n,2,275.53,1.19,N,2
22.05622,88.1263,308.13,0.49,0.48,2026-06-17,1923,N20,VIIRS,n,2,292.17,3.95,N,2
22.21155,84.87605,307.33,0.4,0.6,2026-06-17,1923,N20,VIIRS,n,2,285.16,1.06,N,2
22.21762,84.75449,302.35,0.4,0.6,2026-06-17,1923,N20,VIIRS,n,2,283.63,1.49,N,2
26.75998,83.19995,305.18,0.49,0.65,2026-06-17,2102,N20,VIIRS,n,2,291.15,1.41,N,2
23.16548,82.34045,314.29,0.53,0.67,2026-06-17,2103,N20,VIIRS,n,2,280.26,1.77,N,2
23.16672,82.33533,312.08,0.53,0.67,2026-06-17,2103,N20,VIIRS,n,2,280.77,1.77,N,2
24.18035,82.64742,304.63,0.52,0.67,2026-06-17,2103,N20,VIIRS,n,2,284.07,1.26,N,0
20.96023,85.18597,331.99,0.41,0.61,2026-06-18,815,N20,VIIRS,n,2,290.25,6.99,D,2
20.96745,86.01406,331.77,0.47,0.64,2026-06-18,815,N20,VIIRS,n,2,279.72,6.43,D,2
20.96842,85.15298,335,0.41,0.61,2026-06-18,815,N20,VIIRS,n,2,290.85,4.6,D,2
20.97034,85.1729,337,0.41,0.61,2026-06-18,815,N20,VIIRS,n,2,290.68,5.24,D,2
20.97072,85.17687,334.21,0.41,0.61,2026-06-18,815,N20,VIIRS,n,2,290.51,5.24,D,2
20.97772,85.13196,333.99,0.41,0.61,2026-06-18,815,N20,VIIRS,n,2,291.11,3.53,D,2
20.97811,85.13599,336.32,0.41,0.61,2026-06-18,815,N20,VIIRS,n,2,290.69,3.53,D,2
20.98901,83.80273,344.66,0.34,0.56,2026-06-18,816,N20,VIIRS,n,2,290.31,2.76,D,0
21.08098,83.78587,334.33,0.34,0.56,2026-06-18,816,N20,VIIRS,n,2,288.75,2.57,D,0
21.08344,83.78654,330.79,0.34,0.56,2026-06-18,816,N20,VIIRS,n,2,288.49,2.32,D,0
21.15501,83.87533,336.95,0.34,0.56,2026-06-18,816,N20,VIIRS,n,2,289.35,2.51,D,0
21.1655,83.77428,331.48,0.34,0.56,2026-06-18,816,N20,VIIRS,n,2,291.83,1.89,D,0
21.17236,83.71587,334.1,0.33,0.56,2026-06-18,816,N20,VIIRS,n,2,291.68,2.71,D,0
21.17478,83.71405,334.55,0.33,0.56,2026-06-18,816,N20,VIIRS,n,2,292.29,1.97,D,0
21.21322,83.81359,338.07,0.34,0.56,2026-06-18,816,N20,VIIRS,n,2,292.1,3.09,D,0
21.29777,83.59368,351.43,0.33,0.55,2026-06-18,816,N20,VIIRS,n,2,291.79,3.97,D,0
21.33354,83.90083,337.41,0.35,0.56,2026-06-18,816,N20,VIIRS,n,2,292.46,3.65,D,0
21.36361,83.93837,333.15,0.35,0.57,2026-06-18,816,N20,VIIRS,n,2,291.14,2.16,D,0
21.37002,83.69334,336.83,0.33,0.56,2026-06-18,816,N20,VIIRS,n,2,292.85,1.51,D,0
21.41991,83.91342,330.97,0.35,0.56,2026-06-18,816,N20,VIIRS,n,2,293.13,2.54,D,0
21.46228,83.91559,330.67,0.35,0.56,2026-06-18,816,N20,VIIRS,n,2,293.82,2.69,D,0
21.48921,84.02624,332.19,0.35,0.57,2026-06-18,816,N20,VIIRS,n,2,293.85,2.74,D,0
21.67657,84.04061,330.93,0.36,0.57,2026-06-18,816,N20,VIIRS,n,2,293.83,1.98,D,2
21.73735,83.8437,344.82,0.35,0.56,2026-06-18,816,N20,VIIRS,n,2,295.96,5.44,D,2
21.74257,83.84324,342.64,0.35,0.56,2026-06-18,816,N20,VIIRS,n,2,297.65,4.61,D,2
21.7429,83.84663,330.14,0.35,0.56,2026-06-18,816,N20,VIIRS,n,2,294.27,2.71,D,0
21.74778,83.84274,345.32,0.35,0.56,2026-06-18,816,N20,VIIRS,n,2,296.39,4.61,D,2
21.74812,83.84615,332.86,0.35,0.56,2026-06-18,816,N20,VIIRS,n,2,295.92,2.71,D,2
21.753,83.84224,351.51,0.35,0.56,2026-06-18,816,N20,VIIRS,n,2,297.01,7.6,D,2
21.75333,83.84565,336.91,0.35,0.56,2026-06-18,816,N20,VIIRS,n,2,295.41,7.54,D,0
21.75475,84.02489,334.03,0.36,0.57,2026-06-18,816,N20,VIIRS,n,2,294.4,3.66,D,2
21.77803,83.8292,330.51,0.35,0.56,2026-06-18,816,N20,VIIRS,n,2,295.27,2.79,D,2
21.77837,83.83263,342.1,0.35,0.56,2026-06-18,816,N20,VIIRS,n,2,295.76,2.79,D,2
21.79908,83.8817,334.66,0.35,0.57,2026-06-18,816,N20,VIIRS,n,2,294.76,5.2,D,0
21.92229,83.35059,333.57,0.32,0.55,2026-06-18,816,N20,VIIRS,n,2,296.4,4.09,D,2
22.03972,83.72887,347.59,0.34,0.56,2026-06-18,816,N20,VIIRS,n,2,296.7,7.67,D,2
22.32294,85.29781,330.38,0.44,0.62,2026-06-18,816,N20,VIIRS,n,2,290.54,2.16,D,0
22.35722,82.30149,338.53,0.56,0.51,2026-06-18,816,N20,VIIRS,n,2,292.98,7.6,D,2
24.52295,84.15826,336.28,0.39,0.59,2026-06-18,816,N20,VIIRS,n,2,294.85,5.89,D,0
25.03599,87.38963,312.09,0.59,0.7,2026-06-18,1903,N20,VIIRS,n,2,285.14,3.01,N,0
25.03541,87.38674,316.89,0.5,0.66,2026-06-18,2043,N20,VIIRS,n,2,285.07,2.58,N,0
25.03834,87.3867,313.49,0.5,0.66,2026-06-18,2043,N20,VIIRS,n,2,284.64,2.11,N,0
20.93349,83.79575,330.97,0.51,0.41,2026-06-19,757,N20,VIIRS,n,2,298.43,1.58,D,0
20.99377,83.99585,337.29,0.53,0.42,2026-06-19,757,N20,VIIRS,n,2,295.74,5.96,D,0
21.07305,83.77266,335.99,0.51,0.41,2026-06-19,757,N20,VIIRS,n,2,297.29,5.73,D,0
21.27773,83.77757,330.23,0.52,0.41,2026-06-19,757,N20,VIIRS,n,2,292.92,2.94,D,0
21.27962,83.82312,331.53,0.52,0.42,2026-06-19,757,N20,VIIRS,n,2,296.68,3.9,D,0
21.28064,83.4146,333.68,0.5,0.41,2026-06-19,757,N20,VIIRS,n,2,297.11,1.84,D,0
21.29183,83.42988,330.15,0.5,0.41,2026-06-19,757,N20,VIIRS,n,2,296.87,1.19,D,0
21.40231,83.63627,330.91,0.51,0.41,2026-06-19,757,N20,VIIRS,n,2,296,6.13,D,0
21.44529,83.02703,332.9,0.48,0.4,2026-06-19,757,N20,VIIRS,n,2,297.05,3.6,D,0
23.16534,82.34138,333.66,0.46,0.39,2026-06-19,757,N20,VIIRS,n,2,285.51,4.75,D,2
23.85826,82.62852,335.28,0.48,0.4,2026-06-19,757,N20,VIIRS,n,2,300.85,6.74,D,0
24.15187,82.5995,334.53,0.49,0.4,2026-06-19,758,N20,VIIRS,n,2,301.06,3.96,D,0
24.82449,83.82587,342.74,0.57,0.43,2026-06-19,758,N20,VIIRS,n,2,302.07,10.07,D,0
25.353,83.75053,341.18,0.38,0.43,2026-06-19,758,N20,VIIRS,n,2,302.84,4.88,D,0
25.98496,85.14783,330.31,0.47,0.48,2026-06-19,758,N20,VIIRS,n,2,296.77,1.03,D,0
25.99335,84.32912,331.11,0.42,0.45,2026-06-19,758,N20,VIIRS,n,2,300.25,3.18,D,0
26.10552,83.47276,336.09,0.57,0.43,2026-06-19,758,N20,VIIRS,n,2,305.12,2.77,D,0
26.69923,82.06182,335.31,0.49,0.4,2026-06-19,758,N20,VIIRS,n,2,304.73,4.29,D,0
26.76105,83.1993,300.07,0.43,0.38,2026-06-19,2024,N20,VIIRS,n,2,269.72,0.47,N,2
22.05199,88.1257,310.39,0.32,0.55,2026-06-19,2025,N20,VIIRS,n,2,288.42,1.49,N,2
22.05265,88.12261,309.03,0.32,0.55,2026-06-19,2025,N20,VIIRS,n,2,288.18,1.49,N,2
22.05759,88.12384,307.24,0.32,0.55,2026-06-19,2025,N20,VIIRS,n,2,288.96,1.49,N,2
22.36376,87.30289,308.13,0.57,0.52,2026-06-19,2025,N20,VIIRS,n,2,284.58,3.27,N,2
22.36389,87.01991,305.41,0.54,0.51,2026-06-19,2025,N20,VIIRS,n,2,279.97,1.61,N,2
22.36518,87.30338,305.71,0.57,0.52,2026-06-19,2025,N20,VIIRS,n,2,284.66,2.07,N,2
22.37554,87.27768,301.01,0.56,0.52,2026-06-19,2025,N20,VIIRS,n,2,279.91,0.85,N,2
22.3802,87.27881,310.49,0.56,0.52,2026-06-19,2025,N20,VIIRS,n,2,280.14,1.93,N,2
22.57611,85.89072,304.47,0.46,0.47,2026-06-19,2025,N20,VIIRS,n,2,283.61,1.11,N,2
22.78592,86.2056,312.24,0.48,0.48,2026-06-19,2025,N20,VIIRS,n,2,288.8,2.47,N,2
22.78682,86.2011,306.25,0.47,0.48,2026-06-19,2025,N20,VIIRS,n,2,288.95,2.47,N,2
22.78771,86.19661,304.6,0.47,0.48,2026-06-19,2025,N20,VIIRS,n,2,288.32,1.68,N,2
22.79203,86.19763,323.37,0.47,0.48,2026-06-19,2025,N20,VIIRS,n,2,289.22,1.68,N,3
22.79972,86.09119,309.31,0.47,0.48,2026-06-19,2025,N20,VIIRS,n,2,286.01,0.7,N,2
22.80402,86.0922,297.48,0.47,0.48,2026-06-19,2025,N20,VIIRS,n,2,279.95,0.7,N,2
22.80921,86.08868,299.69,0.47,0.48,2026-06-19,2025,N20,VIIRS,n,2,281.58,0.72,N,2
22.8101,86.08418,302.48,0.47,0.47,2026-06-19,2025,N20,VIIRS,n,2,284.62,0.72,N,2
22.85784,86.05625,302.29,0.46,0.47,2026-06-19,2025,N20,VIIRS,n,2,282.37,0.76,N,2
22.87405,86.06474,304.79,0.46,0.47,2026-06-19,2025,N20,VIIRS,n,2,281.13,1.29,N,0
23.28598,87.86863,309,0.59,0.53,2026-06-19,2025,N20,VIIRS,n,2,288.26,0.92,N,0
23.55891,87.22876,308.21,0.53,0.5,2026-06-19,2025,N20,VIIRS,n,2,271.37,1.17,N,2
23.56136,87.23999,308.23,0.53,0.5,2026-06-19,2025,N20,VIIRS,n,2,270.75,1.58,N,2
23.67433,86.39715,301.54,0.47,0.48,2026-06-19,2025,N20,VIIRS,n,2,272.33,1.95,N,2
23.67865,86.3981,303.95,0.47,0.48,2026-06-19,2025,N20,VIIRS,n,2,271.06,1.07,N,2
23.67957,86.3936,297.84,0.47,0.48,2026-06-19,2025,N20,VIIRS,n,2,269.92,1.07,N,2
23.68388,86.39458,307.53,0.47,0.48,2026-06-19,2025,N20,VIIRS,n,2,270.05,1.07,N,2
23.68478,86.39017,300.07,0.47,0.48,2026-06-19,2025,N20,VIIRS,n,2,269.18,1.08,N,2
23.71347,86.44891,302.88,0.47,0.48,2026-06-19,2025,N20,VIIRS,n,2,273.28,2.03,N,2
23.73601,86.4337,304.33,0.47,0.48,2026-06-19,2025,N20,VIIRS,n,2,268.17,0.94,N,2
23.73866,86.43589,306.69,0.47,0.48,2026-06-19,2025,N20,VIIRS,n,2,268.66,1.62,N,2
23.74032,86.4347,298.87,0.47,0.48,2026-06-19,2025,N20,VIIRS,n,2,269.51,0.94,N,2
23.76068,86.40168,300.92,0.47,0.48,2026-06-19,2025,N20,VIIRS,n,2,273.33,1,N,2
23.76498,86.40269,301.09,0.47,0.48,2026-06-19,2025,N20,VIIRS,n,2,274.12,1,N,2
23.77327,86.3624,305.25,0.47,0.47,2026-06-19,2025,N20,VIIRS,n,2,274.44,1.31,N,2
23.78064,86.3922,300.7,0.47,0.48,2026-06-19,2025,N20,VIIRS,n,2,273.14,1.44,N,2
23.78639,86.34216,298.05,0.46,0.47,2026-06-19,2025,N20,VIIRS,n,2,270.64,1.43,N,2
23.79742,86.35406,305.91,0.46,0.47,2026-06-19,2025,N20,VIIRS,n,2,272.09,1.35,N,2
24.15281,82.59983,301.1,0.44,0.38,2026-06-19,2025,N20,VIIRS,n,2,281.14,1.46,N,0
24.16313,82.56236,305.06,0.44,0.38,2026-06-19,2025,N20,VIIRS,n,2,283.61,1.75,N,2
25.03679,87.39012,296.62,0.51,0.49,2026-06-19,2025,N20,VIIRS,n,2,266.97,1.06,N,0
21.73439,83.82145,307.37,0.54,0.42,2026-06-19,2026,N20,VIIRS,n,2,288.06,3.58,N,0
21.73815,83.84357,331.39,0.54,0.42,2026-06-19,2026,N20,VIIRS,n,2,290.49,5.49,N,2
21.74197,83.84442,330.34,0.54,0.42,2026-06-19,2026,N20,VIIRS,n,2,291.37,5.49,N,2
21.7458,83.84527,314.66,0.54,0.42,2026-06-19,2026,N20,VIIRS,n,2,290.36,3.03,N,2
21.74962,83.84612,311.33,0.54,0.42,2026-06-19,2026,N20,VIIRS,n,2,290.49,3.03,N,0
21.7506,83.84095,318.45,0.54,0.42,2026-06-19,2026,N20,VIIRS,n,2,290.34,6.25,N,2
21.75442,83.8418,339.28,0.54,0.42,2026-06-19,2026,N20,VIIRS,n,2,291.08,5.36,N,2
21.75825,83.84264,307.45,0.54,0.42,2026-06-19,2026,N20,VIIRS,n,2,289.76,5.36,N,2
21.76493,83.84945,307.02,0.54,0.42,2026-06-19,2026,N20,VIIRS,n,2,289.73,4.5,N,0
21.7803,83.83128,331.6,0.54,0.42,2026-06-19,2026,N20,VIIRS,n,2,291.76,5.18,N,2
21.78412,83.83209,308.78,0.54,0.42,2026-06-19,2026,N20,VIIRS,n,2,290.7,5.18,N,2
21.79845,83.88339,318,0.54,0.42,2026-06-19,2026,N20,VIIRS,n,2,290.93,6.47,N,0
21.80133,83.88935,316.52,0.54,0.42,2026-06-19,2026,N20,VIIRS,n,2,291.04,5.44,N,0
21.80229,83.8842,309.12,0.54,0.42,2026-06-19,2026,N20,VIIRS,n,2,290.77,6.41,N,2
21.66394,83.84846,341.06,0.38,0.36,2026-06-20,738,N20,VIIRS,n,2,300.48,3.28,D,0
21.67473,83.80869,339.04,0.38,0.36,2026-06-20,738,N20,VIIRS,l,2,300.64,6.13,D,0
21.68552,83.87872,331.44,0.38,0.36,2026-06-20,738,N20,VIIRS,n,2,297.44,3.15,D,0
21.74131,83.84185,334.99,0.38,0.36,2026-06-20,738,N20,VIIRS,n,2,301.32,8.67,D,2
21.74188,83.84554,338.3,0.38,0.36,2026-06-20,738,N20,VIIRS,n,2,300.64,3.86,D,0
21.74846,83.84438,343.92,0.38,0.36,2026-06-20,738,N20,VIIRS,n,2,302.32,5.47,D,2
21.74851,83.97684,339.38,0.38,0.36,2026-06-20,738,N20,VIIRS,n,2,302.23,8.06,D,0
21.75505,83.84322,342.67,0.38,0.36,2026-06-20,738,N20,VIIRS,n,2,301.65,9.11,D,2
21.75857,84.0205,335.2,0.38,0.36,2026-06-20,738,N20,VIIRS,n,2,299.93,5.38,D,2
21.78027,83.83119,338.37,0.38,0.36,2026-06-20,738,N20,VIIRS,n,2,301.35,3.95,D,2
21.78083,83.83488,338.96,0.38,0.36,2026-06-20,738,N20,VIIRS,n,2,302.63,3.95,D,2
21.79809,83.88103,338.14,0.38,0.36,2026-06-20,738,N20,VIIRS,n,2,302.16,6.14,D,0
21.79922,83.88841,343.04,0.38,0.36,2026-06-20,738,N20,VIIRS,n,2,303.46,3.18,D,0
21.80251,83.88783,335.82,0.38,0.36,2026-06-20,738,N20,VIIRS,n,2,303,3.18,D,2
22.0529,88.12582,333.94,0.5,0.41,2026-06-20,738,N20,VIIRS,n,2,294.89,2.38,D,2
22.36177,87.01715,331.15,0.45,0.39,2026-06-20,738,N20,VIIRS,n,2,298.14,4.55,D,2
22.36299,87.30137,330.9,0.46,0.39,2026-06-20,738,N20,VIIRS,n,2,299.19,5.48,D,2
22.3666,87.30082,332.88,0.46,0.39,2026-06-20,738,N20,VIIRS,n,2,300.82,5.04,D,2
22.37866,87.2807,338.52,0.46,0.39,2026-06-20,738,N20,VIIRS,n,2,299.3,7.15,D,2
23.5633,87.0836,331.03,0.47,0.39,2026-06-20,738,N20,VIIRS,n,2,299.71,5.48,D,2
23.6736,86.39886,333.54,0.44,0.38,2026-06-20,738,N20,VIIRS,n,2,301.26,4.4,D,2
23.6771,86.39828,332.49,0.44,0.38,2026-06-20,738,N20,VIIRS,n,2,299.82,4.4,D,2
23.68355,86.39288,331.9,0.44,0.38,2026-06-20,738,N20,VIIRS,n,2,298.14,4.63,D,2
23.68412,86.39714,332.79,0.44,0.38,2026-06-20,738,N20,VIIRS,n,2,296.69,4.63,D,2
23.68706,86.39233,334.48,0.44,0.38,2026-06-20,738,N20,VIIRS,n,2,298.95,5.71,D,2
23.6874,87.12196,330.97,0.47,0.4,2026-06-20,738,N20,VIIRS,n,2,298.54,4.72,D,2
23.71277,86.44946,332.31,0.44,0.38,2026-06-20,738,N20,VIIRS,n,2,297.94,3.87,D,2
23.71335,86.45375,332.49,0.44,0.38,2026-06-20,738,N20,VIIRS,n,2,296.99,3.87,D,2
23.62677,85.67694,333.93,0.41,0.37,2026-06-20,739,N20,VIIRS,n,2,297.65,2.16,D,0
23.64605,85.44051,332.84,0.41,0.37,2026-06-20,739,N20,VIIRS,n,2,297.33,3.38,D,2
23.73593,86.43279,341.9,0.44,0.38,2026-06-20,739,N20,VIIRS,n,2,299.06,8.04,D,2
23.73649,86.43708,333.77,0.44,0.38,2026-06-20,739,N20,VIIRS,n,2,299.01,6.33,D,2
23.75561,85.85229,331.57,0.42,0.38,2026-06-20,739,N20,VIIRS,n,2,300.43,5.27,D,2
23.78763,85.55243,331.87,0.41,0.37,2026-06-20,739,N20,VIIRS,n,2,297.52,2.77,D,2
23.8011,86.33063,333.08,0.44,0.38,2026-06-20,739,N20,VIIRS,n,2,298.57,3.71,D,2
23.8046,86.33007,338.58,0.44,0.38,2026-06-20,739,N20,VIIRS,n,2,298.93,3.71,D,2
26.99545,85.17785,330.46,0.42,0.38,2026-06-20,739,N20,VIIRS,n,2,295.28,1.76,D,0
22.75116,88.32214,306.14,0.51,0.41,2026-06-20,2006,N20,VIIRS,n,2,286.77,0.9,N,0
23.55839,87.24792,303.37,0.44,0.38,2026-06-20,2006,N20,VIIRS,n,2,278.1,1.13,N,2
23.55916,87.24364,303.05,0.44,0.38,2026-06-20,2006,N20,VIIRS,n,2,278.52,1.13,N,2
23.55992,87.23939,316.15,0.44,0.38,2026-06-20,2006,N20,VIIRS,n,2,280.03,2.06,N,2
23.5614,87.08321,305.73,0.44,0.38,2026-06-20,2006,N20,VIIRS,n,2,281.43,1.26,N,2
23.64894,85.43777,296.89,0.39,0.36,2026-06-20,2006,N20,VIIRS,n,2,267.78,0.87,N,2
23.66163,87.15488,304.26,0.44,0.38,2026-06-20,2006,N20,VIIRS,n,2,280.88,1.18,N,2
23.66437,87.15982,305.15,0.44,0.38,2026-06-20,2006,N20,VIIRS,n,2,281.07,0.84,N,2
23.66511,87.15561,307.25,0.44,0.38,2026-06-20,2006,N20,VIIRS,n,2,281.95,1.08,N,2
23.68254,86.09307,302.84,0.4,0.37,2026-06-20,2006,N20,VIIRS,n,2,274.79,1.48,N,2
23.68653,87.12315,311.01,0.44,0.38,2026-06-20,2006,N20,VIIRS,n,2,284.42,2.68,N,2
23.69104,87.09788,303.09,0.43,0.38,2026-06-20,2006,N20,VIIRS,n,2,282.66,0.99,N,2
23.69226,87.11121,304.41,0.43,0.38,2026-06-20,2006,N20,VIIRS,n,2,283.56,1.2,N,2
23.69526,87.09438,307.3,0.43,0.38,2026-06-20,2006,N20,VIIRS,n,2,282.48,0.99,N,2
23.77346,86.36354,314.72,0.41,0.37,2026-06-20,2006,N20,VIIRS,n,2,282.09,3.11,N,2
23.77414,86.19582,295.47,0.41,0.37,2026-06-20,2006,N20,VIIRS,n,2,274.43,0.5,N,2
23.77887,86.20895,304.3,0.41,0.37,2026-06-20,2006,N20,VIIRS,n,2,270.97,0.74,N,2
23.77887,86.37285,303.75,0.41,0.37,2026-06-20,2006,N20,VIIRS,n,2,281.87,1.96,N,2
23.77954,86.38944,300.19,0.41,0.37,2026-06-20,2006,N20,VIIRS,n,2,276.02,1.33,N,2
23.78224,86.20962,304.3,0.41,0.37,2026-06-20,2006,N20,VIIRS,n,2,269.09,0.74,N,2
23.78429,86.34107,303.27,0.41,0.37,2026-06-20,2006,N20,VIIRS,n,2,276.87,2.09,N,2
23.79646,86.35172,320.18,0.41,0.37,2026-06-20,2006,N20,VIIRS,n,2,284.64,1.8,N,2
23.79984,86.35239,306.4,0.41,0.37,2026-06-20,2006,N20,VIIRS,n,2,283.42,1.8,N,2
23.80322,86.3325,312.44,0.41,0.37,2026-06-20,2006,N20,VIIRS,n,2,282.56,2.4,N,2
23.80389,86.32853,312.07,0.41,0.37,2026-06-20,2006,N20,VIIRS,n,2,280.73,2.49,N,2
23.81019,84.84671,311.52,0.39,0.36,2026-06-20,2006,N20,VIIRS,n,2,292.89,3,N,2
23.82369,84.57191,313.71,0.38,0.36,2026-06-20,2006,N20,VIIRS,n,2,292.74,2.34,N,0
23.82579,84.58001,309.29,0.38,0.36,2026-06-20,2006,N20,VIIRS,n,2,292.71,2.97,N,0
23.82698,84.57253,314.2,0.38,0.36,2026-06-20,2006,N20,VIIRS,n,2,294.22,2.34,N,0
23.82834,84.92356,305.96,0.39,0.36,2026-06-20,2006,N20,VIIRS,n,2,290.41,1.71,N,0
23.82967,84.57689,312.07,0.38,0.36,2026-06-20,2006,N20,VIIRS,n,2,293.2,3.08,N,0
23.83837,84.94839,309.3,0.39,0.36,2026-06-20,2006,N20,VIIRS,n,2,291.63,2.67,N,2
25.03215,87.37917,302.88,0.43,0.38,2026-06-20,2006,N20,VIIRS,n,2,277.3,0.71,N,2
25.03363,87.3707,309.22,0.43,0.38,2026-06-20,2006,N20,VIIRS,n,2,282.44,1.29,N,2
25.03413,87.38833,300.96,0.43,0.38,2026-06-20,2006,N20,VIIRS,n,2,278.15,0.46,N,0
25.03634,87.37566,303.14,0.43,0.38,2026-06-20,2006,N20,VIIRS,n,2,280.74,0.71,N,2
25.03758,87.38909,302.81,0.43,0.38,2026-06-20,2006,N20,VIIRS,n,2,279.21,0.32,N,0
25.04567,87.34279,305.59,0.43,0.38,2026-06-20,2006,N20,VIIRS,n,2,284.12,1.3,N,0
26.75958,83.20121,311.32,0.41,0.37,2026-06-20,2006,N20,VIIRS,n,2,293.32,2.07,N,2
21.67286,82.08049,312.15,0.41,0.37,2026-06-20,2007,N20,VIIRS,n,2,286.85,1.71,N,2
22.00384,82.67004,301.58,0.39,0.37,2026-06-20,2007,N20,VIIRS,n,2,262.08,0.61,N,2
22.05256,88.12717,318.41,0.51,0.41,2026-06-20,2007,N20,VIIRS,n,2,289.96,3.37,N,2
22.2466,87.38876,317.66,0.46,0.39,2026-06-20,2007,N20,VIIRS,n,2,289.34,3.24,N,2
22.31598,82.53373,300.18,0.4,0.37,2026-06-20,2007,N20,VIIRS,n,2,266.92,0.81,N,2
22.31991,82.66797,308.15,0.4,0.37,2026-06-20,2007,N20,VIIRS,n,2,271.33,0.96,N,0
22.32144,82.56619,305.35,0.4,0.37,2026-06-20,2007,N20,VIIRS,n,2,270.98,1.84,N,2
22.32202,82.56236,304.11,0.4,0.37,2026-06-20,2007,N20,VIIRS,n,2,269.6,1.14,N,2
22.32325,82.66854,303.04,0.4,0.37,2026-06-20,2007,N20,VIIRS,n,2,272.12,0.86,N,0
22.32431,82.547,316.94,0.4,0.37,2026-06-20,2007,N20,VIIRS,n,2,267.69,2.26,N,2
22.3291,82.60681,297.32,0.4,0.37,2026-06-20,2007,N20,VIIRS,n,2,267.03,0.68,N,2
22.32967,82.60297,297.35,0.4,0.37,2026-06-20,2007,N20,VIIRS,n,2,266.18,0.46,N,2
22.33093,82.57172,300.6,0.4,0.37,2026-06-20,2007,N20,VIIRS,n,2,269.54,0.68,N,0
22.33245,82.60739,298.27,0.4,0.37,2026-06-20,2007,N20,VIIRS,n,2,264.35,0.28,N,2
22.35717,82.30273,295.22,0.4,0.37,2026-06-20,2007,N20,VIIRS,n,2,255.48,0.64,N,2
22.36054,82.30331,300.96,0.4,0.37,2026-06-20,2007,N20,VIIRS,n,2,252.65,0.64,N,2
22.36863,87.29818,305.55,0.46,0.39,2026-06-20,2007,N20,VIIRS,n,2,281.11,0.99,N,2
22.37611,87.27702,304.53,0.46,0.39,2026-06-20,2007,N20,VIIRS,n,2,278.88,1.52,N,2
22.37888,87.28214,310.2,0.46,0.39,2026-06-20,2007,N20,VIIRS,n,2,280.57,1.52,N,2
22.37966,87.27776,311.58,0.46,0.39,2026-06-20,2007,N20,VIIRS,n,2,279.1,1.52,N,2
23.16421,82.34145,310.28,0.41,0.37,2026-06-20,2007,N20,VIIRS,n,2,277.8,1.33,N,2
23.16478,82.33751,310.61,0.41,0.37,2026-06-20,2007,N20,VIIRS,n,2,277.81,1.33,N,2
23.16759,82.34206,319.05,0.41,0.37,2026-06-20,2007,N20,VIIRS,n,2,278.4,1.33,N,2
21.24347,83.28898,345.3,0.41,0.45,2026-06-21,719,N20,VIIRS,n,2,298.39,7.98,D,0
21.4946,84.13542,332.96,0.54,0.42,2026-06-21,719,N20,VIIRS,n,2,295.57,2.93,D,0
21.73244,83.82507,337.87,0.56,0.43,2026-06-21,719,N20,VIIRS,n,2,298.13,9.85,D,0
22.03694,83.35187,331.48,0.39,0.44,2026-06-21,719,N20,VIIRS,n,2,298.67,4.6,D,2
22.1778,82.07313,334.5,0.46,0.47,2026-06-21,720,N20,VIIRS,n,2,302.48,3.23,D,0
22.32053,82.56668,345.05,0.43,0.46,2026-06-21,720,N20,VIIRS,n,2,301.23,5.39,D,2
22.3215,82.5493,338.61,0.43,0.46,2026-06-21,720,N20,VIIRS,n,2,299.68,3.34,D,2
22.32565,82.54839,336.01,0.43,0.46,2026-06-21,720,N20,VIIRS,n,2,298.03,3.64,D,2
22.3575,82.3061,336.05,0.45,0.47,2026-06-21,720,N20,VIIRS,n,2,303.79,6.67,D,2
22.45477,83.16039,343.01,0.4,0.44,2026-06-21,720,N20,VIIRS,n,2,300.53,6.49,D,0
23.0135,82.53516,330.12,0.42,0.45,2026-06-21,720,N20,VIIRS,l,2,300.45,3.63,D,0
24.16338,82.56414,337.96,0.4,0.44,2026-06-21,720,N20,VIIRS,n,2,298.52,4.34,D,2
24.20386,82.70958,331.41,0.39,0.44,2026-06-21,720,N20,VIIRS,n,2,298.79,5.27,D,2
20.86449,84.99413,308.3,0.47,0.39,2026-06-21,1948,N20,VIIRS,n,2,283.81,2.79,N,2
20.86511,84.98974,309.28,0.47,0.39,2026-06-21,1948,N20,VIIRS,n,2,283.99,3.29,N,2
21.67484,82.08114,304.39,0.46,0.47,2026-06-21,1948,N20,VIIRS,n,2,271,1.01,N,2
21.73536,83.82291,311.59,0.55,0.42,2026-06-21,1948,N20,VIIRS,n,2,279.06,2.2,N,0
21.74044,83.84513,309.29,0.54,0.42,2026-06-21,1948,N20,VIIRS,n,2,281.34,1.38,N,2
21.74111,83.8399,313.04,0.54,0.42,2026-06-21,1948,N20,VIIRS,n,2,280.64,1.38,N,2
21.74433,83.84567,303.03,0.54,0.42,2026-06-21,1948,N20,VIIRS,n,2,280.29,1.38,N,0
21.74889,83.84101,302.22,0.54,0.42,2026-06-21,1948,N20,VIIRS,n,2,279.04,1.54,N,2
21.75668,83.84212,313.44,0.54,0.42,2026-06-21,1948,N20,VIIRS,n,2,281.25,2.62,N,2
21.78138,83.83511,305.47,0.55,0.42,2026-06-21,1948,N20,VIIRS,n,2,281.79,2.1,N,2
21.80159,82.0389,300.52,0.47,0.47,2026-06-21,1948,N20,VIIRS,n,2,275.28,0.58,N,2
21.91891,83.35114,317.39,0.39,0.44,2026-06-21,1948,N20,VIIRS,n,2,274.83,1.23,N,2
21.92292,83.35175,310.94,0.39,0.44,2026-06-21,1948,N20,VIIRS,n,2,275.04,1.23,N,2
21.9234,83.34798,298.66,0.39,0.44,2026-06-21,1948,N20,VIIRS,n,2,274.7,1.23,N,2
21.92435,83.34045,300.47,0.39,0.44,2026-06-21,1948,N20,VIIRS,n,2,275.1,0.82,N,2
22.03813,83.73211,316.66,0.56,0.43,2026-06-21,1948,N20,VIIRS,n,2,286.39,7.24,N,2
22.06578,83.70322,304.9,0.56,0.43,2026-06-21,1948,N20,VIIRS,n,2,284.53,1.62,N,2
22.09577,83.12601,306.92,0.4,0.44,2026-06-21,1948,N20,VIIRS,n,2,279.84,2.49,N,0
22.09609,83.1272,303.78,0.4,0.44,2026-06-21,1948,N20,VIIRS,n,2,279.45,2.41,N,0
22.16922,83.47742,296.56,0.39,0.44,2026-06-21,1948,N20,VIIRS,n,2,271.63,0.26,N,0
22.32149,82.6672,308.17,0.43,0.46,2026-06-21,1948,N20,VIIRS,n,2,275.27,2.13,N,0
22.32288,82.54724,305.41,0.44,0.46,2026-06-21,1948,N20,VIIRS,n,2,262.97,2.1,N,2
23.77494,86.36468,332.48,0.46,0.47,2026-06-22,701,N20,VIIRS,n,2,292.14,3.48,D,2
23.7967,86.3517,330.83,0.46,0.47,2026-06-22,701,N20,VIIRS,n,2,291.79,4.9,D,2
24.16487,82.56451,330.88,0.39,0.59,2026-06-22,701,N20,VIIRS,n,2,287.71,5.57,D,2
24.69448,82.29984,344.24,0.39,0.6,2026-06-22,701,N20,VIIRS,n,2,295.35,6.17,D,0
26.51925,84.69453,331.53,0.52,0.5,2026-06-22,702,N20,VIIRS,n,2,292.7,1.24,D,0
26.51989,84.69164,333.93,0.51,0.5,2026-06-22,702,N20,VIIRS,n,2,294.53,3.69,D,0
21.87528,83.49568,303.54,0.38,0.59,2026-06-22,1929,N20,VIIRS,n,2,284.77,1.28,N,2
21.87753,83.49612,302.88,0.38,0.59,2026-06-22,1929,N20,VIIRS,n,2,285.68,1.08,N,2
21.92422,83.35049,305.75,0.39,0.59,2026-06-22,1929,N20,VIIRS,n,2,285.4,1.62,N,2
22.03417,83.36632,304.04,0.39,0.59,2026-06-22,1929,N20,VIIRS,n,2,287.92,1.59,N,2
22.04105,83.35207,309.71,0.39,0.59,2026-06-22,1929,N20,VIIRS,n,2,287.68,1.52,N,2
22.3267,82.54887,312.26,0.44,0.63,2026-06-22,1929,N20,VIIRS,n,2,286.66,5.68,N,2
22.57463,85.89645,315.03,0.54,0.51,2026-06-22,1929,N20,VIIRS,n,2,290.03,3.49,N,2
23.55915,87.24346,304.51,0.46,0.47,2026-06-22,1929,N20,VIIRS,n,2,290.55,1.63,N,2
23.55966,87.23897,311.06,0.46,0.47,2026-06-22,1929,N20,VIIRS,n,2,290.31,1.63,N,2
23.5812,86.72536,304.69,0.49,0.49,2026-06-22,1929,N20,VIIRS,n,2,290.19,3.19,N,2
23.66329,87.15481,312.58,0.47,0.47,2026-06-22,1929,N20,VIIRS,n,2,289.12,3.33,N,2
23.66724,84.99992,299.26,0.32,0.54,2026-06-22,1929,N20,VIIRS,n,2,270.15,0.73,N,2
23.68174,86.39546,309.9,0.52,0.5,2026-06-22,1929,N20,VIIRS,n,2,290.51,4.83,N,2
23.68439,87.12515,309.58,0.47,0.48,2026-06-22,1929,N20,VIIRS,n,2,290.71,4.8,N,2
23.68689,86.39091,310.58,0.52,0.5,2026-06-22,1929,N20,VIIRS,n,2,289.95,5.22,N,2
23.68929,87.12115,317.09,0.47,0.48,2026-06-22,1929,N20,VIIRS,n,2,291.5,4.43,N,2
23.6919,87.09823,308.67,0.47,0.48,2026-06-22,1929,N20,VIIRS,n,2,291.41,4.46,N,2
23.69366,87.12178,313.91,0.47,0.48,2026-06-22,1929,N20,VIIRS,n,2,291.39,2.81,N,2
23.69418,87.1172,309,0.47,0.48,2026-06-22,1929,N20,VIIRS,n,2,291.01,2.81,N,2
23.6947,87.11262,309.33,0.47,0.48,2026-06-22,1929,N20,VIIRS,n,2,291.02,2.62,N,2
23.69523,87.10802,310.43,0.47,0.48,2026-06-22,1929,N20,VIIRS,n,2,291.16,2.62,N,2
23.6968,87.09424,306.73,0.47,0.48,2026-06-22,1929,N20,VIIRS,n,2,291.16,3.32,N,2
23.71262,86.4514,313.7,0.52,0.5,2026-06-22,1929,N20,VIIRS,n,2,290.75,3.45,N,2
23.71285,86.45367,307.83,0.52,0.5,2026-06-22,1929,N20,VIIRS,n,2,290.45,1.27,N,2
23.7185,86.44411,306.92,0.52,0.5,2026-06-22,1929,N20,VIIRS,n,2,290.99,2.77,N,2
23.72362,86.43964,308.48,0.52,0.5,2026-06-22,1929,N20,VIIRS,n,2,290.55,2.48,N,2
23.73788,86.43642,318.43,0.52,0.5,2026-06-22,1929,N20,VIIRS,n,2,291.58,4.93,N,2
23.73842,86.43134,316.74,0.52,0.5,2026-06-22,1929,N20,VIIRS,n,2,290.3,4.33,N,2
23.7538,86.418,317.21,0.52,0.5,2026-06-22,1929,N20,VIIRS,n,2,289.74,4.67,N,2
23.75603,86.39741,303.54,0.52,0.5,2026-06-22,1929,N20,VIIRS,n,2,282.76,1.43,N,2
23.76004,86.40326,306.34,0.52,0.5,2026-06-22,1929,N20,VIIRS,n,2,284.58,1.43,N,2
23.76061,86.39807,303.62,0.52,0.5,2026-06-22,1929,N20,VIIRS,n,2,283.35,1.43,N,2
23.76463,86.40389,310.89,0.52,0.5,2026-06-22,1929,N20,VIIRS,n,2,283.08,2.49,N,2
23.76921,86.40449,312.12,0.52,0.5,2026-06-22,1929,N20,VIIRS,n,2,282.67,2.49,N,2
23.78006,86.39046,301.44,0.52,0.5,2026-06-22,1929,N20,VIIRS,n,2,274.88,1.88,N,2
23.78272,87.08444,314.07,0.47,0.48,2026-06-22,1929,N20,VIIRS,n,2,290.37,3.13,N,0
23.82493,84.57462,315.14,0.34,0.56,2026-06-22,1929,N20,VIIRS,n,2,289.36,1.42,N,0
23.82525,84.57122,311.46,0.34,0.56,2026-06-22,1929,N20,VIIRS,n,2,289.45,1.17,N,0
23.83009,84.5753,305.58,0.34,0.56,2026-06-22,1929,N20,VIIRS,n,2,289.42,1.42,N,0
23.83041,84.57191,305.84,0.34,0.56,2026-06-22,1929,N20,VIIRS,n,2,289.6,1.17,N,0
24.16621,82.56631,305.61,0.46,0.64,2026-06-22,1929,N20,VIIRS,n,2,279.74,1.59,N,0
24.1677,82.56489,315.47,0.46,0.64,2026-06-22,1929,N20,VIIRS,n,2,280.27,1.49,N,0
24.16781,82.62135,304.21,0.46,0.63,2026-06-22,1929,N20,VIIRS,n,2,279.36,0.74,N,0
24.16892,82.62004,301.84,0.46,0.63,2026-06-22,1929,N20,VIIRS,n,2,278.48,1.18,N,0
22.31617,82.53181,303.04,0.71,0.75,2026-06-22,2109,N20,VIIRS,n,2,285.78,2.61,N,2
22.3587,82.30466,314.23,0.69,0.74,2026-06-22,2109,N20,VIIRS,n,2,284.67,4.03,N,2
22.36031,82.29823,318.21,0.69,0.74,2026-06-22,2109,N20,VIIRS,n,2,285.52,4.03,N,2
22.3625,82.30114,328.72,0.69,0.74,2026-06-22,2109,N20,VIIRS,n,2,285.89,7.34,N,2
23.167,82.34249,295.03,0.66,0.73,2026-06-22,2109,N20,VIIRS,n,2,268.02,5.95,N,2
24.18201,82.65606,301.84,0.66,0.73,2026-06-22,2109,N20,VIIRS,n,2,280.34,1,N,0
23.64665,85.44186,331.37,0.52,0.67,2026-06-23,642,N20,VIIRS,n,2,291.63,5.45,D,2
23.76657,86.40813,330.75,0.45,0.63,2026-06-23,642,N20,VIIRS,n,2,292.97,3.41,D,2
23.78055,86.39057,331.02,0.45,0.63,2026-06-23,642,N20,VIIRS,n,2,294.58,3.3,D,2
23.79613,86.35374,330.9,0.46,0.63,2026-06-23,642,N20,VIIRS,n,2,293.26,4.31,D,2
20.84155,82.46942,340.1,0.35,0.57,2026-06-23,822,N20,VIIRS,n,2,281.52,3.08,D,0
21.92017,83.35187,333.98,0.41,0.61,2026-06-23,822,N20,VIIRS,n,2,291.22,3.93,D,2
22.03747,83.72635,330.05,0.44,0.62,2026-06-23,822,N20,VIIRS,n,2,291.33,5.15,D,2
22.03785,83.73064,332.25,0.44,0.62,2026-06-23,822,N20,VIIRS,n,2,291.46,7.23,D,2
22.35552,82.30316,333.18,0.36,0.57,2026-06-23,822,N20,VIIRS,n,2,293.52,4.07,D,2
22.36078,82.30254,345.45,0.36,0.57,2026-06-23,822,N20,VIIRS,n,2,290.81,3.16,D,2
26.07921,84.47947,330.27,0.54,0.68,2026-06-23,823,N20,VIIRS,n,2,295.58,2.24,D,0
26.27378,84.44137,330.01,0.54,0.68,2026-06-23,824,N20,VIIRS,n,2,293.87,2.9,D,0
26.73366,82.01668,346.23,0.38,0.59,2026-06-23,824,N20,VIIRS,n,2,299,5.52,D,0
23.68106,86.39035,298.67,0.52,0.67,2026-06-23,1910,N20,VIIRS,n,2,276.49,0.96,N,2
23.68141,86.39754,298.63,0.52,0.67,2026-06-23,1910,N20,VIIRS,n,2,277.19,0.72,N,2
23.68185,86.39227,299.78,0.52,0.67,2026-06-23,1910,N20,VIIRS,n,2,276.91,0.72,N,2
23.68802,86.39297,297.09,0.52,0.67,2026-06-23,1910,N20,VIIRS,n,2,277.01,0.72,N,2
23.73996,86.43365,302.76,0.52,0.67,2026-06-23,1910,N20,VIIRS,n,2,274.81,1.36,N,2
23.75315,86.41663,301.53,0.52,0.67,2026-06-23,1910,N20,VIIRS,n,2,274.23,0.7,N,2
23.76049,86.4016,297.24,0.52,0.67,2026-06-23,1910,N20,VIIRS,n,2,273.99,0.69,N,2
23.76139,86.39934,297.96,0.52,0.67,2026-06-23,1910,N20,VIIRS,n,2,273.89,2.13,N,2
23.76628,86.40762,299.9,0.52,0.67,2026-06-23,1910,N20,VIIRS,n,2,273.57,1.04,N,2
23.76667,86.40227,303.7,0.52,0.67,2026-06-23,1910,N20,VIIRS,n,2,273.51,1.04,N,2
23.76715,86.4053,310.34,0.52,0.67,2026-06-23,1910,N20,VIIRS,n,2,273.61,2.54,N,2
23.77559,86.36637,301.74,0.53,0.67,2026-06-23,1910,N20,VIIRS,n,2,274.81,1.14,N,2
23.77673,86.36412,303.69,0.53,0.67,2026-06-23,1910,N20,VIIRS,n,2,275.09,1.06,N,2
23.77981,86.39334,299.03,0.52,0.67,2026-06-23,1910,N20,VIIRS,n,2,273.07,0.86,N,2
23.7802,86.38819,305.62,0.53,0.67,2026-06-23,1910,N20,VIIRS,n,2,273.83,1.19,N,2
23.78077,86.39111,307.93,0.52,0.67,2026-06-23,1910,N20,VIIRS,n,2,273.52,2.29,N,2
23.79661,86.35033,302.35,0.53,0.67,2026-06-23,1910,N20,VIIRS,n,2,276.82,1.41,N,2
23.80157,86.35333,299.79,0.53,0.67,2026-06-23,1910,N20,VIIRS,n,2,276.8,1.73,N,2
23.82828,84.57101,295.49,0.69,0.74,2026-06-23,1910,N20,VIIRS,n,2,273.05,2,N,0
23.82866,84.57355,296.18,0.69,0.74,2026-06-23,1910,N20,VIIRS,n,2,271.76,2.68,N,0
20.96474,86.00373,299.75,0.52,0.67,2026-06-23,1911,N20,VIIRS,n,2,268.01,0.73,N,2
20.96479,86.00764,296.9,0.52,0.67,2026-06-23,1911,N20,VIIRS,n,2,268.36,1.55,N,2
22.37769,87.27843,310.35,0.71,0.75,2026-06-23,2050,N20,VIIRS,n,2,283.45,6.14,N,2
22.37956,87.27728,308.98,0.71,0.75,2026-06-23,2050,N20,VIIRS,n,2,283.36,6.86,N,2
23.67885,86.0853,301.25,0.56,0.69,2026-06-23,2050,N20,VIIRS,n,2,285.93,2.17,N,2
23.69465,85.36925,301.72,0.5,0.66,2026-06-23,2050,N20,VIIRS,n,2,271.44,1.82,N,0
23.69751,85.37158,298.51,0.5,0.66,2026-06-23,2050,N20,VIIRS,n,2,272.68,2.14,N,0
23.78459,86.20797,304.46,0.57,0.69,2026-06-23,2050,N20,VIIRS,n,2,278.95,3.52,N,2
23.888,85.0052,303.71,0.47,0.64,2026-06-23,2050,N20,VIIRS,n,2,289.03,0.85,N,0
24.13913,82.59202,296.31,0.33,0.55,2026-06-23,2050,N20,VIIRS,n,2,268.52,1.48,N,0
24.15747,82.67521,299.05,0.33,0.56,2026-06-23,2050,N20,VIIRS,n,2,271.85,0.36,N,2
24.1824,82.65802,305.65,0.33,0.56,2026-06-23,2050,N20,VIIRS,n,2,273.19,0.98,N,0
22.20564,84.8469,305.69,0.5,0.66,2026-06-23,2051,N20,VIIRS,n,2,284.18,1.96,N,2
22.20742,84.84975,303.26,0.5,0.66,2026-06-23,2051,N20,VIIRS,n,2,284.21,1.93,N,2
22.22056,84.75545,303.49,0.5,0.66,2026-06-23,2051,N20,VIIRS,n,2,285.38,2.52,N,2
23.16702,82.33683,295.18,0.33,0.56,2026-06-23,2051,N20,VIIRS,n,2,265.45,1.4,N,2
20.79514,85.25411,343.19,0.52,0.5,2026-06-24,803,N20,VIIRS,n,2,290.99,8.93,D,2
20.8639,84.99253,332.27,0.5,0.49,2026-06-24,803,N20,VIIRS,n,2,292.15,3.83,D,2
20.88594,84.98494,331.59,0.5,0.49,2026-06-24,803,N20,VIIRS,n,2,292.79,4.12,D,2
20.95498,85.01353,330.82,0.5,0.49,2026-06-24,803,N20,VIIRS,n,2,292.46,6.06,D,2
20.96,85.18789,334.09,0.52,0.5,2026-06-24,803,N20,VIIRS,n,2,291.52,5.98,D,2
20.96342,86.00636,334.35,0.58,0.52,2026-06-24,803,N20,VIIRS,n,2,278.49,4.65,D,2
20.96455,85.18977,336.25,0.52,0.5,2026-06-24,803,N20,VIIRS,n,2,291.28,7.78,D,2
20.96458,85.18735,332.4,0.52,0.5,2026-06-24,803,N20,VIIRS,n,2,290.58,5.98,D,2
20.96475,86.00868,338.3,0.58,0.52,2026-06-24,803,N20,VIIRS,n,2,278.52,5.68,D,2
20.96513,85.15444,333.26,0.51,0.5,2026-06-24,803,N20,VIIRS,n,2,290.91,6.75,D,2
20.96538,86.01436,330.29,0.58,0.52,2026-06-24,803,N20,VIIRS,n,2,278.37,5.68,D,2
20.96541,85.15196,331.22,0.51,0.5,2026-06-24,803,N20,VIIRS,n,2,291.58,7.84,D,2
20.96684,85.16928,333.87,0.52,0.5,2026-06-24,803,N20,VIIRS,n,2,290.38,10.06,D,2
20.96741,85.17423,343.77,0.52,0.5,2026-06-24,803,N20,VIIRS,n,2,291.09,7.22,D,2
20.96755,85.17181,337.77,0.52,0.5,2026-06-24,803,N20,VIIRS,n,2,290.35,10.91,D,2
20.96798,85.1792,333.93,0.52,0.5,2026-06-24,803,N20,VIIRS,n,2,289.89,7.22,D,2
20.96808,85.17677,345.03,0.52,0.5,2026-06-24,803,N20,VIIRS,n,2,290.81,5.53,D,2
20.9697,85.15392,335.38,0.51,0.5,2026-06-24,803,N20,VIIRS,n,2,291.4,5.04,D,2
20.97199,85.17374,334.92,0.52,0.5,2026-06-24,803,N20,VIIRS,n,2,289.53,6.67,D,2
20.97267,85.17625,332.86,0.52,0.5,2026-06-24,803,N20,VIIRS,n,2,289.77,5.53,D,2
20.9775,85.13544,341.35,0.51,0.5,2026-06-24,803,N20,VIIRS,n,2,292.11,8.57,D,2
21.07803,85.03513,330.96,0.51,0.49,2026-06-24,803,N20,VIIRS,n,2,297.39,8.62,D,2
21.19839,83.86171,338.03,0.43,0.46,2026-06-24,803,N20,VIIRS,n,2,295.06,4.11,D,0
21.67939,84.04175,330.75,0.45,0.47,2026-06-24,803,N20,VIIRS,n,2,296.76,4.33,D,2
21.73759,83.84441,342.48,0.44,0.46,2026-06-24,803,N20,VIIRS,n,2,297.09,4.29,D,2
21.74183,83.84389,339.5,0.44,0.46,2026-06-24,803,N20,VIIRS,n,2,297.32,4.29,D,2
21.74878,83.97704,334.81,0.44,0.46,2026-06-24,803,N20,VIIRS,n,2,295.22,6.96,D,0
21.75032,83.84286,335.03,0.44,0.46,2026-06-24,803,N20,VIIRS,n,2,296.17,6.88,D,2
21.7543,84.02451,334.02,0.45,0.47,2026-06-24,803,N20,VIIRS,n,2,297.84,6.62,D,2
21.75456,83.84234,343.94,0.44,0.46,2026-06-24,803,N20,VIIRS,n,2,297.44,8.69,D,2
21.77873,83.83105,331.58,0.44,0.46,2026-06-24,803,N20,VIIRS,n,2,296.01,6.31,D,2
22.03756,83.72999,338.63,0.43,0.46,2026-06-24,803,N20,VIIRS,n,2,296.76,9.02,D,2
22.21289,84.86996,332.58,0.51,0.49,2026-06-24,803,N20,VIIRS,n,2,296.31,3.81,D,2
22.3217,82.54557,335.09,0.56,0.43,2026-06-24,804,N20,VIIRS,n,2,298.89,11.71,D,0
22.3564,82.30541,340.74,0.54,0.42,2026-06-24,804,N20,VIIRS,n,2,303.08,7.02,D,2
22.35965,82.2996,338.54,0.54,0.42,2026-06-24,804,N20,VIIRS,n,2,302.39,7.02,D,2
22.36028,82.30484,340.23,0.54,0.42,2026-06-24,804,N20,VIIRS,n,2,301.81,7.02,D,2
22.79485,86.2067,330.13,0.63,0.54,2026-06-24,804,N20,VIIRS,n,2,289.59,6.01,D,2
23.06492,83.04858,337.34,0.41,0.45,2026-06-24,804,N20,VIIRS,n,2,302.64,5.74,D,0
23.68409,86.39429,332.32,0.33,0.56,2026-06-24,804,N20,VIIRS,n,2,292.08,6.12,D,2
23.77809,86.21075,353.11,0.33,0.55,2026-06-24,804,N20,VIIRS,n,2,294.76,7.7,D,2
25.19909,82.68801,339.29,0.41,0.45,2026-06-24,804,N20,VIIRS,n,2,304.91,3.58,D,0
25.90871,84.31271,335.87,0.52,0.5,2026-06-24,804,N20,VIIRS,n,2,303.78,5.42,D,0
26.08263,84.75919,334.46,0.56,0.52,2026-06-24,805,N20,VIIRS,n,2,300.18,4.72,D,0
26.14597,84.81505,330.86,0.57,0.52,2026-06-24,805,N20,VIIRS,n,2,299.67,1.99,D,0
26.19709,84.45213,340.05,0.54,0.51,2026-06-24,805,N20,VIIRS,n,2,300.83,8.42,D,0
26.19763,84.45756,342.7,0.54,0.51,2026-06-24,805,N20,VIIRS,n,2,300.5,8.42,D,0
26.25731,84.45967,344,0.54,0.51,2026-06-24,805,N20,VIIRS,n,2,301.53,9.98,D,0
26.30197,83.28115,332.69,0.46,0.47,2026-06-24,805,N20,VIIRS,n,2,299.61,2.3,D,0
23.61415,86.78808,300.85,0.63,0.54,2026-06-24,2031,N20,VIIRS,n,2,279.81,1.98,N,2
23.67833,86.39403,296.72,0.59,0.53,2026-06-24,2031,N20,VIIRS,n,2,274.98,2.97,N,2
23.78837,85.55338,305.3,0.52,0.5,2026-06-24,2031,N20,VIIRS,n,2,285.37,2.17,N,2
23.78914,85.55421,303.25,0.52,0.5,2026-06-24,2031,N20,VIIRS,n,2,284.5,1.79,N,0
24.99788,83.16001,296.87,0.54,0.42,2026-06-24,2031,N20,VIIRS,n,2,286.02,2.36,N,0
25.03519,87.38628,304.77,0.32,0.54,2026-06-24,2031,N20,VIIRS,n,2,289.93,1.16,N,0
25.03635,87.38661,306.74,0.32,0.54,2026-06-24,2031,N20,VIIRS,n,2,290.25,1.16,N,0
25.56891,83.96346,304.78,0.39,0.44,2026-06-24,2031,N20,VIIRS,n,2,287.69,1.45,N,0
26.75891,83.19999,308.4,0.51,0.41,2026-06-24,2031,N20,VIIRS,n,2,294.92,2.21,N,2
20.53269,85.90942,307.64,0.64,0.54,2026-06-24,2032,N20,VIIRS,n,2,289.04,1.96,N,2
20.53489,85.90553,305.54,0.63,0.54,2026-06-24,2032,N20,VIIRS,n,2,289.05,1.31,N,2
20.76237,85.29888,308.25,0.57,0.52,2026-06-24,2032,N20,VIIRS,n,2,287.52,2.27,N,2
20.78408,85.2646,302.7,0.57,0.52,2026-06-24,2032,N20,VIIRS,n,2,283.46,0.87,N,2
20.78517,85.25922,303.11,0.57,0.52,2026-06-24,2032,N20,VIIRS,n,2,283.09,0.87,N,2
20.78598,85.26103,303.92,0.57,0.52,2026-06-24,2032,N20,VIIRS,n,2,283.49,1.85,N,2
20.78877,85.26569,307.21,0.57,0.52,2026-06-24,2032,N20,VIIRS,n,2,283.56,2.57,N,2
20.78955,85.26746,303.3,0.57,0.52,2026-06-24,2032,N20,VIIRS,n,2,283.17,0.94,N,2
20.79181,85.25665,302.73,0.57,0.52,2026-06-24,2032,N20,VIIRS,n,2,283.8,4.3,N,2
20.79294,85.2513,325.78,0.57,0.52,2026-06-24,2032,N20,VIIRS,n,2,283.26,2.16,N,2
20.79565,85.25591,334.64,0.57,0.52,2026-06-24,2032,N20,VIIRS,n,2,284.43,6.97,N,2
20.79762,85.25237,306.39,0.57,0.52,2026-06-24,2032,N20,VIIRS,n,2,282.93,2.16,N,2
20.80584,85.26002,303.94,0.57,0.52,2026-06-24,2032,N20,VIIRS,n,2,283.5,1.57,N,2
20.80696,85.25465,306.62,0.57,0.52,2026-06-24,2032,N20,VIIRS,n,2,283.35,1.47,N,2
20.86732,84.98716,302.11,0.55,0.51,2026-06-24,2032,N20,VIIRS,n,2,276.7,2.13,N,2
20.88776,84.98143,316.21,0.55,0.51,2026-06-24,2032,N20,VIIRS,n,2,276.5,3.06,N,2
20.93941,86.06097,306.57,0.32,0.54,2026-06-24,2032,N20,VIIRS,n,2,289.87,3.46,N,2
20.94324,86.06171,306.94,0.32,0.54,2026-06-24,2032,N20,VIIRS,n,2,290.02,1.85,N,2
20.95131,86.04764,323.57,0.32,0.54,2026-06-24,2032,N20,VIIRS,n,2,290.49,5.12,N,2
20.95195,86.04455,332.97,0.32,0.54,2026-06-24,2032,N20,VIIRS,n,2,289.75,5.12,N,2
20.95284,86.04652,327.73,0.64,0.54,2026-06-24,2032,N20,VIIRS,n,2,290.23,10.37,N,2
20.9535,85.01329,306.65,0.55,0.51,2026-06-24,2032,N20,VIIRS,n,2,280.75,2.09,N,2
20.95745,85.01141,308.88,0.55,0.51,2026-06-24,2032,N20,VIIRS,n,2,282.35,3.2,N,2
20.96178,86.00484,318.6,0.63,0.54,2026-06-24,2032,N20,VIIRS,n,2,289.4,3.86,N,2
20.96214,85.17603,306.28,0.56,0.51,2026-06-24,2032,N20,VIIRS,n,2,287.47,2.23,N,2
20.96322,85.17079,315.23,0.56,0.51,2026-06-24,2032,N20,VIIRS,n,2,287.67,2.23,N,2
20.96394,86.01147,307.21,0.63,0.54,2026-06-24,2032,N20,VIIRS,n,2,289.82,7.71,N,2
20.9643,85.16557,318.11,0.56,0.51,2026-06-24,2032,N20,VIIRS,n,2,288.3,3.77,N,2
20.96461,85.18772,337.28,0.56,0.51,2026-06-24,2032,N20,VIIRS,n,2,287.56,4.33,N,2
20.96518,86.00549,325.1,0.63,0.54,2026-06-24,2032,N20,VIIRS,n,2,289.97,6.85,N,2
20.96539,86.01204,308.99,0.63,0.54,2026-06-24,2032,N20,VIIRS,n,2,290.11,3.86,N,2
20.9657,85.1824,310.59,0.56,0.51,2026-06-24,2032,N20,VIIRS,n,2,287.13,4.33,N,2
20.96645,85.15514,317.54,0.56,0.51,2026-06-24,2032,N20,VIIRS,n,2,287.62,4.22,N,2
20.96666,86.00607,309.06,0.63,0.54,2026-06-24,2032,N20,VIIRS,n,2,290.21,3.86,N,2
20.96678,85.17715,310.02,0.56,0.51,2026-06-24,2032,N20,VIIRS,n,2,287.27,3.85,N,2
20.96786,85.17191,330.39,0.56,0.51,2026-06-24,2032,N20,VIIRS,n,2,288.55,3.85,N,2
20.96883,86.01267,340.42,0.63,0.54,2026-06-24,2032,N20,VIIRS,n,2,291.08,7.71,N,2
20.96893,85.16671,315.36,0.56,0.51,2026-06-24,2032,N20,VIIRS,n,2,288.41,3.13,N,2
20.96899,86.01923,313.73,0.63,0.54,2026-06-24,2032,N20,VIIRS,n,2,290.51,9.43,N,2
20.97026,86.01328,335.99,0.63,0.54,2026-06-24,2032,N20,VIIRS,n,2,291.07,13.6,N,2
20.97142,85.17825,321.23,0.56,0.51,2026-06-24,2032,N20,VIIRS,n,2,287.01,3.85,N,2
20.97249,85.17305,327.5,0.56,0.51,2026-06-24,2032,N20,VIIRS,n,2,288.18,3.85,N,2
20.97282,86.00133,307.04,0.63,0.54,2026-06-24,2032,N20,VIIRS,n,2,289.81,6.4,N,2
20.97713,85.17416,308.78,0.56,0.51,2026-06-24,2032,N20,VIIRS,n,2,286.51,1.66,N,2
20.97819,85.16896,310.65,0.56,0.51,2026-06-24,2032,N20,VIIRS,n,2,287.64,2.31,N,2
20.98,85.13642,320.07,0.56,0.51,2026-06-24,2032,N20,VIIRS,n,2,288.85,4.59,N,2
20.98108,85.13117,326.39,0.55,0.51,2026-06-24,2032,N20,VIIRS,n,2,288.47,4.59,N,2
21.0751,85.04099,305.74,0.55,0.51,2026-06-24,2032,N20,VIIRS,n,2,286.34,3.21,N,2
21.07615,85.0359,306.15,0.54,0.51,2026-06-24,2032,N20,VIIRS,n,2,286.79,1.95,N,2
21.08074,85.03699,306.39,0.54,0.51,2026-06-24,2032,N20,VIIRS,n,2,286.87,1.95,N,2
21.67908,84.03889,306.51,0.46,0.47,2026-06-24,2032,N20,VIIRS,n,2,276.24,1.94,N,2
21.6808,84.04195,306.2,0.46,0.47,2026-06-24,2032,N20,VIIRS,n,2,282.66,1,N,2
21.73843,83.84389,321.7,0.45,0.47,2026-06-24,2032,N20,VIIRS,n,2,278.76,1.86,N,2
21.73927,83.83965,309.95,0.45,0.47,2026-06-24,2032,N20,VIIRS,n,2,277.79,1.86,N,0
21.74262,83.84489,313.94,0.45,0.47,2026-06-24,2032,N20,VIIRS,n,2,279.7,1.86,N,2
21.74348,83.84064,305.33,0.45,0.47,2026-06-24,2032,N20,VIIRS,n,2,278.99,1.86,N,2
21.74683,83.8459,305.04,0.45,0.47,2026-06-24,2032,N20,VIIRS,n,2,279.77,1.13,N,2
21.74767,83.84164,309.97,0.45,0.47,2026-06-24,2032,N20,VIIRS,n,2,279.58,1.13,N,2
21.75103,83.84689,300.6,0.45,0.47,2026-06-24,2032,N20,VIIRS,n,2,280.55,1.13,N,0
21.75188,83.84263,315.54,0.45,0.47,2026-06-24,2032,N20,VIIRS,n,2,280.6,1.13,N,2
21.7551,84.02688,313.34,0.46,0.47,2026-06-24,2032,N20,VIIRS,n,2,281.11,1.45,N,2
21.75595,84.02258,311.4,0.46,0.47,2026-06-24,2032,N20,VIIRS,n,2,280.25,1.45,N,2
21.75608,83.84361,328.07,0.45,0.47,2026-06-24,2032,N20,VIIRS,n,2,281.98,2.26,N,2
21.76021,84.02353,298.77,0.46,0.47,2026-06-24,2032,N20,VIIRS,n,2,279.45,1.45,N,2
21.76029,83.84457,303.44,0.45,0.47,2026-06-24,2032,N20,VIIRS,n,2,282.75,2.26,N,2
21.76106,84.01922,298.91,0.46,0.47,2026-06-24,2032,N20,VIIRS,n,2,276.53,0.8,N,2
21.76365,83.84979,307.58,0.45,0.47,2026-06-24,2032,N20,VIIRS,n,2,283.4,1.48,N,0
21.76447,84.02451,299.33,0.46,0.47,2026-06-24,2032,N20,VIIRS,n,2,272.19,0.82,N,2
21.76532,84.02017,311.72,0.46,0.47,2026-06-24,2032,N20,VIIRS,n,2,279.14,2.12,N,2
21.76957,84.02115,312.17,0.46,0.47,2026-06-24,2032,N20,VIIRS,n,2,285.15,2.12,N,2
21.77292,83.8252,306.61,0.44,0.46,2026-06-24,2032,N20,VIIRS,n,2,281.74,1.92,N,2
21.78048,83.83137,320.41,0.44,0.46,2026-06-24,2032,N20,VIIRS,n,2,283.73,3.59,N,2
21.79335,83.99044,304.4,0.45,0.47,2026-06-24,2032,N20,VIIRS,n,2,287.43,1.65,N,2
21.79995,83.88896,308.48,0.45,0.47,2026-06-24,2032,N20,VIIRS,n,2,287.83,2.69,N,0
21.80078,83.88472,310.25,0.45,0.47,2026-06-24,2032,N20,VIIRS,n,2,287.79,2.78,N,0
21.80161,83.88047,319.35,0.45,0.47,2026-06-24,2032,N20,VIIRS,n,2,287.26,2.78,N,0
21.82445,83.89882,301.93,0.45,0.47,2026-06-24,2032,N20,VIIRS,n,2,284.39,1.2,N,0
21.87784,83.5552,300.77,0.43,0.46,2026-06-24,2032,N20,VIIRS,n,2,272.28,1.09,N,2
21.92032,83.35624,319.6,0.41,0.45,2026-06-24,2032,N20,VIIRS,n,2,287.54,2.38,N,2
21.92108,83.35228,328.16,0.41,0.45,2026-06-24,2032,N20,VIIRS,n,2,289.09,2.38,N,2
21.92183,83.34834,318.19,0.41,0.45,2026-06-24,2032,N20,VIIRS,n,2,287.16,3.76,N,2
21.92516,83.35318,307,0.41,0.45,2026-06-24,2032,N20,VIIRS,n,2,287.52,2.38,N,2
21.95584,83.80826,300.15,0.44,0.46,2026-06-24,2032,N20,VIIRS,n,2,279.92,0.27,N,0
22.00596,82.6672,305.04,0.57,0.43,2026-06-24,2032,N20,VIIRS,n,2,287.51,3.49,N,2
22.03707,83.72848,302.24,0.43,0.46,2026-06-24,2032,N20,VIIRS,n,2,279.95,1.47,N,2
22.03838,83.35105,300.95,0.41,0.45,2026-06-24,2032,N20,VIIRS,n,2,279.16,0.4,N,2
22.03961,83.7377,305.5,0.43,0.46,2026-06-24,2032,N20,VIIRS,n,2,283.5,2.69,N,2
22.04041,83.73357,310.13,0.43,0.46,2026-06-24,2032,N20,VIIRS,n,2,283.5,3.04,N,2
22.04122,83.72945,333.04,0.43,0.46,2026-06-24,2032,N20,VIIRS,n,2,282.28,3.04,N,2
22.04203,83.7253,303.54,0.43,0.46,2026-06-24,2032,N20,VIIRS,n,2,279.81,1.83,N,2
22.0676,83.70528,300.53,0.43,0.46,2026-06-24,2032,N20,VIIRS,n,2,278.53,0.74,N,2
22.09516,83.1266,310.29,0.4,0.44,2026-06-24,2032,N20,VIIRS,n,2,288.59,1.92,N,0
22.2114,84.86447,296.14,0.51,0.49,2026-06-24,2032,N20,VIIRS,n,2,269.79,1.7,N,2
22.21485,84.87033,308.79,0.51,0.49,2026-06-24,2032,N20,VIIRS,n,2,269.31,1.58,N,2
22.31244,82.52866,309.45,0.55,0.43,2026-06-24,2032,N20,VIIRS,n,2,292.65,7.88,N,2
22.31462,82.53232,315.86,0.55,0.43,2026-06-24,2032,N20,VIIRS,n,2,292.83,9.65,N,2
22.31529,82.53471,313.48,0.55,0.43,2026-06-24,2032,N20,VIIRS,n,2,292.51,8.58,N,2
22.3163,82.52947,312.09,0.55,0.43,2026-06-24,2032,N20,VIIRS,n,2,293.03,7.97,N,2
22.32185,82.56347,311.7,0.55,0.43,2026-06-24,2032,N20,VIIRS,n,2,292.4,7.83,N,2
22.32201,82.54162,307.56,0.55,0.43,2026-06-24,2032,N20,VIIRS,n,2,291.79,4.07,N,0
22.32486,82.54769,308.5,0.55,0.43,2026-06-24,2032,N20,VIIRS,n,2,292.75,8.11,N,2
22.32586,82.54245,313.49,0.55,0.43,2026-06-24,2032,N20,VIIRS,n,2,292.17,4.07,N,0
22.33026,82.60387,309.04,0.55,0.43,2026-06-24,2032,N20,VIIRS,n,2,291.17,6.72,N,2
22.3324,82.57143,310.14,0.55,0.43,2026-06-24,2032,N20,VIIRS,n,2,291.81,7.42,N,2
22.35582,82.30156,306.51,0.53,0.42,2026-06-24,2032,N20,VIIRS,n,2,289.55,2.15,N,2
22.35659,82.30461,320.57,0.53,0.42,2026-06-24,2032,N20,VIIRS,n,2,290.49,4.23,N,2
22.35963,82.30236,351.31,0.53,0.42,2026-06-24,2032,N20,VIIRS,n,2,291.02,12.44,N,2
22.78735,86.20634,306.05,0.6,0.53,2026-06-24,2032,N20,VIIRS,n,2,285.73,2.9,N,2
22.78853,86.20067,303.1,0.6,0.53,2026-06-24,2032,N20,VIIRS,n,2,286.72,2.9,N,2
22.7897,86.19503,304.02,0.6,0.53,2026-06-24,2032,N20,VIIRS,n,2,288.12,6.81,N,2
22.80084,86.09235,308.55,0.59,0.53,2026-06-24,2032,N20,VIIRS,n,2,286.96,3.03,N,2
22.80136,86.09106,309.63,0.59,0.53,2026-06-24,2032,N20,VIIRS,n,2,286.34,2.87,N,2
23.16251,82.33723,309.62,0.52,0.42,2026-06-24,2032,N20,VIIRS,n,2,284.01,2.62,N,2
23.16534,82.34303,305.71,0.52,0.42,2026-06-24,2032,N20,VIIRS,n,2,281.64,2.06,N,2
23.16628,82.33801,308.73,0.52,0.42,2026-06-24,2032,N20,VIIRS,n,2,283.31,2.27,N,2
23.62499,85.67564,306.02,0.53,0.5,2026-06-24,2032,N20,VIIRS,n,2,283.73,1.87,N,0
24.14023,82.74947,308.71,0.53,0.42,2026-06-24,2032,N20,VIIRS,n,2,289.79,4.37,N,0
24.14058,82.7065,309.92,0.53,0.42,2026-06-24,2032,N20,VIIRS,n,2,289.36,4.52,N,0
24.14173,82.70486,311.19,0.53,0.42,2026-06-24,2032,N20,VIIRS,n,2,289.03,4.2,N,0
24.15343,82.5984,311.99,0.52,0.41,2026-06-24,2032,N20,VIIRS,n,2,286.87,3.28,N,0
24.1605,82.6033,327.57,0.52,0.41,2026-06-24,2032,N20,VIIRS,n,2,287.4,5.16,N,2
24.16093,82.60009,323.06,0.52,0.41,2026-06-24,2032,N20,VIIRS,n,2,287.58,4.68,N,0
24.20282,82.7104,316.23,0.53,0.42,2026-06-24,2032,N20,VIIRS,n,2,289.65,4.84,N,2
20.49585,84.88329,330.95,0.42,0.37,2026-06-25,744,N20,VIIRS,l,2,302.42,8.98,D,0
20.74759,85.59793,335.08,0.44,0.39,2026-06-25,744,N20,VIIRS,n,2,304.43,7.27,D,0
20.80587,85.25661,334.73,0.43,0.38,2026-06-25,744,N20,VIIRS,n,2,299.65,3.46,D,2
20.84351,84.07882,340.64,0.4,0.37,2026-06-25,744,N20,VIIRS,n,2,303.77,7.24,D,0
20.8729,84.68259,334.22,0.41,0.37,2026-06-25,744,N20,VIIRS,n,2,298.88,1.49,D,0
20.93986,86.06167,337.45,0.47,0.39,2026-06-25,744,N20,VIIRS,n,2,300.62,4.76,D,2
20.94951,86.05107,331.43,0.46,0.39,2026-06-25,744,N20,VIIRS,n,2,299.35,5.12,D,2
20.95252,86.04601,333.78,0.46,0.39,2026-06-25,744,N20,VIIRS,n,2,299.42,3.85,D,2
20.95313,86.05051,331.31,0.46,0.39,2026-06-25,744,N20,VIIRS,n,2,300.82,6.43,D,2
20.95461,85.01277,336.64,0.42,0.38,2026-06-25,744,N20,VIIRS,n,2,301.66,4.14,D,2
20.95656,85.00912,333.91,0.42,0.38,2026-06-25,744,N20,VIIRS,n,2,302.15,3.93,D,2
20.95712,85.01318,338.41,0.42,0.38,2026-06-25,744,N20,VIIRS,n,2,302.14,3.95,D,2
20.95807,85.01224,333.76,0.42,0.38,2026-06-25,744,N20,VIIRS,n,2,301.57,4.14,D,2
20.96058,85.01265,331.25,0.42,0.38,2026-06-25,744,N20,VIIRS,n,2,298.21,3.95,D,2
20.96219,86.00829,340.33,0.46,0.39,2026-06-25,744,N20,VIIRS,n,2,296.8,6.5,D,2
20.96303,85.17386,332.6,0.43,0.38,2026-06-25,744,N20,VIIRS,n,2,294.94,1.29,D,2
20.9664,86.01221,338.28,0.46,0.39,2026-06-25,744,N20,VIIRS,n,2,299.14,4.66,D,2
20.96651,85.17332,332.85,0.43,0.38,2026-06-25,744,N20,VIIRS,n,2,296.48,1.29,D,2
20.967,86.01665,333.81,0.46,0.39,2026-06-25,744,N20,VIIRS,n,2,302.28,4.66,D,2
20.96761,86.02111,331.67,0.46,0.39,2026-06-25,744,N20,VIIRS,n,2,300.19,6.62,D,2
20.9677,85.15643,336.52,0.43,0.38,2026-06-25,744,N20,VIIRS,n,2,294.32,5.02,D,2
20.96999,85.1728,330.1,0.43,0.38,2026-06-25,744,N20,VIIRS,n,2,296.99,1.56,D,2
20.97027,85.03187,331.97,0.42,0.38,2026-06-25,744,N20,VIIRS,n,2,301.95,6.75,D,0
20.97056,85.1769,333.17,0.43,0.38,2026-06-25,744,N20,VIIRS,n,2,294.84,3.79,D,2
20.97695,85.17175,330.71,0.43,0.38,2026-06-25,744,N20,VIIRS,n,2,297.58,1.33,D,2
20.97726,85.1349,347.95,0.43,0.38,2026-06-25,744,N20,VIIRS,n,2,298.88,5.5,D,2
20.98073,85.13437,335.71,0.43,0.38,2026-06-25,744,N20,VIIRS,n,2,298.44,4.09,D,2
20.99719,86.01325,344.28,0.46,0.39,2026-06-25,744,N20,VIIRS,n,2,300.98,13.06,D,2
20.99894,86.02664,334.46,0.46,0.39,2026-06-25,744,N20,VIIRS,n,2,299.45,6.8,D,2
21.07607,85.04068,331.07,0.42,0.38,2026-06-25,744,N20,VIIRS,n,2,299.3,5.4,D,2
21.07898,85.03607,335.2,0.42,0.38,2026-06-25,744,N20,VIIRS,n,2,301.99,5.4,D,2
21.0801,85.04421,333.43,0.42,0.38,2026-06-25,744,N20,VIIRS,n,2,301.05,5.03,D,0
21.18018,83.77876,330.17,0.39,0.36,2026-06-25,744,N20,VIIRS,n,2,294.09,1.84,D,0
21.21615,83.77304,333.75,0.39,0.36,2026-06-25,744,N20,VIIRS,n,2,297.27,1.88,D,0
21.22183,83.85312,340.29,0.39,0.37,2026-06-25,744,N20,VIIRS,n,2,299.49,4.25,D,0
21.28966,83.69138,340.42,0.39,0.36,2026-06-25,744,N20,VIIRS,n,2,290.89,3.98,D,0
21.67943,84.03963,333,0.4,0.37,2026-06-25,744,N20,VIIRS,n,2,298.69,1.34,D,2
21.67999,84.04347,330.26,0.4,0.37,2026-06-25,744,N20,VIIRS,l,2,300.49,3.71,D,2
21.73874,83.84178,347.67,0.4,0.37,2026-06-25,745,N20,VIIRS,n,2,304.82,8.71,D,2
21.74265,83.84506,341.26,0.4,0.37,2026-06-25,745,N20,VIIRS,n,2,302.77,2.54,D,2
21.74601,83.84451,332.85,0.4,0.37,2026-06-25,745,N20,VIIRS,n,2,301.46,2.54,D,2
21.74804,83.97755,336.87,0.4,0.37,2026-06-25,745,N20,VIIRS,n,2,303.74,3.15,D,0
21.74936,83.84396,344.53,0.4,0.37,2026-06-25,745,N20,VIIRS,n,2,301.54,3.17,D,2
21.7514,83.97699,337.79,0.4,0.37,2026-06-25,745,N20,VIIRS,n,2,303.72,3.15,D,0
21.75271,83.84342,338.93,0.4,0.37,2026-06-25,745,N20,VIIRS,n,2,301.06,3.17,D,2
21.75606,83.84287,340.45,0.4,0.37,2026-06-25,745,N20,VIIRS,n,2,299.62,7.25,D,2
21.77313,83.82823,336.24,0.4,0.37,2026-06-25,745,N20,VIIRS,n,2,302.78,5.37,D,2
21.78093,83.83478,334.25,0.4,0.37,2026-06-25,745,N20,VIIRS,n,2,301.66,6.45,D,2
21.79812,83.88288,336.2,0.4,0.37,2026-06-25,745,N20,VIIRS,n,2,299.32,1.97,D,0
21.85839,83.96737,332.39,0.4,0.37,2026-06-25,745,N20,VIIRS,n,2,301.44,2.95,D,2
21.92637,85.22443,339.48,0.44,0.38,2026-06-25,745,N20,VIIRS,n,2,305.68,7.01,D,2
22.0183,82.58933,332.95,0.38,0.36,2026-06-25,745,N20,VIIRS,n,2,294.74,6.56,D,0
22.03763,83.72992,337.08,0.4,0.37,2026-06-25,745,N20,VIIRS,n,2,300.87,4.69,D,2
22.03818,83.73374,341.01,0.4,0.37,2026-06-25,745,N20,VIIRS,n,2,302.65,5.14,D,2
22.03873,83.73756,333.72,0.4,0.37,2026-06-25,745,N20,VIIRS,n,2,302.02,5.14,D,2
22.04097,83.72938,344.07,0.4,0.37,2026-06-25,745,N20,VIIRS,n,2,301.45,4.69,D,2
22.06498,83.70586,331.37,0.4,0.37,2026-06-25,745,N20,VIIRS,n,2,299.19,3.02,D,2
22.20679,84.55163,330.22,0.42,0.37,2026-06-25,745,N20,VIIRS,l,2,301.57,3.52,D,2
22.20859,84.86399,340.96,0.43,0.38,2026-06-25,745,N20,VIIRS,n,2,296.93,2.69,D,2
22.31962,82.56318,337.5,0.38,0.36,2026-06-25,745,N20,VIIRS,n,2,296.65,3.35,D,2
22.32397,82.54722,338.75,0.38,0.36,2026-06-25,745,N20,VIIRS,n,2,297.84,3.32,D,2
22.57199,85.89767,338.63,0.48,0.4,2026-06-25,745,N20,VIIRS,n,2,303.62,7.33,D,2
22.57504,85.89256,338.4,0.47,0.4,2026-06-25,745,N20,VIIRS,n,2,301.88,4.06,D,2
23.56247,87.08686,331.95,0.56,0.43,2026-06-25,745,N20,VIIRS,n,2,301.55,5.94,D,2
23.61416,86.79057,330.16,0.54,0.42,2026-06-25,745,N20,VIIRS,l,2,300.68,5.1,D,2
23.6736,86.39951,334.82,0.52,0.41,2026-06-25,745,N20,VIIRS,l,2,305.73,6.28,D,2
23.67739,86.39891,337.3,0.52,0.41,2026-06-25,745,N20,VIIRS,n,2,304.84,6.28,D,2
23.68436,86.39272,337.9,0.52,0.41,2026-06-25,745,N20,VIIRS,n,2,301.38,8.77,D,2
23.71104,86.45082,339.66,0.52,0.42,2026-06-25,745,N20,VIIRS,n,2,302.67,6.98,D,2
23.73532,86.43465,339.75,0.52,0.42,2026-06-25,745,N20,VIIRS,n,2,301.51,13.01,D,2
23.73579,86.43164,332.65,0.52,0.42,2026-06-25,745,N20,VIIRS,n,2,299.7,6.45,D,2
23.73644,86.43674,341.77,0.52,0.42,2026-06-25,745,N20,VIIRS,n,2,302.15,6.45,D,2
23.73913,86.43407,333.77,0.52,0.42,2026-06-25,745,N20,VIIRS,n,2,300.23,6.06,D,2
24.72309,84.97884,338.09,0.45,0.39,2026-06-25,745,N20,VIIRS,n,2,301.29,3.3,D,0
25.39518,86.81586,331.54,0.57,0.43,2026-06-25,745,N20,VIIRS,n,2,300.61,2.48,D,0
25.29408,82.96864,336.42,0.4,0.37,2026-06-25,746,N20,VIIRS,n,2,304.14,2.73,D,0
25.53576,84.80727,332.88,0.46,0.39,2026-06-25,746,N20,VIIRS,l,2,303.01,2.09,D,0
25.84564,84.50633,342.22,0.45,0.39,2026-06-25,746,N20,VIIRS,n,2,306.46,13.8,D,0
25.89442,85.1049,340.34,0.47,0.4,2026-06-25,746,N20,VIIRS,n,2,302.21,6.62,D,0
26.0291,84.81609,334.45,0.46,0.39,2026-06-25,746,N20,VIIRS,n,2,300.88,2.35,D,0
26.53194,84.49733,332.71,0.45,0.39,2026-06-25,746,N20,VIIRS,n,2,301.27,1.59,D,0
26.58102,84.12661,337.24,0.44,0.38,2026-06-25,746,N20,VIIRS,n,2,303.32,5.02,D,0
26.9791,87.46765,331.48,0.43,0.46,2026-06-25,746,N20,VIIRS,n,2,300.6,9.15,D,0
26.98317,87.46564,354.78,0.43,0.46,2026-06-25,746,N20,VIIRS,n,2,300.2,9.15,D,0
25.03278,87.37837,308.54,0.51,0.41,2026-06-25,2012,N20,VIIRS,n,2,293.82,3.34,N,2
25.03465,87.38909,313.51,0.51,0.41,2026-06-25,2012,N20,VIIRS,n,2,293.52,1.98,N,0
25.03835,87.38997,306.93,0.51,0.41,2026-06-25,2012,N20,VIIRS,n,2,292.97,1.98,N,0
25.04658,87.34568,308.91,0.5,0.41,2026-06-25,2012,N20,VIIRS,n,2,293,2.66,N,0
25.31061,83.01571,312.98,0.38,0.36,2026-06-25,2012,N20,VIIRS,n,2,294.69,2.91,N,2
21.67204,84.04055,306.79,0.41,0.37,2026-06-25,2013,N20,VIIRS,n,2,291.84,3.3,N,2
21.67943,84.03799,323.83,0.41,0.37,2026-06-25,2013,N20,VIIRS,n,2,292.82,4.18,N,2
21.68215,84.04252,306.75,0.41,0.37,2026-06-25,2013,N20,VIIRS,n,2,291.7,3.48,N,2
21.69758,84.03347,308.37,0.41,0.37,2026-06-25,2013,N20,VIIRS,n,2,292.14,3.25,N,2
21.73218,82.21391,314.52,0.38,0.36,2026-06-25,2013,N20,VIIRS,n,2,292.79,3.48,N,2
21.73998,83.84248,332.91,0.4,0.37,2026-06-25,2013,N20,VIIRS,n,2,291.08,3.06,N,2
21.74332,83.84314,314.17,0.4,0.37,2026-06-25,2013,N20,VIIRS,n,2,290.11,3.06,N,2
21.74668,83.8438,307.85,0.4,0.37,2026-06-25,2013,N20,VIIRS,n,2,291.05,2.61,N,2
21.75002,83.84444,324.5,0.4,0.37,2026-06-25,2013,N20,VIIRS,n,2,292.44,2.61,N,2
21.75337,83.84509,325.79,0.4,0.37,2026-06-25,2013,N20,VIIRS,n,2,292.69,2.59,N,2
21.75401,83.84125,321.71,0.4,0.37,2026-06-25,2013,N20,VIIRS,n,2,291.2,2.59,N,2
21.75672,83.84573,310.31,0.4,0.37,2026-06-25,2013,N20,VIIRS,n,2,291.99,2.59,N,2
21.76464,83.85049,304.76,0.4,0.37,2026-06-25,2013,N20,VIIRS,n,2,280.84,0.83,N,0
21.77587,83.82491,309.73,0.4,0.37,2026-06-25,2013,N20,VIIRS,n,2,287.7,2.45,N,2
21.77857,83.82939,305.85,0.4,0.37,2026-06-25,2013,N20,VIIRS,n,2,286.25,2.2,N,2
21.78127,83.83387,309.75,0.4,0.37,2026-06-25,2013,N20,VIIRS,n,2,287.28,2.92,N,2
21.87754,83.54601,306.92,0.39,0.37,2026-06-25,2013,N20,VIIRS,n,2,290.83,2.47,N,0
21.87961,83.5542,312.12,0.39,0.37,2026-06-25,2013,N20,VIIRS,n,2,290.8,2.87,N,2
21.91582,83.35529,305.79,0.39,0.36,2026-06-25,2013,N20,VIIRS,n,2,286.24,2.03,N,2
21.91974,83.35215,325.14,0.39,0.36,2026-06-25,2013,N20,VIIRS,n,2,289.76,2.29,N,2
21.92036,83.3484,313.11,0.39,0.36,2026-06-25,2013,N20,VIIRS,n,2,288.11,2.29,N,2
21.92306,83.35278,323.34,0.39,0.36,2026-06-25,2013,N20,VIIRS,n,2,290.86,4.37,N,2
21.9249,83.34153,317.97,0.39,0.36,2026-06-25,2013,N20,VIIRS,n,2,292.37,3.9,N,2
21.92552,83.33778,312.39,0.39,0.36,2026-06-25,2013,N20,VIIRS,n,2,291.19,2.84,N,3
21.92612,85.22548,313.96,0.44,0.39,2026-06-25,2013,N20,VIIRS,n,2,290.76,2.73,N,2
21.95363,83.80725,309.46,0.4,0.37,2026-06-25,2013,N20,VIIRS,n,2,291.6,1.58,N,0
21.9686,85.31519,306.2,0.45,0.39,2026-06-25,2013,N20,VIIRS,n,2,290.29,0.83,N,2
21.98763,82.01621,311.66,0.38,0.36,2026-06-25,2013,N20,VIIRS,n,2,292.86,2.93,N,2
22.02623,83.36813,305.28,0.39,0.36,2026-06-25,2013,N20,VIIRS,n,2,289.32,2.54,N,0
22.03082,82.53934,309.38,0.38,0.36,2026-06-25,2013,N20,VIIRS,n,2,288.92,1.89,N,0
22.03727,83.73193,320.37,0.4,0.37,2026-06-25,2013,N20,VIIRS,n,2,292.48,2.99,N,2
22.0379,83.72812,309.36,0.4,0.37,2026-06-25,2013,N20,VIIRS,n,2,291.96,2.99,N,2
22.03863,83.35499,312.08,0.39,0.36,2026-06-25,2013,N20,VIIRS,n,2,292.34,3.21,N,2
22.03924,83.35123,318.58,0.39,0.36,2026-06-25,2013,N20,VIIRS,n,2,292.45,4,N,2
22.03997,83.73637,316.02,0.4,0.37,2026-06-25,2013,N20,VIIRS,n,2,293.72,4.46,N,2
22.0406,83.73257,313.34,0.4,0.37,2026-06-25,2013,N20,VIIRS,n,2,293.48,2.99,N,2
22.04124,83.72876,342.76,0.4,0.37,2026-06-25,2013,N20,VIIRS,n,2,294.24,2.99,N,2
22.06568,83.70596,310.42,0.4,0.37,2026-06-25,2013,N20,VIIRS,n,2,291.21,1.83,N,2
22.09291,83.12647,308.31,0.39,0.36,2026-06-25,2013,N20,VIIRS,n,2,288.26,1.9,N,0
22.13504,85.38345,305.91,0.45,0.39,2026-06-25,2013,N20,VIIRS,n,2,290.31,1.47,N,2
22.1557,82.09521,308.36,0.38,0.36,2026-06-25,2013,N20,VIIRS,n,2,293.05,0.83,N,0
22.16847,83.47554,312.72,0.39,0.36,2026-06-25,2013,N20,VIIRS,n,2,291.3,0.83,N,0
22.20357,84.57839,308.4,0.42,0.37,2026-06-25,2013,N20,VIIRS,n,2,291.56,2.88,N,2
22.2084,84.55042,312.29,0.42,0.37,2026-06-25,2013,N20,VIIRS,n,2,292.03,2.53,N,2
22.21092,84.86397,310.73,0.43,0.38,2026-06-25,2013,N20,VIIRS,n,2,292.46,4.04,N,2
22.21296,84.87283,327.92,0.43,0.38,2026-06-25,2013,N20,VIIRS,n,2,292.6,5.44,N,2
22.21914,84.8783,307.02,0.43,0.38,2026-06-25,2013,N20,VIIRS,n,2,291.5,2.99,N,2
22.3118,82.52931,304.17,0.38,0.36,2026-06-25,2013,N20,VIIRS,n,2,287.36,1.56,N,2
22.3145,82.53361,312.24,0.38,0.36,2026-06-25,2013,N20,VIIRS,n,2,287.27,1.21,N,2
22.31779,82.53421,307.79,0.38,0.36,2026-06-25,2013,N20,VIIRS,n,2,287.18,1.21,N,2
22.31908,82.56866,301.09,0.38,0.36,2026-06-25,2013,N20,VIIRS,n,2,279.74,0.67,N,0
22.31967,82.56496,307.94,0.38,0.36,2026-06-25,2013,N20,VIIRS,n,2,279.76,0.67,N,0
22.3202,82.66776,297.73,0.38,0.36,2026-06-25,2013,N20,VIIRS,n,2,277.88,0.55,N,0
22.32261,82.54649,316.42,0.38,0.36,2026-06-25,2013,N20,VIIRS,n,2,283.7,1.89,N,0
22.32365,82.60371,305.72,0.38,0.36,2026-06-25,2013,N20,VIIRS,n,2,285.87,1.18,N,0
22.33023,82.60492,319.97,0.38,0.36,2026-06-25,2013,N20,VIIRS,n,2,287.09,2.52,N,2
22.33153,82.53293,305.24,0.38,0.36,2026-06-25,2013,N20,VIIRS,n,2,286.86,1.44,N,2
22.35728,82.30581,312.05,0.38,0.36,2026-06-25,2013,N20,VIIRS,n,2,295.16,2.11,N,2
22.35786,82.30212,331.43,0.38,0.36,2026-06-25,2013,N20,VIIRS,n,2,294.15,5.38,N,2
22.36115,82.3027,349.12,0.38,0.36,2026-06-25,2013,N20,VIIRS,n,2,295.39,5.38,N,2
22.57166,85.89925,316.37,0.46,0.39,2026-06-25,2013,N20,VIIRS,n,2,289.19,2.86,N,2
22.57245,85.89483,307.87,0.46,0.39,2026-06-25,2013,N20,VIIRS,n,2,288.25,2.05,N,2
22.57324,85.8904,308.86,0.46,0.39,2026-06-25,2013,N20,VIIRS,n,2,287.82,2.05,N,2
22.58874,85.9075,302.1,0.46,0.39,2026-06-25,2013,N20,VIIRS,n,2,281.8,0.95,N,2
22.80184,86.091,310.43,0.47,0.4,2026-06-25,2013,N20,VIIRS,n,2,289.97,5.09,N,2
22.80987,86.08797,312.12,0.47,0.4,2026-06-25,2013,N20,VIIRS,n,2,290.32,4.22,N,2
22.85674,86.05575,305.98,0.47,0.4,2026-06-25,2013,N20,VIIRS,n,2,289.69,2.47,N,2
22.87387,86.06404,315.5,0.47,0.4,2026-06-25,2013,N20,VIIRS,n,2,289.34,3.45,N,2
23.56085,87.24051,311.35,0.52,0.42,2026-06-25,2013,N20,VIIRS,n,2,286.4,2.08,N,2
23.56315,87.08309,302.09,0.51,0.41,2026-06-25,2013,N20,VIIRS,n,2,284.41,1.08,N,2
23.62724,85.67779,300.87,0.44,0.39,2026-06-25,2013,N20,VIIRS,n,2,280.86,2.23,N,0
23.647,85.4407,308.71,0.43,0.38,2026-06-25,2013,N20,VIIRS,n,2,280.42,1.53,N,2
23.64773,85.43651,309.73,0.43,0.38,2026-06-25,2013,N20,VIIRS,n,2,281.83,1.53,N,2
23.65263,85.34676,298.36,0.43,0.38,2026-06-25,2013,N20,VIIRS,n,2,279.24,0.27,N,0
23.66314,85.00066,303.84,0.42,0.38,2026-06-25,2013,N20,VIIRS,n,2,280.35,1.06,N,2
23.66328,87.15359,312.27,0.52,0.41,2026-06-25,2013,N20,VIIRS,n,2,291.29,3.48,N,2
23.6895,87.09988,306.16,0.51,0.41,2026-06-25,2013,N20,VIIRS,n,2,287.75,3.86,N,2
23.69676,85.29004,307.43,0.43,0.38,2026-06-25,2013,N20,VIIRS,n,2,286.63,1.79,N,2
23.70896,86.45031,316.94,0.48,0.4,2026-06-25,2013,N20,VIIRS,n,2,291.93,5.74,N,2
23.70974,86.44817,318.89,0.48,0.4,2026-06-25,2013,N20,VIIRS,n,2,291.87,3.88,N,2
23.71251,86.45351,314.24,0.48,0.4,2026-06-25,2013,N20,VIIRS,n,2,291.07,5.1,N,2
23.71336,86.44893,314.34,0.48,0.4,2026-06-25,2013,N20,VIIRS,n,2,291.93,3.88,N,2
23.73841,86.4352,311,0.47,0.4,2026-06-25,2013,N20,VIIRS,n,2,281.84,2.98,N,2
23.75654,85.85374,308.49,0.45,0.39,2026-06-25,2013,N20,VIIRS,n,2,283.33,2.22,N,2
23.75928,85.8588,302.7,0.45,0.39,2026-06-25,2013,N20,VIIRS,n,2,284.25,0.81,N,2
23.76005,85.85447,304.2,0.45,0.39,2026-06-25,2013,N20,VIIRS,n,2,283.17,0.81,N,2
23.7798,86.20864,314.34,0.46,0.39,2026-06-25,2013,N20,VIIRS,n,2,280.59,2.69,N,2
23.82473,84.57465,307.69,0.41,0.37,2026-06-25,2013,N20,VIIRS,n,2,290.83,1.44,N,0
23.8254,84.57073,312.33,0.41,0.37,2026-06-25,2013,N20,VIIRS,n,2,290.56,1.99,N,0
24.142,82.59371,303.3,0.38,0.36,2026-06-25,2013,N20,VIIRS,n,2,283.58,0.55,N,0
24.16115,82.60114,308.76,0.38,0.36,2026-06-25,2013,N20,VIIRS,n,2,285.26,1.46,N,2
24.18255,82.65908,313.8,0.38,0.36,2026-06-25,2013,N20,VIIRS,n,2,290.16,3.05,N,2
24.2051,82.70953,303.98,0.38,0.36,2026-06-25,2013,N20,VIIRS,n,2,284.48,3.09,N,2
24.93062,84.14758,312.33,0.39,0.36,2026-06-25,2013,N20,VIIRS,n,2,292.25,1.92,N,2
20.7587,85.29743,313.42,0.46,0.39,2026-06-25,2014,N20,VIIRS,n,2,291.63,3.32,N,2
20.75948,85.29311,309.49,0.46,0.39,2026-06-25,2014,N20,VIIRS,n,2,291.29,2.63,N,2
20.76226,85.29816,307.55,0.46,0.39,2026-06-25,2014,N20,VIIRS,n,2,291.18,2.4,N,2
20.78625,85.26704,310.1,0.46,0.39,2026-06-25,2014,N20,VIIRS,n,2,292.17,3.99,N,2
20.78703,85.2627,310.75,0.46,0.39,2026-06-25,2014,N20,VIIRS,n,2,292.41,4.9,N,2
20.79136,85.25906,309.56,0.46,0.39,2026-06-25,2014,N20,VIIRS,n,2,291.95,4.2,N,2
20.79213,85.2547,313.65,0.46,0.39,2026-06-25,2014,N20,VIIRS,n,2,291.15,3.99,N,2
20.79569,85.2554,330.29,0.46,0.39,2026-06-25,2014,N20,VIIRS,n,2,290.94,3.99,N,2
20.79847,85.26047,308.39,0.46,0.39,2026-06-25,2014,N20,VIIRS,n,2,290.04,3.14,N,2
20.80634,85.25758,321.76,0.46,0.39,2026-06-25,2014,N20,VIIRS,n,2,292.29,5.48,N,2
20.86366,84.99432,304.39,0.45,0.39,2026-06-25,2014,N20,VIIRS,n,2,280.85,2.06,N,2
20.86792,84.99072,316.47,0.44,0.39,2026-06-25,2014,N20,VIIRS,n,2,291.75,5.14,N,2
20.88766,84.98162,337.79,0.44,0.39,2026-06-25,2014,N20,VIIRS,n,2,291.3,6,N,2
20.89117,84.98232,312.77,0.44,0.39,2026-06-25,2014,N20,VIIRS,n,2,289.52,2.19,N,2
20.9554,85.01044,315.37,0.44,0.39,2026-06-25,2014,N20,VIIRS,n,2,290.92,3.35,N,2
20.9589,85.01115,308.94,0.44,0.39,2026-06-25,2014,N20,VIIRS,n,2,291.57,1.92,N,2
20.96152,85.18342,307.83,0.45,0.39,2026-06-25,2014,N20,VIIRS,n,2,289.35,4.49,N,2
20.96241,85.01186,316.25,0.44,0.39,2026-06-25,2014,N20,VIIRS,n,2,291.6,1.92,N,2
20.96431,85.18844,317.5,0.45,0.39,2026-06-25,2014,N20,VIIRS,n,2,284.24,4.32,N,2
20.96452,85.16629,306.7,0.45,0.39,2026-06-25,2014,N20,VIIRS,n,2,285.42,5.03,N,2
20.96998,85.03088,308.32,0.45,0.39,2026-06-25,2014,N20,VIIRS,n,2,291.64,2.74,N,0
20.97009,85.17628,336.98,0.45,0.39,2026-06-25,2014,N20,VIIRS,n,2,287.76,8.7,N,2
21.07375,85.04164,311.58,0.44,0.39,2026-06-25,2014,N20,VIIRS,n,2,291.76,2.02,N,2
21.07448,85.03743,309.22,0.44,0.39,2026-06-25,2014,N20,VIIRS,n,2,292.75,2.02,N,2
21.07726,85.04235,309.64,0.44,0.39,2026-06-25,2014,N20,VIIRS,n,2,291.6,1.82,N,2
21.07799,85.03815,316.53,0.44,0.39,2026-06-25,2014,N20,VIIRS,n,2,292.77,1.82,N,2
21.08076,85.04305,308.17,0.44,0.39,2026-06-25,2014,N20,VIIRS,n,2,292,1.82,N,2
21.21347,82.13736,315.21,0.38,0.36,2026-06-25,2014,N20,VIIRS,n,2,291.94,3.74,N,2
20.27954,86.68758,337.37,0.39,0.36,2026-06-26,725,N20,VIIRS,l,2,299.54,6.41,D,0
20.64938,83.72908,339.39,0.48,0.4,2026-06-26,725,N20,VIIRS,n,2,300.12,5.84,D,0
20.95292,85.01466,331.17,0.42,0.38,2026-06-26,725,N20,VIIRS,l,2,301.51,6.74,D,0
20.95467,85.0107,334.11,0.42,0.38,2026-06-26,725,N20,VIIRS,l,2,302.77,5.08,D,2
20.95535,85.01472,333.19,0.42,0.38,2026-06-26,725,N20,VIIRS,l,2,301.18,5.08,D,2
20.96076,85.1909,330.75,0.42,0.38,2026-06-26,725,N20,VIIRS,l,2,300.9,4.64,D,2
20.96353,85.18629,335.61,0.42,0.38,2026-06-26,725,N20,VIIRS,l,2,299.88,5.22,D,2
20.96419,85.19026,351.22,0.42,0.38,2026-06-26,725,N20,VIIRS,n,2,301.35,7.74,D,2
20.96774,85.16903,330.97,0.42,0.38,2026-06-26,725,N20,VIIRS,l,2,297.05,2.75,D,2
20.9684,85.17303,334.04,0.42,0.38,2026-06-26,725,N20,VIIRS,l,2,297.4,4.74,D,2
20.96906,85.17702,355.65,0.42,0.38,2026-06-26,725,N20,VIIRS,n,2,300.2,4.74,D,2
20.97248,85.17637,330.01,0.42,0.38,2026-06-26,725,N20,VIIRS,l,2,297.31,4.74,D,2
20.97524,85.17171,331.7,0.42,0.38,2026-06-26,725,N20,VIIRS,l,2,297.4,4.39,D,2
20.97906,85.13434,344.23,0.42,0.38,2026-06-26,725,N20,VIIRS,n,2,298.15,7.1,D,2
20.9806,83.68681,331.91,0.48,0.4,2026-06-26,726,N20,VIIRS,n,2,296.84,0.97,D,0
21.18463,83.9091,331.51,0.47,0.39,2026-06-26,726,N20,VIIRS,n,2,296.15,6.16,D,0
22.32029,82.56729,335.75,0.52,0.42,2026-06-26,726,N20,VIIRS,n,2,299.14,3.79,D,2
22.33133,82.60641,336.25,0.52,0.42,2026-06-26,726,N20,VIIRS,n,2,300.57,5.87,D,2
22.37608,87.28049,334.83,0.38,0.36,2026-06-26,726,N20,VIIRS,n,2,293.5,6.39,D,2
22.57246,85.89654,333.82,0.39,0.36,2026-06-26,726,N20,VIIRS,l,2,298.1,4.16,D,2
22.80066,86.09114,336.6,0.39,0.36,2026-06-26,726,N20,VIIRS,l,2,298.82,5.26,D,2
23.55831,87.23984,338.48,0.39,0.36,2026-06-26,726,N20,VIIRS,n,2,298.28,5.74,D,2
23.66461,87.15588,341.29,0.39,0.36,2026-06-26,726,N20,VIIRS,n,2,300.78,6.27,D,2
23.77795,86.20768,334.24,0.39,0.36,2026-06-26,726,N20,VIIRS,l,2,302.57,4.89,D,2
23.77854,86.21143,340.88,0.39,0.36,2026-06-26,726,N20,VIIRS,l,2,301.58,4.89,D,2
23.78183,86.21082,340.99,0.39,0.36,2026-06-26,726,N20,VIIRS,l,2,302.07,6.74,D,2
24.18368,82.66137,333.62,0.49,0.4,2026-06-26,726,N20,VIIRS,n,2,298.92,5.18,D,2
25.03586,87.38889,340.94,0.39,0.36,2026-06-26,726,N20,VIIRS,n,2,299.85,5.34,D,0
25.80037,84.22011,336.44,0.41,0.37,2026-06-26,727,N20,VIIRS,l,2,300.32,7.74,D,0
26.76136,83.19839,307.39,0.55,0.43,2026-06-26,1953,N20,VIIRS,n,2,292.51,3.28,N,2
22.0519,88.12292,324.55,0.39,0.36,2026-06-26,1954,N20,VIIRS,n,2,293.1,2.69,N,2
22.0546,88.1273,318.63,0.39,0.36,2026-06-26,1954,N20,VIIRS,n,2,294.28,2,N,2
22.05521,88.12355,326.45,0.39,0.36,2026-06-26,1954,N20,VIIRS,n,2,294.18,2,N,2
22.31497,82.53478,307.17,0.53,0.42,2026-06-26,1954,N20,VIIRS,n,2,290.76,1.3,N,2
22.31549,82.56116,310.64,0.53,0.42,2026-06-26,1954,N20,VIIRS,n,2,291.31,2.86,N,0
22.318,82.57203,309.11,0.53,0.42,2026-06-26,1954,N20,VIIRS,n,2,291.29,1.38,N,0
22.31867,82.56689,309.76,0.53,0.42,2026-06-26,1954,N20,VIIRS,n,2,291.14,1.38,N,0
22.32251,82.56744,307.17,0.53,0.42,2026-06-26,1954,N20,VIIRS,n,2,291.52,1.44,N,2
22.32517,82.54687,312.86,0.53,0.42,2026-06-26,1954,N20,VIIRS,n,2,290.91,2.01,N,2
22.32553,82.60445,306.75,0.53,0.42,2026-06-26,1954,N20,VIIRS,n,2,290.73,1.27,N,0
22.32937,82.60499,315.75,0.53,0.42,2026-06-26,1954,N20,VIIRS,n,2,291.47,1.27,N,2
22.33103,82.53193,306.75,0.53,0.42,2026-06-26,1954,N20,VIIRS,n,2,290.48,1.43,N,2
22.3332,82.60558,312.28,0.53,0.42,2026-06-26,1954,N20,VIIRS,n,2,291.07,1.27,N,2
22.35683,87.29066,308.35,0.38,0.36,2026-06-26,1954,N20,VIIRS,n,2,292.63,0.62,N,2
22.35859,87.27958,308.37,0.38,0.36,2026-06-26,1954,N20,VIIRS,n,2,292.53,0.7,N,0
22.36012,87.29127,309.47,0.38,0.36,2026-06-26,1954,N20,VIIRS,n,2,292.5,0.77,N,2
22.36074,82.30128,326.31,0.55,0.43,2026-06-26,1954,N20,VIIRS,n,2,289.4,4.89,N,2
22.36188,87.28018,307.6,0.38,0.36,2026-06-26,1954,N20,VIIRS,n,2,292.14,0.32,N,0
22.3619,87.01862,321.42,0.38,0.36,2026-06-26,1954,N20,VIIRS,n,2,293.38,1.85,N,2
22.36493,87.30356,314.95,0.38,0.36,2026-06-26,1954,N20,VIIRS,n,2,293.63,1.84,N,2
22.36519,87.01922,322.07,0.38,0.36,2026-06-26,1954,N20,VIIRS,n,2,293.77,1.85,N,2
22.36552,87.29987,329.08,0.38,0.36,2026-06-26,1954,N20,VIIRS,n,2,294.1,1.84,N,2
22.36881,87.30048,315.05,0.38,0.36,2026-06-26,1954,N20,VIIRS,n,2,293.3,1.84,N,2
22.37562,87.27889,308.91,0.38,0.36,2026-06-26,1954,N20,VIIRS,n,2,293.59,1.61,N,2
22.37832,87.2832,309.84,0.38,0.36,2026-06-26,1954,N20,VIIRS,n,2,293.35,1.61,N,2
22.37891,87.2795,332.51,0.38,0.36,2026-06-26,1954,N20,VIIRS,n,2,294.85,1.61,N,2
22.38043,87.29119,310.48,0.38,0.36,2026-06-26,1954,N20,VIIRS,n,2,292.41,0.82,N,0
22.78912,86.2115,305.19,0.39,0.36,2026-06-26,1954,N20,VIIRS,n,2,286.32,1.7,N,2
22.87573,86.06209,306.67,0.39,0.37,2026-06-26,1954,N20,VIIRS,n,2,289.43,2.41,N,2
22.96394,85.99905,307.61,0.4,0.37,2026-06-26,1954,N20,VIIRS,n,2,291.88,2.96,N,2
23.1657,82.34135,325.92,0.56,0.43,2026-06-26,1954,N20,VIIRS,n,2,288.77,5.95,N,2
23.28227,87.02897,307.97,0.38,0.36,2026-06-26,1954,N20,VIIRS,n,2,292.77,2.12,N,0
23.35022,86.38477,306.34,0.39,0.36,2026-06-26,1954,N20,VIIRS,n,2,289.14,1.99,N,0
23.4815,87.3632,310.82,0.38,0.36,2026-06-26,1954,N20,VIIRS,n,2,293.14,0.92,N,2
23.48209,87.35947,307.73,0.38,0.36,2026-06-26,1954,N20,VIIRS,n,2,293.15,1.24,N,2
23.55128,87.24504,310.96,0.38,0.36,2026-06-26,1954,N20,VIIRS,n,2,293.64,1.86,N,3
23.55457,87.24564,312.22,0.38,0.36,2026-06-26,1954,N20,VIIRS,n,2,293.04,1.86,N,3
23.55515,87.24192,318.28,0.38,0.36,2026-06-26,1954,N20,VIIRS,n,2,293.24,3.07,N,3
23.55844,87.24252,324.38,0.38,0.36,2026-06-26,1954,N20,VIIRS,n,2,292.39,5.17,N,2
23.55902,87.23879,339.11,0.38,0.36,2026-06-26,1954,N20,VIIRS,n,2,293.3,5.17,N,2
23.56019,87.23132,308.48,0.38,0.36,2026-06-26,1954,N20,VIIRS,n,2,292.61,1.97,N,2
23.5621,87.0863,310.94,0.38,0.36,2026-06-26,1954,N20,VIIRS,n,2,292.41,3.38,N,2
23.56268,87.08257,311.15,0.38,0.36,2026-06-26,1954,N20,VIIRS,n,2,291.86,2.59,N,2
23.58031,86.72715,310.44,0.39,0.36,2026-06-26,1954,N20,VIIRS,n,2,292.26,1.82,N,2
23.61472,86.79073,311.05,0.39,0.36,2026-06-26,1954,N20,VIIRS,n,2,291.89,2.33,N,2
23.66305,87.15802,315.29,0.38,0.36,2026-06-26,1954,N20,VIIRS,n,2,292.78,1.61,N,2
23.66363,87.15428,325.45,0.38,0.36,2026-06-26,1954,N20,VIIRS,n,2,293.55,2.31,N,2
23.66401,86.91168,310.2,0.39,0.36,2026-06-26,1954,N20,VIIRS,n,2,292.19,3.4,N,2
23.66922,86.09326,313.54,0.4,0.37,2026-06-26,1954,N20,VIIRS,n,2,291.9,2.39,N,2
23.67188,86.12148,312.53,0.4,0.37,2026-06-26,1954,N20,VIIRS,n,2,292.02,3.31,N,2
23.67317,86.40432,308.24,0.39,0.36,2026-06-26,1954,N20,VIIRS,n,2,293.49,1.87,N,2
23.67372,86.08612,309.29,0.4,0.37,2026-06-26,1954,N20,VIIRS,n,2,291.24,3.18,N,2
23.67431,86.39669,314.18,0.39,0.36,2026-06-26,1954,N20,VIIRS,n,2,295.04,1.85,N,2
23.67488,86.39287,325.04,0.39,0.36,2026-06-26,1954,N20,VIIRS,n,2,293.09,1.85,N,2
23.67706,86.08671,336.06,0.4,0.37,2026-06-26,1954,N20,VIIRS,n,2,293.87,3.18,N,2
23.67706,86.40111,320.4,0.39,0.36,2026-06-26,1954,N20,VIIRS,n,2,294.86,1.87,N,2
23.67763,86.39729,317.02,0.39,0.36,2026-06-26,1954,N20,VIIRS,n,2,294.99,1.85,N,2
23.67821,86.39347,310.65,0.39,0.36,2026-06-26,1954,N20,VIIRS,n,2,293.3,1.85,N,2
23.67937,86.07123,307.22,0.4,0.37,2026-06-26,1954,N20,VIIRS,n,2,292.73,2.44,N,2
23.68096,86.3979,313.12,0.39,0.36,2026-06-26,1954,N20,VIIRS,n,2,294.09,2.32,N,2
23.68153,86.39408,317.66,0.39,0.36,2026-06-26,1954,N20,VIIRS,n,2,293.3,2.32,N,2
23.6821,86.39025,308.87,0.39,0.36,2026-06-26,1954,N20,VIIRS,n,2,292.86,2.1,N,2
23.6826,86.0956,311.88,0.4,0.37,2026-06-26,1954,N20,VIIRS,n,2,292.52,3.11,N,2
23.68485,86.39467,330.95,0.39,0.36,2026-06-26,1954,N20,VIIRS,n,2,294.89,2.32,N,2
23.68543,86.39084,320.48,0.39,0.36,2026-06-26,1954,N20,VIIRS,n,2,293.24,2.1,N,2
23.68933,86.38761,315.76,0.39,0.36,2026-06-26,1954,N20,VIIRS,n,2,294.28,4.04,N,2
23.68937,87.10104,309.47,0.39,0.36,2026-06-26,1954,N20,VIIRS,n,2,292.4,2.58,N,2
23.68976,87.12035,316.77,0.38,0.36,2026-06-26,1954,N20,VIIRS,n,2,292.46,2.74,N,2
23.69248,87.1247,308.11,0.38,0.36,2026-06-26,1954,N20,VIIRS,n,2,292.14,2.29,N,2
23.69306,87.12096,313.58,0.38,0.36,2026-06-26,1954,N20,VIIRS,n,2,292.6,1.63,N,2
23.69364,87.11722,310.87,0.39,0.36,2026-06-26,1954,N20,VIIRS,n,2,292.61,1.63,N,2
23.69538,87.10599,307.84,0.39,0.36,2026-06-26,1954,N20,VIIRS,n,2,292.26,2.22,N,2
23.69712,87.09479,314.61,0.39,0.36,2026-06-26,1954,N20,VIIRS,n,2,292.52,2.82,N,2
23.71063,86.4502,323.58,0.39,0.36,2026-06-26,1954,N20,VIIRS,n,2,293.53,2.59,N,2
23.71395,86.4508,327.64,0.39,0.36,2026-06-26,1954,N20,VIIRS,n,2,293.54,2.82,N,2
23.71465,86.4235,310.67,0.39,0.36,2026-06-26,1954,N20,VIIRS,n,2,293.4,1.68,N,2
23.7151,86.44317,310.13,0.39,0.36,2026-06-26,1954,N20,VIIRS,n,2,292.73,1.12,N,2
23.71842,86.44377,309.18,0.39,0.36,2026-06-26,1954,N20,VIIRS,n,2,293.29,1.12,N,2
23.71855,86.42029,312.77,0.39,0.36,2026-06-26,1954,N20,VIIRS,n,2,292.86,1.32,N,2
23.72232,86.44055,311.04,0.39,0.36,2026-06-26,1954,N20,VIIRS,n,2,293.84,1.36,N,2
23.72564,86.44115,314.2,0.39,0.36,2026-06-26,1954,N20,VIIRS,n,2,293.57,1.36,N,2
23.73286,86.43851,309.91,0.39,0.36,2026-06-26,1954,N20,VIIRS,n,2,294.4,2.92,N,2
23.73676,86.4353,338.71,0.39,0.36,2026-06-26,1954,N20,VIIRS,n,2,295.47,6.88,N,2
23.73733,86.43149,323.07,0.39,0.36,2026-06-26,1954,N20,VIIRS,n,2,293.9,4.11,N,2
23.74499,85.506,318.34,0.41,0.37,2026-06-26,1954,N20,VIIRS,n,2,291.99,2.87,N,2
23.74961,86.41802,310.81,0.39,0.36,2026-06-26,1954,N20,VIIRS,n,2,293.37,2.42,N,2
23.75293,86.41861,322.71,0.39,0.36,2026-06-26,1954,N20,VIIRS,n,2,294,3.65,N,2
23.7564,86.39568,314.32,0.39,0.36,2026-06-26,1954,N20,VIIRS,n,2,293.3,2.59,N,2
23.75689,86.75026,307.17,0.39,0.36,2026-06-26,1954,N20,VIIRS,n,2,291.8,2.67,N,0
23.75857,86.40393,326,0.39,0.36,2026-06-26,1954,N20,VIIRS,n,2,293.98,2.5,N,2
23.75914,86.4001,310.9,0.39,0.36,2026-06-26,1954,N20,VIIRS,n,2,293.2,2.5,N,2
23.76035,85.86061,310.59,0.4,0.37,2026-06-26,1954,N20,VIIRS,n,2,288.25,2.94,N,2
23.76189,86.40453,332.52,0.39,0.36,2026-06-26,1954,N20,VIIRS,n,2,293.71,2.38,N,2
23.76247,86.4007,316.67,0.39,0.36,2026-06-26,1954,N20,VIIRS,n,2,293.26,2.38,N,2
23.76362,86.39305,314.8,0.39,0.36,2026-06-26,1954,N20,VIIRS,n,2,294.32,2.33,N,2
23.76521,86.40511,331.25,0.39,0.36,2026-06-26,1954,N20,VIIRS,n,2,294.42,2.38,N,2
23.76536,86.38159,312.01,0.39,0.36,2026-06-26,1954,N20,VIIRS,n,2,294.73,3.05,N,2
23.76579,86.40129,313.11,0.39,0.36,2026-06-26,1954,N20,VIIRS,n,2,293.64,2.38,N,2
23.76651,86.37395,313.74,0.39,0.36,2026-06-26,1954,N20,VIIRS,n,2,293.8,2.93,N,2
23.76695,86.39365,309.82,0.39,0.36,2026-06-26,1954,N20,VIIRS,n,2,294.87,2.33,N,2
23.76854,86.40571,322.85,0.39,0.36,2026-06-26,1954,N20,VIIRS,n,2,293.54,2.46,N,2
23.76912,86.40189,319.75,0.39,0.36,2026-06-26,1954,N20,VIIRS,n,2,293.93,2.46,N,2
23.77248,86.19767,313.9,0.4,0.37,2026-06-26,1954,N20,VIIRS,n,2,292.19,3.6,N,2
23.77432,86.36749,314.74,0.39,0.36,2026-06-26,1954,N20,VIIRS,n,2,293.54,3.43,N,2
23.77476,86.38721,313.99,0.39,0.36,2026-06-26,1954,N20,VIIRS,n,2,293.93,3.5,N,2
23.7749,86.36366,333.87,0.39,0.36,2026-06-26,1954,N20,VIIRS,n,2,294.69,3.43,N,2
23.77743,86.21043,314.5,0.4,0.37,2026-06-26,1954,N20,VIIRS,n,2,294.56,2.98,N,2
23.7775,86.39162,316.89,0.39,0.36,2026-06-26,1954,N20,VIIRS,n,2,293.09,2.26,N,2
23.778,86.20657,314.84,0.4,0.37,2026-06-26,1954,N20,VIIRS,n,2,294.72,2.98,N,2
23.77808,86.38781,325.02,0.39,0.36,2026-06-26,1954,N20,VIIRS,n,2,293.5,2.26,N,2
23.7794,86.15137,311.81,0.4,0.37,2026-06-26,1954,N20,VIIRS,n,2,292.23,2.68,N,0
23.78025,86.39604,310,0.39,0.36,2026-06-26,1954,N20,VIIRS,n,2,294.51,2.86,N,2
23.7804,86.3725,315.59,0.39,0.36,2026-06-26,1954,N20,VIIRS,n,2,293.45,3.87,N,2
23.78054,86.34893,310.73,0.39,0.36,2026-06-26,1954,N20,VIIRS,n,2,293.23,2.56,N,2
23.78076,86.21103,333.69,0.4,0.37,2026-06-26,1954,N20,VIIRS,n,2,294.55,2.98,N,2
23.78082,86.39222,329.28,0.39,0.36,2026-06-26,1954,N20,VIIRS,n,2,295.16,2.26,N,2
23.7814,86.3884,314.27,0.39,0.36,2026-06-26,1954,N20,VIIRS,n,2,293.77,2.26,N,2
23.7837,86.39232,309.28,0.39,0.36,2026-06-26,1954,N20,VIIRS,n,2,293.11,2.26,N,2
23.78503,86.34187,310.84,0.39,0.36,2026-06-26,1954,N20,VIIRS,n,2,292.1,2.32,N,2
23.79275,86.35461,309.6,0.39,0.36,2026-06-26,1954,N20,VIIRS,n,2,293.83,3.13,N,2
23.79456,86.23322,308.39,0.4,0.37,2026-06-26,1954,N20,VIIRS,n,2,292.6,3,N,2
23.79607,86.3552,327.89,0.39,0.36,2026-06-26,1954,N20,VIIRS,n,2,293.81,2.21,N,2
23.79665,86.35136,317.23,0.39,0.36,2026-06-26,1954,N20,VIIRS,n,2,293.91,2.21,N,2
23.79997,86.35196,319.89,0.39,0.36,2026-06-26,1954,N20,VIIRS,n,2,293.91,2.21,N,2
23.80284,86.3328,316.81,0.39,0.36,2026-06-26,1954,N20,VIIRS,n,2,293.97,2.86,N,2
23.80341,86.32896,327.27,0.39,0.36,2026-06-26,1954,N20,VIIRS,n,2,295.04,2.86,N,2
23.80674,86.32955,318.75,0.39,0.36,2026-06-26,1954,N20,VIIRS,n,2,294.36,3.19,N,2
23.81043,86.66668,312.66,0.39,0.36,2026-06-26,1954,N20,VIIRS,n,2,291.86,2.98,N,0
23.82319,85.49764,311.12,0.41,0.37,2026-06-26,1954,N20,VIIRS,n,2,293.49,2.92,N,2
23.82659,85.49824,309,0.41,0.37,2026-06-26,1954,N20,VIIRS,n,2,293.06,2.59,N,2
24.11394,86.85925,307.12,0.39,0.36,2026-06-26,1954,N20,VIIRS,n,2,291.15,2.13,N,2
24.11724,86.85984,311.58,0.39,0.36,2026-06-26,1954,N20,VIIRS,n,2,292.09,2.13,N,2
24.36836,88.09888,311.52,0.39,0.36,2026-06-26,1954,N20,VIIRS,n,2,292.23,0.94,N,0
25.03421,87.3729,306.86,0.39,0.36,2026-06-26,1954,N20,VIIRS,n,2,290.86,1.35,N,2
25.03691,87.3773,304.8,0.39,0.36,2026-06-26,1954,N20,VIIRS,n,2,290.41,1.35,N,2
25.31197,83.01471,308.33,0.54,0.42,2026-06-26,1954,N20,VIIRS,n,2,289.55,4.62,N,2
20.27819,86.68919,304.93,0.38,0.36,2026-06-26,1955,N20,VIIRS,n,2,287.39,1.66,N,0
20.30616,86.61924,307.76,0.38,0.36,2026-06-26,1955,N20,VIIRS,n,2,289.91,2.16,N,0
20.78581,85.26781,314.17,0.4,0.37,2026-06-26,1955,N20,VIIRS,n,2,291.38,3.13,N,2
20.78638,85.26401,310.7,0.4,0.37,2026-06-26,1955,N20,VIIRS,n,2,291.74,3.13,N,2
20.78695,85.26019,309.02,0.4,0.37,2026-06-26,1955,N20,VIIRS,n,2,290.98,5.43,N,2
20.79481,85.25372,337.24,0.4,0.37,2026-06-26,1955,N20,VIIRS,n,2,292.57,6.78,N,2
20.7976,85.25809,317.54,0.4,0.37,2026-06-26,1955,N20,VIIRS,n,2,291.17,3.09,N,2
20.80096,85.25866,308.91,0.4,0.37,2026-06-26,1955,N20,VIIRS,n,2,291.09,3.09,N,2
20.80613,85.25872,320.21,0.4,0.37,2026-06-26,1955,N20,VIIRS,n,2,291.95,5.51,N,2
20.80669,85.2549,309.88,0.4,0.37,2026-06-26,1955,N20,VIIRS,n,2,291.91,4.03,N,2
20.9679,86.01332,307.43,0.39,0.36,2026-06-26,1955,N20,VIIRS,n,2,282.54,0.92,N,2
20.97566,86.00706,304.93,0.39,0.36,2026-06-26,1955,N20,VIIRS,n,2,285.27,1.11,N,2
21.80297,82.04146,306.7,0.56,0.43,2026-06-26,1955,N20,VIIRS,n,2,288.84,4.32,N,2
22.00446,82.67373,306.88,0.52,0.41,2026-06-26,1955,N20,VIIRS,n,2,290.6,4.08,N,2
22.00513,82.66869,310.31,0.52,0.42,2026-06-26,1955,N20,VIIRS,n,2,290.92,4.52,N,2
22.04035,83.35045,308.05,0.48,0.4,2026-06-26,1955,N20,VIIRS,n,2,289.39,2.23,N,2
21.18549,83.10832,336.61,0.33,0.55,2026-06-27,707,N20,VIIRS,n,2,291.16,3.82,D,0
21.18591,83.10639,332.8,0.33,0.55,2026-06-27,707,N20,VIIRS,n,2,291.91,2.39,D,0
22.5731,85.8987,333.44,0.42,0.45,2026-06-27,707,N20,VIIRS,n,2,296.86,5.68,D,2
22.79935,86.0927,340.76,0.4,0.44,2026-06-27,707,N20,VIIRS,n,2,297.76,8.05,D,2
23.67565,86.39751,332.8,0.56,0.43,2026-06-27,707,N20,VIIRS,l,2,303.24,7.88,D,2
23.67665,86.40291,330,0.56,0.43,2026-06-27,707,N20,VIIRS,l,2,301.02,6.15,D,2
23.67955,86.39671,330.98,0.56,0.43,2026-06-27,707,N20,VIIRS,l,2,301.53,5.52,D,2
23.68345,86.39587,335.39,0.56,0.43,2026-06-27,707,N20,VIIRS,n,2,300.15,5.52,D,2
23.7167,86.44473,332.2,0.56,0.43,2026-06-27,707,N20,VIIRS,n,2,301.51,3.62,D,2
23.7168,86.44291,332.26,0.56,0.43,2026-06-27,707,N20,VIIRS,n,2,301.08,9.29,D,2
23.73518,86.43331,339.74,0.56,0.43,2026-06-27,707,N20,VIIRS,n,2,300.68,9.09,D,2
23.77703,86.20677,331.34,0.57,0.43,2026-06-27,707,N20,VIIRS,l,2,301.84,5.22,D,2
23.77809,86.21233,331.02,0.57,0.43,2026-06-27,707,N20,VIIRS,n,2,300.26,5.22,D,2
23.77856,86.20863,332.63,0.57,0.43,2026-06-27,707,N20,VIIRS,n,2,302.26,8.49,D,2
23.77958,86.21416,331.11,0.57,0.43,2026-06-27,707,N20,VIIRS,n,2,300.35,3.83,D,2
23.82297,84.57178,330.12,0.47,0.48,2026-06-27,708,N20,VIIRS,n,2,296.18,6.08,D,0
23.82389,84.57638,330.16,0.47,0.48,2026-06-27,708,N20,VIIRS,n,2,297.33,10.77,D,0
24.15022,82.58565,330.68,0.62,0.54,2026-06-27,708,N20,VIIRS,n,2,294.49,4.53,D,0
24.20314,82.71282,334.05,0.61,0.53,2026-06-27,708,N20,VIIRS,n,2,295.07,6.44,D,2
24.95331,83.25905,336.8,0.54,0.51,2026-06-27,708,N20,VIIRS,n,2,296.29,3.06,D,0
25.03467,84.3822,332.74,0.46,0.47,2026-06-27,708,N20,VIIRS,n,2,296.17,3.45,D,0
25.52604,84.4966,332.22,0.44,0.46,2026-06-27,708,N20,VIIRS,n,2,297.04,1.06,D,0
26.20726,84.09325,342.03,0.46,0.47,2026-06-27,708,N20,VIIRS,n,2,288.19,6.93,D,0
26.20871,84.09147,346.17,0.46,0.47,2026-06-27,708,N20,VIIRS,n,2,287.69,6.45,D,0
22.35958,87.29136,308.33,0.53,0.42,2026-06-27,1935,N20,VIIRS,n,2,285.17,1.39,N,2
22.36254,87.01878,308.78,0.55,0.43,2026-06-27,1935,N20,VIIRS,n,2,288.44,1.59,N,2
22.36596,87.30283,321.63,0.53,0.42,2026-06-27,1935,N20,VIIRS,n,2,287.23,4.87,N,2
22.36645,87.01939,317.42,0.55,0.43,2026-06-27,1935,N20,VIIRS,n,2,288.56,1.59,N,2
22.377,87.27818,319.58,0.53,0.42,2026-06-27,1935,N20,VIIRS,n,2,285.77,4.34,N,2
22.57566,85.89564,310.86,0.43,0.46,2026-06-27,1935,N20,VIIRS,n,2,287.52,2.64,N,2
22.57618,85.89145,306.32,0.43,0.46,2026-06-27,1935,N20,VIIRS,n,2,287.42,1.13,N,2
22.78554,86.00709,305.1,0.43,0.46,2026-06-27,1935,N20,VIIRS,n,2,285.85,0.91,N,0
22.79002,86.19438,302.55,0.42,0.45,2026-06-27,1935,N20,VIIRS,n,2,277.84,0.43,N,2
22.79686,86.20766,301.85,0.42,0.45,2026-06-27,1935,N20,VIIRS,n,2,275.74,1.2,N,2
22.79793,86.09182,301.99,0.42,0.45,2026-06-27,1935,N20,VIIRS,n,2,279.37,0.47,N,2
22.8021,86.09241,301.53,0.42,0.45,2026-06-27,1935,N20,VIIRS,n,2,279.57,0.47,N,2
22.85709,86.05841,306.37,0.42,0.46,2026-06-27,1935,N20,VIIRS,n,2,285.46,0.77,N,2
22.8733,86.06484,309.02,0.42,0.45,2026-06-27,1935,N20,VIIRS,n,2,285.2,2.12,N,0
23.48383,87.3649,302.78,0.54,0.42,2026-06-27,1935,N20,VIIRS,n,2,282.38,1.58,N,2
23.48442,87.36694,303.5,0.55,0.42,2026-06-27,1935,N20,VIIRS,n,2,282.22,2.12,N,2
23.55119,87.24571,304.07,0.55,0.43,2026-06-27,1935,N20,VIIRS,n,2,274.67,1.52,N,3
23.55972,87.24147,305.05,0.55,0.43,2026-06-27,1935,N20,VIIRS,n,2,272.9,0.81,N,2
23.5631,87.08571,303.48,0.57,0.43,2026-06-27,1935,N20,VIIRS,n,2,272.95,1.16,N,2
23.61033,85.67447,303.47,0.46,0.47,2026-06-27,1935,N20,VIIRS,n,2,277.99,1.1,N,0
23.6158,86.79005,300.95,0.39,0.44,2026-06-27,1935,N20,VIIRS,n,2,266.29,0.78,N,2
23.64585,85.43835,318.34,0.47,0.48,2026-06-27,1935,N20,VIIRS,n,2,283.37,1.74,N,2
23.65023,85.439,312.05,0.47,0.48,2026-06-27,1935,N20,VIIRS,n,2,282.99,1.15,N,2
23.65075,85.43439,305.07,0.47,0.48,2026-06-27,1935,N20,VIIRS,n,2,282.94,1.15,N,2
23.66704,84.99902,310.57,0.5,0.49,2026-06-27,1935,N20,VIIRS,n,2,286.08,2.99,N,2
23.67567,86.40069,296.63,0.41,0.45,2026-06-27,1935,N20,VIIRS,n,2,265.5,0.54,N,2
23.68029,86.39729,296.84,0.41,0.45,2026-06-27,1935,N20,VIIRS,n,2,262.49,0.99,N,2
23.68491,86.39385,302.57,0.41,0.45,2026-06-27,1935,N20,VIIRS,n,2,263.8,1.24,N,2
23.69026,87.12284,302.9,0.57,0.43,2026-06-27,1935,N20,VIIRS,n,2,273.95,1.96,N,2
23.71002,86.44974,296.87,0.41,0.45,2026-06-27,1935,N20,VIIRS,n,2,265.74,0.68,N,2
23.71414,86.45036,302.25,0.41,0.45,2026-06-27,1935,N20,VIIRS,n,2,266.93,1.1,N,2
23.71746,86.42194,295.7,0.41,0.45,2026-06-27,1935,N20,VIIRS,n,2,263.12,0.33,N,2
23.72382,86.43941,300.77,0.41,0.45,2026-06-27,1935,N20,VIIRS,n,2,265.25,0.82,N,2
23.73715,86.43314,313.58,0.41,0.45,2026-06-27,1935,N20,VIIRS,n,2,264.36,1.59,N,2
23.74539,85.50695,308.76,0.47,0.48,2026-06-27,1935,N20,VIIRS,n,2,284.26,0.94,N,2
23.75146,86.41878,304.02,0.41,0.45,2026-06-27,1935,N20,VIIRS,n,2,264.84,1.19,N,2
23.76167,86.4037,305.19,0.42,0.45,2026-06-27,1935,N20,VIIRS,n,2,267.61,1.23,N,2
23.76216,86.39958,301.39,0.42,0.45,2026-06-27,1935,N20,VIIRS,n,2,267.73,1.23,N,2
23.7658,86.4043,316.33,0.42,0.45,2026-06-27,1935,N20,VIIRS,n,2,268.16,1.23,N,2
23.76994,86.40489,302.63,0.42,0.45,2026-06-27,1935,N20,VIIRS,n,2,266.61,1.02,N,2
23.77483,86.36401,313.96,0.42,0.45,2026-06-27,1935,N20,VIIRS,n,2,270.25,2.32,N,2
23.77603,86.38924,300.72,0.42,0.45,2026-06-27,1935,N20,VIIRS,n,2,268.37,1.74,N,2
23.78017,86.38986,319.04,0.42,0.45,2026-06-27,1935,N20,VIIRS,n,2,269.31,2.41,N,2
23.78178,85.57705,305.34,0.47,0.47,2026-06-27,1935,N20,VIIRS,n,2,284.35,1.46,N,0
23.79705,86.35475,302.57,0.42,0.45,2026-06-27,1935,N20,VIIRS,n,2,267.73,1.38,N,2
23.79755,86.35062,306.73,0.42,0.45,2026-06-27,1935,N20,VIIRS,n,2,266.6,1.42,N,2
23.80418,86.33074,306.56,0.42,0.45,2026-06-27,1935,N20,VIIRS,n,2,263.68,1.26,N,2
23.82248,85.49619,306.35,0.47,0.48,2026-06-27,1935,N20,VIIRS,n,2,288.67,2.35,N,2
25.03687,87.39055,315.38,0.57,0.43,2026-06-27,1935,N20,VIIRS,n,2,286.24,5.69,N,0
20.76089,85.30009,308.12,0.44,0.46,2026-06-27,1936,N20,VIIRS,n,2,289.44,2,N,2
20.76142,85.29572,311.38,0.44,0.46,2026-06-27,1936,N20,VIIRS,n,2,289.26,3.11,N,2
20.78691,85.2644,309.46,0.45,0.47,2026-06-27,1936,N20,VIIRS,n,2,288.06,1.47,N,2
20.78744,85.26012,308.96,0.45,0.47,2026-06-27,1936,N20,VIIRS,n,2,287.81,1.47,N,2
20.79171,85.26074,305.85,0.45,0.47,2026-06-27,1936,N20,VIIRS,n,2,287.62,1.69,N,2
20.79703,85.25281,317.99,0.45,0.47,2026-06-27,1936,N20,VIIRS,n,2,288.17,4.55,N,2
20.80507,85.25822,311.68,0.45,0.47,2026-06-27,1936,N20,VIIRS,n,2,287.68,2.35,N,2
20.80936,85.25878,306.04,0.45,0.47,2026-06-27,1936,N20,VIIRS,n,2,287.75,2.13,N,2
20.86356,84.99538,308.16,0.47,0.47,2026-06-27,1936,N20,VIIRS,n,2,288.4,2.61,N,2
20.86409,84.99104,316.59,0.47,0.47,2026-06-27,1936,N20,VIIRS,n,2,288.71,4.41,N,2
20.86473,84.99325,308.79,0.47,0.47,2026-06-27,1936,N20,VIIRS,n,2,288.8,3.08,N,2
20.86523,84.98885,318.67,0.47,0.47,2026-06-27,1936,N20,VIIRS,n,2,288.61,2.76,N,2
20.95062,86.04839,307.86,0.4,0.44,2026-06-27,1936,N20,VIIRS,n,2,269.96,1.56,N,2
20.95108,86.04455,300.16,0.4,0.44,2026-06-27,1936,N20,VIIRS,n,2,272.41,1.1,N,2
20.95123,86.04662,308.37,0.4,0.44,2026-06-27,1936,N20,VIIRS,n,2,272.89,1.73,N,2
20.95524,85.01447,309.64,0.47,0.47,2026-06-27,1936,N20,VIIRS,n,2,287.99,2.94,N,2
20.95578,85.00998,309.11,0.47,0.47,2026-06-27,1936,N20,VIIRS,n,2,287.84,3.03,N,2
20.96261,85.18883,324.47,0.45,0.47,2026-06-27,1936,N20,VIIRS,n,2,288.71,2.54,N,2
20.96301,86.01475,306.82,0.4,0.45,2026-06-27,1936,N20,VIIRS,n,2,274.13,3.71,N,2
20.96312,85.18452,308.7,0.45,0.47,2026-06-27,1936,N20,VIIRS,n,2,286.91,2.54,N,2
20.96348,86.01086,341.55,0.4,0.45,2026-06-27,1936,N20,VIIRS,n,2,268.81,3.71,N,2
20.96362,85.18016,304.51,0.45,0.47,2026-06-27,1936,N20,VIIRS,n,2,287.05,3.16,N,2
20.96395,86.00699,326.18,0.4,0.45,2026-06-27,1936,N20,VIIRS,n,2,265.29,1.31,N,2
20.96414,85.17578,317.55,0.45,0.47,2026-06-27,1936,N20,VIIRS,n,2,287.63,3.16,N,2
20.96465,85.17139,311.04,0.46,0.47,2026-06-27,1936,N20,VIIRS,n,2,288.31,3.47,N,2
20.96516,85.16698,315.72,0.46,0.47,2026-06-27,1936,N20,VIIRS,n,2,288.75,3.47,N,2
20.96568,85.16258,321.22,0.46,0.47,2026-06-27,1936,N20,VIIRS,n,2,288.84,6.83,N,2
20.96671,85.15377,319.4,0.46,0.47,2026-06-27,1936,N20,VIIRS,n,2,288.62,3.45,N,2
20.96692,85.18948,306.68,0.45,0.47,2026-06-27,1936,N20,VIIRS,n,2,287.01,2.54,N,2
20.9671,86.01529,303.97,0.4,0.45,2026-06-27,1936,N20,VIIRS,n,2,271.88,3.71,N,2
20.96757,86.01142,316.53,0.4,0.45,2026-06-27,1936,N20,VIIRS,n,2,266.61,3.71,N,2
20.96805,86.00751,299.72,0.4,0.45,2026-06-27,1936,N20,VIIRS,n,2,260.78,1.31,N,2
20.96845,85.17637,333.51,0.45,0.47,2026-06-27,1936,N20,VIIRS,n,2,288.31,3.16,N,2
20.96897,85.17195,319.21,0.46,0.47,2026-06-27,1936,N20,VIIRS,n,2,288.6,3.47,N,2
20.97103,85.15434,313,0.46,0.47,2026-06-27,1936,N20,VIIRS,n,2,288.69,3.45,N,2
20.97277,85.17693,325.06,0.45,0.47,2026-06-27,1936,N20,VIIRS,n,2,288.35,5.88,N,2
20.97462,85.1236,306.68,0.46,0.47,2026-06-27,1936,N20,VIIRS,n,2,283.92,3.65,N,2
20.9776,85.1731,308.75,0.46,0.47,2026-06-27,1936,N20,VIIRS,n,2,288.16,2.91,N,2
20.97793,85.13295,314.07,0.46,0.47,2026-06-27,1936,N20,VIIRS,n,2,285.43,2.35,N,2
20.97812,85.16868,308.91,0.46,0.47,2026-06-27,1936,N20,VIIRS,n,2,288.5,2.91,N,2
20.98174,85.13793,307.61,0.46,0.47,2026-06-27,1936,N20,VIIRS,n,2,287.25,2.35,N,2
20.98225,85.13354,304.59,0.46,0.47,2026-06-27,1936,N20,VIIRS,n,2,286.76,2.35,N,2
21.67246,82.0803,295.94,0.37,0.58,2026-06-27,1936,N20,VIIRS,n,2,269.95,0.57,N,2
21.67922,84.04104,303.42,0.55,0.51,2026-06-27,1936,N20,VIIRS,n,2,282.09,3.12,N,2
21.73987,83.84137,307.82,0.57,0.52,2026-06-27,1936,N20,VIIRS,n,2,284.4,4.75,N,0
21.74048,83.84334,310.86,0.57,0.52,2026-06-27,1936,N20,VIIRS,n,2,284.77,3.02,N,2
21.87712,83.55439,305.12,0.59,0.53,2026-06-27,1936,N20,VIIRS,n,2,285.16,1.63,N,2
21.87884,83.55396,308.46,0.59,0.53,2026-06-27,1936,N20,VIIRS,n,2,285.11,1.68,N,2
21.92093,83.35215,316.13,0.61,0.53,2026-06-27,1936,N20,VIIRS,n,2,285.47,4.04,N,2
21.92264,83.35292,313.87,0.61,0.54,2026-06-27,1936,N20,VIIRS,n,2,285.22,2.95,N,2
21.92325,83.34698,306.04,0.61,0.54,2026-06-27,1936,N20,VIIRS,n,2,284.14,4.28,N,2
21.92863,85.22143,307.41,0.47,0.47,2026-06-27,1936,N20,VIIRS,n,2,285.79,2.74,N,2
21.97085,85.31358,302.84,0.46,0.47,2026-06-27,1936,N20,VIIRS,n,2,285.75,0.72,N,2
22.00708,82.67099,300.17,0.34,0.56,2026-06-27,1936,N20,VIIRS,n,2,271.45,1.16,N,2
22.03855,83.7332,307.71,0.58,0.52,2026-06-27,1936,N20,VIIRS,n,2,283.07,2.11,N,2
22.03947,83.35166,307.94,0.61,0.54,2026-06-27,1936,N20,VIIRS,n,2,277.42,1.76,N,2
22.04397,83.72813,304.68,0.58,0.52,2026-06-27,1936,N20,VIIRS,n,2,282.92,2.11,N,2
22.05276,88.12276,307.51,0.48,0.4,2026-06-27,1936,N20,VIIRS,n,2,289.52,2.67,N,2
22.13324,85.3843,301.54,0.46,0.47,2026-06-27,1936,N20,VIIRS,n,2,283.59,0.57,N,2
22.2106,84.86373,303.2,0.49,0.49,2026-06-27,1936,N20,VIIRS,n,2,281.69,1.36,N,2
22.21454,84.86913,308.15,0.49,0.49,2026-06-27,1936,N20,VIIRS,n,2,280.88,1.29,N,2
22.315,82.56062,297.46,0.35,0.57,2026-06-27,1936,N20,VIIRS,n,2,266.49,0.24,N,2
22.31613,82.55957,296.64,0.35,0.57,2026-06-27,1936,N20,VIIRS,n,2,265.74,0.33,N,2
22.32068,82.56702,295.6,0.35,0.57,2026-06-27,1936,N20,VIIRS,n,2,264,1.31,N,2
20.88995,84.98215,330.32,0.51,0.66,2026-06-28,648,N20,VIIRS,n,2,286.73,6.3,D,2
20.95965,86.0078,345.48,0.44,0.62,2026-06-28,648,N20,VIIRS,n,2,285.51,6.12,D,2
20.96268,86.00632,333.99,0.44,0.62,2026-06-28,648,N20,VIIRS,n,2,286.78,3.53,D,2
20.96649,85.18044,330.01,0.49,0.65,2026-06-28,648,N20,VIIRS,n,2,285.47,5.9,D,2
20.96561,86.01522,336.17,0.76,0.77,2026-06-28,828,N20,VIIRS,n,2,280.69,11.52,D,2
20.96943,86.01553,333.99,0.76,0.77,2026-06-28,828,N20,VIIRS,n,2,279.42,11.82,D,2
22.36214,82.30353,332.3,0.45,0.63,2026-06-28,829,N20,VIIRS,n,2,276.07,8.05,D,2
23.681,86.396,307.51,0.41,0.61,2026-06-28,1916,N20,VIIRS,n,2,279.73,3.05,N,2
23.68698,86.39254,307.75,0.41,0.61,2026-06-28,1916,N20,VIIRS,n,2,280.74,2.71,N,2
23.71402,86.45292,301.67,0.41,0.61,2026-06-28,1916,N20,VIIRS,n,2,276.86,1.56,N,2
23.71835,86.42097,305.51,0.41,0.61,2026-06-28,1916,N20,VIIRS,n,2,281.57,1.3,N,2
23.73816,86.43517,319.94,0.41,0.61,2026-06-28,1916,N20,VIIRS,n,2,282.11,3.06,N,2
23.73852,86.43111,306.71,0.41,0.61,2026-06-28,1916,N20,VIIRS,n,2,282.28,2.44,N,2
23.75114,86.41624,315.16,0.41,0.61,2026-06-28,1916,N20,VIIRS,n,2,282.5,2.17,N,2
23.75857,86.39622,305.05,0.41,0.61,2026-06-28,1916,N20,VIIRS,n,2,280.77,2.17,N,2
23.76343,86.4053,312.12,0.41,0.61,2026-06-28,1916,N20,VIIRS,n,2,281.84,2.36,N,2
23.76381,86.40108,310.15,0.41,0.61,2026-06-28,1916,N20,VIIRS,n,2,281.27,2.3,N,2
23.76454,86.39281,303.32,0.41,0.61,2026-06-28,1916,N20,VIIRS,n,2,279.09,2.25,N,2
23.76905,86.40588,321.84,0.41,0.61,2026-06-28,1916,N20,VIIRS,n,2,281.72,2.36,N,2
23.76942,86.40172,306.92,0.41,0.61,2026-06-28,1916,N20,VIIRS,n,2,280.18,2.3,N,2
23.77648,86.38611,300.27,0.42,0.61,2026-06-28,1916,N20,VIIRS,n,2,271.22,2.34,N,2
23.78136,86.39494,300.62,0.41,0.61,2026-06-28,1916,N20,VIIRS,n,2,275.63,2.2,N,2
23.78173,86.39089,316.98,0.41,0.61,2026-06-28,1916,N20,VIIRS,n,2,273.04,2.2,N,2
25.03603,87.39139,304.28,0.37,0.58,2026-06-28,1916,N20,VIIRS,n,2,278.02,1.3,N,0
25.03636,87.38772,304.86,0.37,0.58,2026-06-28,1916,N20,VIIRS,n,2,277.26,0.96,N,0
20.78291,85.25551,302.29,0.45,0.63,2026-06-28,1917,N20,VIIRS,n,2,267.85,1.03,N,2
20.78793,85.26496,295.65,0.45,0.63,2026-06-28,1917,N20,VIIRS,n,2,266.79,0.53,N,2
20.78833,85.26057,296.94,0.45,0.63,2026-06-28,1917,N20,VIIRS,n,2,265.53,1.09,N,2
20.79497,85.25262,304.17,0.45,0.63,2026-06-28,1917,N20,VIIRS,n,2,265.18,1.22,N,2
20.80623,85.25816,295.82,0.45,0.63,2026-06-28,1917,N20,VIIRS,n,2,265.89,0.43,N,2
22.05239,88.12447,308.8,0.61,0.54,2026-06-28,1917,N20,VIIRS,n,2,273.09,2.61,N,2
22.05414,88.12614,309.11,0.61,0.54,2026-06-28,1917,N20,VIIRS,n,2,274.38,2.38,N,2
22.36028,87.01735,301.85,0.36,0.58,2026-06-28,1917,N20,VIIRS,n,2,278.26,1.04,N,2
22.36438,87.29924,297.61,0.35,0.57,2026-06-28,1917,N20,VIIRS,n,2,262.83,0.77,N,2
22.36559,87.01801,315.37,0.36,0.58,2026-06-28,1917,N20,VIIRS,n,2,279.16,1.04,N,2
22.3768,87.28006,312.42,0.35,0.57,2026-06-28,1917,N20,VIIRS,n,2,274.93,2.06,N,2
22.37713,87.27664,303.99,0.35,0.57,2026-06-28,1917,N20,VIIRS,n,2,275.78,1.5,N,2
22.15715,82.09588,299.36,0.43,0.62,2026-06-28,2057,N20,VIIRS,n,2,273.06,1.63,N,0
22.31244,82.53085,298.26,0.45,0.63,2026-06-28,2057,N20,VIIRS,n,2,273.02,0.72,N,2
22.31404,82.53078,299.8,0.45,0.63,2026-06-28,2057,N20,VIIRS,n,2,273.07,1,N,2
22.35841,82.30263,321.73,0.44,0.62,2026-06-28,2057,N20,VIIRS,n,2,280.03,2.42,N,2
22.35934,82.29852,311.69,0.44,0.62,2026-06-28,2057,N20,VIIRS,n,2,279.7,2.42,N,2
22.36148,82.30318,320.52,0.44,0.62,2026-06-28,2057,N20,VIIRS,n,2,279.8,2.75,N,2
22.36244,82.29908,316.89,0.44,0.62,2026-06-28,2057,N20,VIIRS,n,2,279.78,2.75,N,2
23.64755,85.43586,302.96,0.64,0.72,2026-06-28,2057,N20,VIIRS,n,2,282,1.38,N,2
23.69802,85.37269,300.62,0.63,0.72,2026-06-28,2057,N20,VIIRS,n,2,276.4,2.2,N,0
20.97785,85.13419,335.74,0.33,0.55,2026-06-29,810,N20,VIIRS,n,2,279.7,5.35,D,2
21.74047,83.84187,332.41,0.55,0.51,2026-06-29,810,N20,VIIRS,n,2,286.48,5.98,D,2
21.75519,83.84572,336.95,0.55,0.51,2026-06-29,810,N20,VIIRS,n,2,285.53,6.96,D,0
22.03927,83.72765,331.49,0.54,0.51,2026-06-29,810,N20,VIIRS,n,2,286.49,6.09,D,2
22.35941,82.30165,339.42,0.45,0.47,2026-06-29,810,N20,VIIRS,n,2,275.99,8.82,D,2
22.36109,82.30172,337.72,0.45,0.47,2026-06-29,810,N20,VIIRS,n,2,276.15,5.09,D,2
25.56292,85.23441,312.19,0.57,0.52,2026-06-29,2037,N20,VIIRS,n,2,278.96,1.95,N,0
25.56701,85.23416,313.44,0.57,0.52,2026-06-29,2037,N20,VIIRS,n,2,279.31,2.7,N,0
25.58186,83.71841,301.65,0.46,0.47,2026-06-29,2038,N20,VIIRS,n,2,266.41,1.34,N,0
21.91769,83.35351,337.24,0.43,0.38,2026-06-30,751,N20,VIIRS,n,2,288.3,2.57,D,2
21.92117,83.35297,331.98,0.43,0.38,2026-06-30,751,N20,VIIRS,n,2,287.61,2.57,D,2
22.36069,87.01693,301.87,0.44,0.46,2026-06-30,2019,N20,VIIRS,n,2,280.89,1.15,N,2
22.36485,87.01787,310.14,0.44,0.46,2026-06-30,2019,N20,VIIRS,n,2,280.79,1.39,N,2
22.36581,87.30048,313.28,0.45,0.47,2026-06-30,2019,N20,VIIRS,n,2,278.57,1.28,N,2
22.37005,87.30145,304.03,0.45,0.47,2026-06-30,2019,N20,VIIRS,n,2,279.71,1.28,N,2
22.37858,87.28084,316.37,0.45,0.47,2026-06-30,2019,N20,VIIRS,n,2,281.99,2.59,N,2
22.37944,87.27653,303.78,0.45,0.47,2026-06-30,2019,N20,VIIRS,n,2,281.54,1.25,N,2
23.64792,85.44045,326.63,0.51,0.41,2026-06-30,2019,N20,VIIRS,n,2,285.82,2.59,N,2
23.64883,85.43552,308.86,0.51,0.41,2026-06-30,2019,N20,VIIRS,n,2,285.53,2.59,N,2
23.65591,85.50625,307.07,0.51,0.41,2026-06-30,2019,N20,VIIRS,n,2,287.39,1.35,N,2
23.66404,85.00013,303.18,0.48,0.4,2026-06-30,2019,N20,VIIRS,n,2,288.32,0.62,N,2
23.67915,86.39976,299.34,0.57,0.43,2026-06-30,2019,N20,VIIRS,n,2,275.01,1.27,N,2
23.68063,86.09522,319.95,0.55,0.43,2026-06-30,2019,N20,VIIRS,n,2,275.72,2.62,N,2
23.68413,86.3951,305.4,0.57,0.43,2026-06-30,2019,N20,VIIRS,n,2,275.09,1.94,N,2
23.69299,85.37139,305.95,0.5,0.41,2026-06-30,2019,N20,VIIRS,n,2,285.48,1.23,N,0
23.6967,85.37218,308.03,0.5,0.41,2026-06-30,2019,N20,VIIRS,n,2,285.08,1.23,N,0
23.69762,85.3673,306.29,0.5,0.41,2026-06-30,2019,N20,VIIRS,n,2,284.58,1.17,N,0
23.70982,86.44802,317.03,0.38,0.43,2026-06-30,2019,N20,VIIRS,n,2,287.08,1.86,N,2
23.71303,86.45258,317,0.38,0.43,2026-06-30,2019,N20,VIIRS,n,2,287.17,1.76,N,2
23.71375,86.44889,313.87,0.38,0.43,2026-06-30,2019,N20,VIIRS,n,2,286.99,2.25,N,2
23.71951,85.00718,305.9,0.48,0.4,2026-06-30,2019,N20,VIIRS,n,2,288.23,0.71,N,2
23.72377,86.4396,305.93,0.38,0.43,2026-06-30,2019,N20,VIIRS,n,2,284.64,2.13,N,2
23.73528,85.02315,304.51,0.48,0.4,2026-06-30,2019,N20,VIIRS,n,2,289.17,0.84,N,0
23.73601,85.02052,305.71,0.48,0.4,2026-06-30,2019,N20,VIIRS,n,2,289.14,1.69,N,2
23.73644,86.43765,300.77,0.57,0.43,2026-06-30,2019,N20,VIIRS,n,2,280.67,1.96,N,2
23.73751,86.43212,318.41,0.57,0.43,2026-06-30,2019,N20,VIIRS,n,2,279.99,1.96,N,2
23.73792,85.00905,306.89,0.48,0.4,2026-06-30,2019,N20,VIIRS,n,2,289.22,1.99,N,2
23.73856,85.00638,308.78,0.48,0.4,2026-06-30,2019,N20,VIIRS,n,2,289.01,1.91,N,2
23.74551,85.50513,304.3,0.51,0.41,2026-06-30,2019,N20,VIIRS,n,2,287.72,1,N,2
23.75793,85.85671,308.65,0.53,0.42,2026-06-30,2019,N20,VIIRS,n,2,285.07,2.13,N,2
23.75958,86.4026,312.82,0.57,0.43,2026-06-30,2019,N20,VIIRS,n,2,277.59,1.9,N,2
23.76351,86.40347,309.95,0.57,0.43,2026-06-30,2019,N20,VIIRS,n,2,278.06,1.34,N,2
23.76561,86.39253,301.17,0.57,0.43,2026-06-30,2019,N20,VIIRS,n,2,281.3,2.14,N,2
23.76742,86.40436,305.48,0.57,0.43,2026-06-30,2019,N20,VIIRS,n,2,278.95,1.34,N,2
23.76772,86.38153,304.02,0.57,0.43,2026-06-30,2019,N20,VIIRS,n,2,285.51,1.89,N,2
23.77478,86.36598,316.14,0.57,0.43,2026-06-30,2019,N20,VIIRS,n,2,288.23,2.43,N,2
23.77582,86.36053,311.05,0.57,0.43,2026-06-30,2019,N20,VIIRS,n,2,287.98,2.43,N,2
23.77842,86.3896,311.87,0.57,0.43,2026-06-30,2019,N20,VIIRS,n,2,285.59,3.82,N,2
23.78156,86.3732,310.11,0.57,0.43,2026-06-30,2019,N20,VIIRS,n,2,288.34,3.38,N,2
23.78234,86.39047,303.8,0.57,0.43,2026-06-30,2019,N20,VIIRS,n,2,285.88,2.46,N,2
23.78303,85.57745,305.91,0.52,0.41,2026-06-30,2019,N20,VIIRS,n,2,289.24,2.88,N,0
23.7839,86.33963,309.36,0.57,0.43,2026-06-30,2019,N20,VIIRS,n,2,287.4,2.45,N,2
23.78772,85.55255,310.62,0.51,0.41,2026-06-30,2019,N20,VIIRS,n,2,288.52,1.51,N,2
23.79745,86.354,315.27,0.57,0.43,2026-06-30,2019,N20,VIIRS,n,2,288.24,3.31,N,2
23.79848,86.34856,306.37,0.57,0.43,2026-06-30,2019,N20,VIIRS,n,2,288.03,2.42,N,2
23.8016,86.33214,311.14,0.56,0.43,2026-06-30,2019,N20,VIIRS,n,2,287.51,1.87,N,2
23.8055,86.33302,310.1,0.56,0.43,2026-06-30,2019,N20,VIIRS,n,2,287.54,1.87,N,2
23.80653,86.32759,306.27,0.56,0.43,2026-06-30,2019,N20,VIIRS,n,2,287.31,2.94,N,2
23.82337,84.57481,301.89,0.46,0.39,2026-06-30,2019,N20,VIIRS,n,2,274.09,1.39,N,0
23.82494,85.49892,308.07,0.51,0.41,2026-06-30,2019,N20,VIIRS,n,2,289.55,2,N,2
23.82581,84.57365,305.93,0.46,0.39,2026-06-30,2019,N20,VIIRS,n,2,273.77,1.52,N,0
23.8321,84.9278,305.58,0.48,0.4,2026-06-30,2019,N20,VIIRS,n,2,288.3,0.99,N,0
24.14811,82.58292,297.39,0.4,0.37,2026-06-30,2019,N20,VIIRS,n,2,267.93,0.49,N,0
24.15144,82.58356,297.8,0.4,0.37,2026-06-30,2019,N20,VIIRS,n,2,268.36,0.49,N,0
24.16127,82.56566,300.74,0.4,0.37,2026-06-30,2019,N20,VIIRS,n,2,263.36,0.68,N,2
24.93049,84.14725,305.88,0.43,0.38,2026-06-30,2019,N20,VIIRS,n,2,281.54,0.68,N,2
25.03351,87.36913,306.36,0.41,0.45,2026-06-30,2019,N20,VIIRS,n,2,288.83,3.44,N,2
20.95231,86.04881,305.05,0.4,0.45,2026-06-30,2020,N20,VIIRS,n,2,283.81,1.11,N,2
20.95306,86.04493,311.83,0.4,0.45,2026-06-30,2020,N20,VIIRS,n,2,283.49,1.54,N,2
20.96771,86.01247,323.43,0.4,0.44,2026-06-30,2020,N20,VIIRS,n,2,282.85,3.64,N,2
20.97026,86.02098,308.12,0.4,0.44,2026-06-30,2020,N20,VIIRS,n,2,282.42,1.43,N,2
21.00246,86.02792,305.48,0.4,0.44,2026-06-30,2020,N20,VIIRS,n,2,281.81,0.6,N,2
21.91897,83.35211,300.18,0.43,0.38,2026-06-30,2020,N20,VIIRS,n,2,268.8,1.05,N,2
21.92243,83.3528,297.78,0.43,0.38,2026-06-30,2020,N20,VIIRS,n,2,269.29,0.92,N,2
21.92633,85.22395,308.86,0.53,0.42,2026-06-30,2020,N20,VIIRS,n,2,282.16,1.71,N,2
21.93011,85.22475,300.99,0.53,0.42,2026-06-30,2020,N20,VIIRS,n,2,280.28,1.2,N,2
22.03869,83.72932,299.96,0.45,0.39,2026-06-30,2020,N20,VIIRS,n,2,263.69,2.13,N,2
22.20716,84.55138,298.58,0.48,0.4,2026-06-30,2020,N20,VIIRS,n,2,277.09,0.84,N,2
22.21379,84.86942,312.31,0.5,0.41,2026-06-30,2020,N20,VIIRS,n,2,285.11,1.55,N,2
